Altitude (km),Total (kg/m3),Neutral Temp. (K),Pressure (Pa),C (kg/m3),N2 (kg/m3),CH3 (kg/m3),C2H4 (kg/m3),He (kg/m3),H (kg/m3),CH4 (kg/m3),C2H6 (kg/m3),Ar (kg/m3),C2H2 (kg/m3),C3H4 (kg/m3),H2 (kg/m3)
0.5,0.1678,164.89880540299438,98040.0,0.0,0.00022562499861916767,0.0,0.0,0.04534444496444534,0.0,0.004617186190515092,0.0,8.575485326592578e-5,0.0,0.0,0.11752698899315447
1.5,0.1633,162.915030801002,94180.0,0.0,0.00021956532076863503,0.0,0.0,0.04412661568809137,0.0,0.004493181044535347,0.0,8.343852172246864e-5,0.0,0.0,0.11437719942488218
2.5,0.1589,160.8890444373618,90430.0,0.0,0.00021363884032472925,0.0,0.0,0.04293555544225779,0.0,0.004371901648052573,0.0,8.117343680989216e-5,0.0,0.0,0.11129773063255503
3.5,0.1545,158.76003377262845,86790.0,0.0,0.00020770615687982003,0.0,0.0,0.04174324856311968,0.0,0.00425049531346122,0.0,7.890679980667363e-5,0.0,0.0,0.1082196431667326
4.5,0.1502,156.59882185966757,83240.0,0.0,0.00020190866694293268,0.0,0.0,0.04057811187621009,0.0,0.00413185557655233,0.0,7.669376070703544e-5,0.0,0.0,0.10521143011958761
5.5,0.146,154.43314676862147,79800.0,0.0,0.00019624681552344022,0.0,0.0,0.03944023481622446,0.0,0.004015991543990257,0.0,7.45431413973251e-5,0.0,0.0,0.10227298368286453
6.5,0.1418,152.22693563405292,76450.0,0.0,0.00019058566961284733,0.0,0.0,0.038302499544204095,0.0,0.003900141948950482,0.0,7.2392790070815e-5,0.0,0.0,0.09933438004716179
7.5,0.1377,149.92411987215618,73200.0,0.0,0.00018506010400800115,0.0,0.0,0.03719201220016076,0.0,0.00378706686701533,0.0,7.029393808647261e-5,0.0,0.0,0.09646556689072944
8.5,0.1336,147.5898316851652,70040.0,0.0,0.00017953520339202383,0.0,0.0,0.036081658500666344,0.0,0.0036740053934012453,0.0,6.8195270012659e-5,0.0,0.0,0.09359660563252774
9.5,0.1296,145.99352648073682,66970.0,0.0,0.00017414570243251724,0.0,0.0,0.034998516423592405,0.0,0.0035637147360880286,0.0,6.613764574365755e-5,0.0,0.0,0.09079748549214339
10.5,0.1256,144.37799210289373,64000.0,0.0,0.00016875691266331718,0.0,0.0,0.03391551727629091,0.0,0.003453438632561326,0.0,6.408081837825954e-5,0.0,0.0,0.08799820636010618
11.5,0.1214,143.1048152119603,61130.0,0.0,0.00016309416473001272,0.0,0.0,0.03277746004158413,0.0,0.003337556253755629,0.0,6.192075918667411e-5,0.0,0.0,0.08505996878074353
12.5,0.1174,141.83627387343444,58360.0,0.0,0.00015770093437792883,0.0,0.0,0.031693568458748385,0.0,0.0032271892782152114,0.0,5.9863600806355546e-5,0.0,0.0,0.08226167772785213
13.5,0.1134,140.52094214996097,55670.0,0.0,0.00015231459694843176,0.0,0.0,0.030611062164558812,0.0,0.0031169633593270915,0.0,5.7809687883257606e-5,0.0,0.0,0.07946185019128242
14.5,0.1097,139.19010394864395,53080.0,0.0,0.00014733266387072404,0.0,0.0,0.029609830068642127,0.0,0.0030150131643166154,0.0,5.590982426026731e-5,0.0,0.0,0.07687191427891027
15.5,0.106,137.97563967738373,50570.0,0.0,0.00014234131674103798,0.0,0.0,0.028614255579049962,0.0,0.0029128703203042247,0.0,5.4006920953308e-5,0.0,0.0,0.07427652586295147
16.5,0.1023,136.7691959597323,48150.0,0.0,0.00013734964706997208,0.0,0.0,0.027619384132412005,0.0,0.002810720875810442,0.0,5.2104419395021e-5,0.0,0.0,0.07168044092531256
17.5,0.09872,135.49103801394162,45810.0,0.0,0.0001325256782309271,0.0,0.0,0.026650502773644513,0.0,0.002712003258332653,0.0,5.025922222584636e-5,0.0,0.0,0.06917470906756605
18.5,0.0949,134.19041498259074,43560.0,0.0,0.00012738147043293258,0.0,0.0,0.02561601854372972,0.0,0.002606732276165775,0.0,4.829250785643195e-5,0.0,0.0,0.06650157520181514
19.5,0.09155,133.01141730178668,41660.0,0.0,0.00012287123833372494,0.0,0.0,0.024709024860133814,0.0,0.002514434962074134,0.0,4.6569196585403827e-5,0.0,0.0,0.06415709974287293
20.5,0.08825,131.81843704259092,39830.0,0.0,0.00011842902997783537,0.0,0.0,0.023815710540297234,0.0,0.0024235296847257503,0.0,4.487257334359928e-5,0.0,0.0,0.06184745817165557
21.5,0.08509,130.56584325314597,38070.0,0.0,0.00011417816782379686,0.0,0.0,0.02296087534806242,0.0,0.0023365401128452945,0.0,4.324954831307429e-5,0.0,0.0,0.059635156822955414
22.5,0.08205,129.27517971822007,36390.0,0.0,0.00011009097623194288,0.0,0.0,0.022138953798147263,0.0,0.0022528998926064437,0.0,4.168960205461106e-5,0.0,0.0,0.05750636573095975
23.5,0.07913,127.97522181707481,34790.0,0.0,0.0001061645326776228,0.0,0.0,0.02134935817991072,0.0,0.002172549217513726,0.0,4.019148240637657e-5,0.0,0.0,0.05546173658749155
24.5,0.07624,126.43223789776036,33040.0,0.0,0.00010227473151437483,0.0,0.0,0.020567131232847462,0.0,0.002092948391697821,0.0,3.870664755369381e-5,0.0,0.0,0.05343893899638665
25.5,0.07256,124.81396187331151,31310.0,0.0,9.731866374967184e-5,0.0,0.0,0.019571914991398952,0.0,0.0019916733909040992,0.0,3.682159326300737e-5,0.0,0.0,0.05086227136068427
26.5,0.07079,123.13432135907591,29660.0,0.0,9.48921117065919e-5,0.0,0.0,0.01909211761099895,0.0,0.0019428483435856268,0.0,3.590728194629171e-5,0.0,0.0,0.049624234651762536
27.5,0.06895,121.41014377691934,28050.0,0.0,9.23724244997209e-5,0.0,0.0,0.018594349745427206,0.0,0.0018920949216431455,0.0,3.4957629533443696e-5,0.0,0.0,0.048336225278896486
28.5,0.06702,119.67876726859026,26490.0,0.0,8.973172665121747e-5,0.0,0.0,0.01807648758294329,0.0,0.0018388204703232596,0.0,3.396198981936563e-5,0.0,0.0,0.04698099823026287
29.5,0.06268,117.94049522014875,24990.0,0.0,8.386902469054192e-5,0.0,0.0,0.016907257724019173,0.0,0.0017194047317935842,0.0,3.174542261020999e-5,0.0,0.0,0.0439377230968865
30.5,0.05911,116.28758099267955,23570.0,0.0,7.904464372759098e-5,0.0,0.0,0.015941668031524157,0.0,0.0016210100996123709,0.0,2.9917631538986385e-5,0.0,0.0,0.041438359593596895
31.5,0.05476,114.71741496249328,22260.0,0.0,7.31859670389243e-5,0.0,0.0,0.014766374309577252,0.0,0.0015013233803540633,0.0,2.7697752840242446e-5,0.0,0.0,0.038391418590189526
32.5,0.05199,113.31104689442287,21010.0,0.0,6.94491121083742e-5,0.0,0.0,0.014018340878454773,0.0,0.0014251011106593968,0.0,2.6277864272523536e-5,0.0,0.0,0.03645083103450494
33.5,0.05034,111.95468878821926,19830.0,0.0,6.72079903831341e-5,0.0,0.0,0.01357248290858881,0.0,0.0013795682885058742,0.0,2.5424786285592106e-5,0.0,0.0,0.03529531602623659
34.5,0.04802,110.89377020601877,18700.0,0.0,6.405469906207423e-5,0.0,0.0,0.01294659401841207,0.0,0.001315486147566854,0.0,2.4229216261526497e-5,0.0,0.0,0.03366963591869748
35.5,0.04508,109.8649528018082,17630.0,0.0,6.0080396963817395e-5,0.0,0.0,0.012153588490454717,0.0,0.001234473281503664,0.0,2.272314365493888e-5,0.0,0.0,0.031609134687422866
36.5,0.04165,109.34317563874383,16620.0,0.0,5.546137575537295e-5,0.0,0.0,0.011228536390437346,0.0,0.0011401173761466541,0.0,2.0970593714868326e-5,0.0,0.0,0.029204914263945756
37.5,0.03784,108.82260550553954,15670.0,0.0,5.034477074355914e-5,0.0,0.0,0.010201095750155261,0.0,0.0010354349812987682,0.0,1.9030893992413032e-5,0.0,0.0,0.026534093603809997
38.5,0.03541,108.7561810094006,14800.0,0.0,4.707441279041327e-5,0.0,0.0,0.009546119440753169,0.0,0.0009685242489807786,0.0,1.778748221773386e-5,0.0,0.0,0.024830494415257903
39.5,0.03404,108.70983234165946,13970.0,0.0,4.521697537180983e-5,0.0,0.0,0.009176912714581978,0.0,0.0009306441755906426,0.0,1.707855009235025e-5,0.0,0.0,0.02387014758436322
40.5,0.03273,109.16892845226138,13200.0,0.0,4.3442507439695706e-5,0.0,0.0,0.00882389252663252,0.0,0.0008943636320926829,0.0,1.6397634828165177e-5,0.0,0.0,0.022951903699006942
41.5,0.03023,109.76908106293384,12470.0,0.0,4.0092409450067054e-5,0.0,0.0,0.008150041981881679,0.0,0.0008255982304184592,0.0,1.5122199812354254e-5,0.0,0.0,0.021199145178437438
42.5,0.02859,110.54196665098542,11780.0,0.0,3.7877645465772455e-5,0.0,0.0,0.007708032462187086,0.0,0.0007803808371777929,0.0,1.4278687905645215e-5,0.0,0.0,0.02004943036726371
43.5,0.02763,111.43395007352215,11120.0,0.0,3.656107266411162e-5,0.0,0.0,0.007449346200460123,0.0,0.0007537576911468933,0.0,1.3775756762426816e-5,0.0,0.0,0.019376559278966442
44.5,0.02491,112.42591072912288,10510.0,0.0,3.292198673019923e-5,0.0,0.0,0.006716125603923047,0.0,0.0006791809309097217,0.0,1.2398678799780095e-5,0.0,0.0,0.017469372799637256
45.5,0.02473,113.57144606360646,9925.0,0.0,3.2643396022494385e-5,0.0,0.0,0.0066677180170652646,0.0,0.0006738914692997616,0.0,1.228771373653142e-5,0.0,0.0,0.01734345940387595
46.5,0.02302,114.80883534517054,9378.0,0.0,3.034587376302628e-5,0.0,0.0,0.0062067938287872606,0.0,0.0006268980597476793,0.0,1.1416754181484301e-5,0.0,0.0,0.01614454548352055
47.5,0.0218,116.22974123977218,8862.0,0.0,2.8694644583419335e-5,0.0,0.0,0.005877993085819504,0.0,0.0005932244581444386,0.0,1.0788804017387594e-5,0.0,0.0,0.015289299007435251
48.5,0.02065,117.63383826905796,8380.0,0.0,2.7140767257440945e-5,0.0,0.0,0.005568049351928257,0.0,0.0005615099320076504,0.0,1.0198286920605586e-5,0.0,0.0,0.01448310166188605
49.5,0.0193,119.06397948838018,7916.0,0.0,2.532824855290659e-5,0.0,0.0,0.00520416378325576,0.0,0.0005244009701998266,0.0,9.511257887902338e-6,0.0,0.0,0.013536595740103607
50.5,0.01817,120.48131850836779,7480.0,0.0,2.380754281536548e-5,0.0,0.0,0.004899588794670557,0.0,0.0004933060925654626,0.0,8.934485221822689e-6,0.0,0.0,0.012744363084726791
51.5,0.01744,121.89567770143418,7065.0,0.0,2.2809268290663816e-5,0.0,0.0,0.004702877452117631,0.0,0.0004730638163156253,0.0,8.553964838462822e-6,0.0,0.0,0.01223269549843762
52.5,0.01628,123.3064157430572,6674.0,0.0,2.1253307296552917e-5,0.0,0.0,0.00439019704456776,0.0,0.00044120490367265743,0.0,7.96497726195794e-6,0.0,0.0,0.01141937976720107
53.5,0.01537,124.7078770793028,6307.0,0.0,2.0028961734915212e-5,0.0,0.0,0.0041449167909307656,0.0,0.0004161740639677146,0.0,7.50102006599449e-6,0.0,0.0,0.01078137916330061
54.5,0.01489,126.13504904022889,5954.0,0.0,1.936766453578399e-5,0.0,0.0,0.004015588451057637,0.0,0.00040281346852186423,0.0,7.248323758914833e-6,0.0,0.0,0.010444982092125799
55.5,0.01402,127.40428998396058,5621.0,0.0,1.8201544931894256e-5,0.0,0.0,0.0037809060627384573,0.0,0.0003789180880915974,0.0,6.806438986256318e-6,0.0,0.0,0.009835167865251794
56.5,0.01318,128.50495548053647,5303.0,0.0,1.707729545149559e-5,0.0,0.0,0.0035541368126115204,0.0,0.00035585412200037656,0.0,6.380029202227291e-6,0.0,0.0,0.00924655174073438
57.5,0.0121,129.57538727532423,5011.0,0.0,1.5647898004243307e-5,0.0,0.0,0.003262689476489031,0.0,0.0003263723185124385,0.0,5.840669910480735e-6,0.0,0.0,0.008489449637083807
58.5,0.0112,130.61821224858974,4742.0,0.0,1.4456963400371655e-5,0.0,0.0,0.0030198178655499643,0.0,0.00030180634318756496,0.0,5.391344151306748e-6,0.0,0.0,0.007858527483710792
59.5,0.01029,131.64184338692442,4492.0,0.0,1.3257992775281087e-5,0.0,0.0,0.0027742842150268524,0.0,0.0002770229694122957,0.0,4.9399003381454975e-6,0.0,0.0,0.007220494922447427
60.5,0.009602,132.6396424976684,4261.0,0.0,1.2349447790274155e-5,0.0,0.0,0.0025886348672994218,0.0,0.0002582631845296498,0.0,4.597460021079232e-6,0.0,0.0,0.006738155040359576
61.5,0.008991,133.48212204437942,4045.0,0.0,1.1542245736058991e-5,0.0,0.0,0.002423735769475404,0.0,0.0002415900383912994,0.0,4.293140632950363e-6,0.0,0.0,0.0063098388057642885
62.5,0.008408,134.28473455724762,3843.0,0.0,1.0773985916430343e-5,0.0,0.0,0.002266405053154427,0.0,0.00022570105458828964,0.0,4.003846560122086e-6,0.0,0.0,0.005901116059780731
63.5,0.007897,135.0748541280698,3654.0,0.0,1.0100889834154289e-5,0.0,0.0,0.002128506620926328,0.0,0.000211777375572121,0.0,3.750445453019483e-6,0.0,0.0,0.005542864668214377
64.5,0.007635,135.8708149787116,3473.0,0.0,9.747977201547127e-6,0.0,0.0,0.0020577361935085075,0.0,0.00020455017568833902,0.0,3.6162390156280546e-6,0.0,0.0,0.005359349414585979
65.5,0.007264,136.67136043655037,3300.0,0.0,9.25730743664858e-6,0.0,0.0,0.0019576005383033454,0.0,0.00019441849113551685,0.0,3.431188054339812e-6,0.0,0.0,0.005099292475070148
66.5,0.006892,137.47499219831647,3135.0,0.0,8.767068908637388e-6,0.0,0.0,0.0018572097383071347,0.0,0.0001842791700451557,0.0,3.246609014865805e-6,0.0,0.0,0.004838497413724207
67.5,0.006399,138.15393971189042,2981.0,0.0,8.12348814580718e-6,0.0,0.0,0.0017242555657020337,0.0,0.00017092010203837888,0.0,3.0056206774131086e-6,0.0,0.0,0.004492695223436367
68.5,0.006019,138.81304192750912,2838.0,0.0,7.625954357616798e-6,0.0,0.0,0.0016217671904159602,0.0,0.00016060733360033627,0.0,2.8191026516119735e-6,0.0,0.0,0.004226180418974474
69.5,0.005593,139.47144833759563,2702.0,0.0,7.072207364172827e-6,0.0,0.0,0.0015068972343643063,0.0,0.00014908923644952045,0.0,2.6121441526359524e-6,0.0,0.0,0.003927329177669365
70.5,0.005345,140.11692142502886,2575.0,0.0,6.745514112398723e-6,0.0,0.0,0.0014399972305863672,0.0,0.00014233714182095646,0.0,2.489373326095227e-6,0.0,0.0,0.003753430740154182
71.5,0.005118,140.75676426881083,2455.0,0.0,6.4466210398066236e-6,0.0,0.0,0.0013787628089659077,0.0,0.00013615814164443145,0.0,2.377076415374624e-6,0.0,0.0,0.00359425535193448
72.5,0.0049,141.40966401764652,2338.0,0.0,6.159882768716512e-6,0.0,0.0,0.0013199579574303237,0.0,0.00013022719835327807,0.0,2.269395372965404e-6,0.0,0.0,0.0034413855660747165
73.5,0.004668,141.9594019686204,2227.0,0.0,5.856283296793153e-6,0.0,0.0,0.0012573888234000922,0.0,0.0001239275577335846,0.0,2.155460323670357e-6,0.0,0.0,0.0032786718752458597
74.5,0.00444,142.51057797118963,2121.0,0.0,5.558872698363004e-6,0.0,0.0,0.0011959041219110735,0.0,0.00011774709328360112,0.0,2.0440137999519973e-6,0.0,0.0,0.0031187458983070104
75.5,0.004219,143.05641402319623,2021.0,0.0,5.271502187456453e-6,0.0,0.0,0.001136312512365549,0.0,0.00011176645182234236,0.0,1.9364875223546547e-6,0.0,0.0,0.0029637130461022967
76.5,0.003924,143.60057610200923,1926.0,0.0,4.893027404444603e-6,0.0,0.0,0.0010567985073601117,0.0,0.00010384056893849385,0.0,1.7957358588402574e-6,0.0,0.0,0.00275667216043811
77.5,0.003662,144.12299574519295,1839.0,0.0,4.557490429045887e-6,0.0,0.0,0.0009861828492547936,0.0,9.680795338632718e-5,0.0,1.6710585590752207e-6,0.0,0.0,0.002572780648370758
78.5,0.003467,144.63928434528182,1756.0,0.0,4.306302136973639e-6,0.0,0.0,0.0009336124597095332,0.0,9.155767064588882e-5,0.0,1.5774907075457687e-6,0.0,0.0,0.002435946076800059
79.5,0.003263,145.0879359136228,1678.0,0.0,4.04347870201366e-6,0.0,0.0,0.0008785788627324213,0.0,8.606812964791343e-5,0.0,1.479680277330088e-6,0.0,0.0,0.002292829848640321
80.5,0.003068,145.53329152421955,1604.0,0.0,3.793047534547149e-6,0.0,0.0,0.0008259813608846524,0.0,8.082929811740015e-5,0.0,1.3866112718344055e-6,0.0,0.0,0.002156009682191566
81.5,0.002888,145.96746962216727,1535.0,0.0,3.5624613891664375e-6,0.0,0.0,0.0007774357293513012,0.0,7.599965554403648e-5,0.0,1.3010126627539547e-6,0.0,0.0,0.0020297011410527425
82.5,0.002741,146.40143399335884,1469.0,0.0,3.3735140121957544e-6,0.0,0.0,0.0007377831929624586,0.0,7.204845546362162e-5,0.0,1.2307759650500002e-6,0.0,0.0,0.0019265640615966737
83.5,0.00258,146.820222967094,1408.0,0.0,3.168457777167541e-6,0.0,0.0,0.0006943740536122611,0.0,6.774136912739612e-5,0.0,1.1548477967473728e-6,0.0,0.0,0.0018135612716864275
84.5,0.002449,147.24291272938285,1349.0,0.0,3.0009786900431387e-6,0.0,0.0,0.0006590466693105606,0.0,6.422988839931353e-5,0.0,1.0927383030623743e-6,0.0,0.0,0.00172162972529702
85.5,0.002332,147.65393788369175,1294.0,0.0,2.851509930680177e-6,0.0,0.0,0.0006274957594101128,0.0,6.109482618279367e-5,0.0,1.0373283830039552e-6,0.0,0.0,0.0016395205760934093
86.5,0.002221,148.07319564383855,1241.0,0.0,2.709543906132066e-6,0.0,0.0,0.0005975887934961502,0.0,5.81173187877827e-5,0.0,9.84656432491089e-7,0.0,0.0,0.0015615996873774437
87.5,0.002113,148.4888637338232,1191.0,0.0,2.571752780022507e-6,0.0,0.0,0.0005685054342306587,0.0,5.5223317717370855e-5,0.0,9.335797921618865e-7,0.0,0.0,0.001485765915479786
88.5,0.002017,148.90466008663063,1143.0,0.0,2.4491611834038976e-6,0.0,0.0,0.0005426530259098197,0.0,5.264955359038529e-5,0.0,8.88123053708629e-7,0.0,0.0,0.0014183601362626824
89.5,0.001929,149.31985299368716,1097.0,0.0,2.3368288173066264e-6,0.0,0.0,0.0005189550821375064,0.0,5.02906873462434e-5,0.0,8.46480394139489e-7,0.0,0.0,0.001356570921304804
90.5,0.001846,149.7240238168513,1054.0,0.0,2.2311899296268003e-6,0.0,0.0,0.0004966048139875724,0.0,4.8069292239569834e-5,0.0,8.073709853039729e-7,0.0,0.0,0.0012982873328579272
91.5,0.001764,150.13503899785246,1012.0,0.0,2.1271436148377405e-6,0.0,0.0,0.00047452507102590407,0.0,4.587821177950978e-5,0.0,7.689043610841726e-7,0.0,0.0,0.0012407006692186642
92.5,0.001689,150.54890089682445,971.4,0.0,2.031955876271977e-6,0.0,0.0,0.0004543300185291043,0.0,4.387384930140054e-5,0.0,7.337118039616347e-7,0.0,0.0,0.0011880304644892614
93.5,0.00162,150.95657297944103,933.0,0.0,1.944469639568831e-6,0.0,0.0,0.0004357508635645155,0.0,4.2030758124396596e-5,0.0,7.013827245362787e-7,0.0,0.0,0.0011395725259469827
94.5,0.001553,151.39541163247415,896.2,0.0,1.8594215848433914e-6,0.0,0.0,0.00041771617907336426,0.0,4.0239335980904765e-5,0.0,6.699096942376773e-7,0.0,0.0,0.0010925151536666498
95.5,0.001489,151.83746628434736,860.9,0.0,1.7783321800785626e-6,0.0,0.0,0.0004004900594197456,0.0,3.8529731096460976e-5,0.0,6.399255242227039e-7,0.0,0.0,0.0010475619517794923
96.5,0.001435,152.28072368097077,826.9,0.0,1.7095384763216348e-6,0.0,0.0,0.00038595447805115073,0.0,3.7082884779041836e-5,0.0,6.144296382201999e-7,0.0,0.0,0.0010096386690552656
97.5,0.001383,152.7231886089541,794.3,0.0,1.6434627752631123e-6,0.0,0.0,0.00037195765324621544,0.0,3.5691527115872836e-5,0.0,5.899712047640284e-7,0.0,0.0,0.0009731173856578843
98.5,0.001333,153.16832449220976,762.8,0.0,1.5800540770470583e-6,0.0,0.0,0.0003584994543490019,0.0,3.4355076394693935e-5,0.0,5.665228196580942e-7,0.0,0.0,0.000937998892359599
99.5,0.001284,153.61419941589102,732.5,0.0,1.5181304389135593e-6,0.0,0.0,0.0003453109537111553,0.0,3.304780488216527e-5,0.0,5.436610085808566e-7,0.0,0.0,0.0009035794499591849
100.5,0.001241,154.0648229886527,703.1,0.0,1.4635460425493496e-6,0.0,0.0,0.00033373666962442693,0.0,3.1897743520066014e-5,0.0,5.234720806095194e-7,0.0,0.0,0.0008733785687323481
101.5,0.0012,154.51946662515408,675.0,0.0,1.411531383878881e-6,0.0,0.0,0.00032270015820593114,0.0,3.080127577492149e-5,0.0,5.042355748393174e-7,0.0,0.0,0.0008445827990604291
102.5,0.001159,154.9993202034203,647.6,0.0,1.3595256688158179e-6,0.0,0.0,0.00031166190344381474,0.0,2.970427820230306e-5,0.0,4.849911826817705e-7,0.0,0.0,0.0008157893015023848
103.5,0.001121,155.48126577393293,621.2,0.0,1.3112907042600406e-6,0.0,0.0,0.0003014311528696169,0.0,2.868708449692921e-5,0.0,4.6713918671965825e-7,0.0,0.0,0.0007891033327424743
104.5,0.00108,155.96663632136705,595.7,0.0,1.2597892017312938e-6,0.0,0.0,0.0002903944792794265,0.0,2.759593414442026e-5,0.0,4.481690157327778e-7,0.0,0.0,0.0007603016283586891
105.5,0.001039,156.45498228076602,571.1,0.0,1.2085452625973349e-6,0.0,0.0,0.0002793586227747495,0.0,2.65077800636639e-5,0.0,4.293384629306814e-7,0.0,0.0,0.0007314957134360585
106.5,0.0009972,156.94366410742361,547.5,0.0,1.1566501284147304e-6,0.0,0.0,0.00026810856540217953,0.0,2.540247636221958e-5,0.0,4.1032823284683394e-7,0.0,0.0,0.0007021219798743393
107.5,0.0009541,157.43179971675173,524.9,0.0,1.103538123857801e-6,0.0,0.0,0.0002565099320164712,0.0,2.4267462327095976e-5,0.0,3.9093983234223837e-7,0.0,0.0,0.000671828127700233
108.5,0.0009128,157.91813664916845,503.2,0.0,1.0527807977389198e-6,0.0,0.0,0.0002453962621828881,0.0,2.3181470355419805e-5,0.0,3.724369220157809e-7,0.0,0.0,0.0006427970497419374
109.5,0.0008769,158.3465868870234,482.4,0.0,1.0083609717957023e-6,0.0,0.0,0.00023573780136565853,0.0,2.223482076727491e-5,0.0,3.5622284710279793e-7,0.0,0.0,0.000617562794048168
110.5,0.0008429,158.77415441031948,462.5,0.0,9.663807725307001e-7,0.0,0.0,0.00022659068354579544,0.0,2.1339252389237043e-5,0.0,3.409151065409868e-7,0.0,0.0,0.000593662768185896
111.5,0.0008108,159.2044899648619,443.3,0.0,9.26795300145707e-7,0.0,0.0,0.00021795480637292513,0.0,2.0494249902977385e-5,0.0,3.264901450649067e-7,0.0,0.0,0.0005710976582788867
112.5,0.0007809,159.6371442325064,424.8,0.0,8.899309445097521e-7,0.0,0.0,0.00020991077852511027,0.0,1.970720908757019e-5,0.0,3.1305998123552927e-7,0.0,0.0,0.0005500790214615741
113.5,0.0007521,160.06910166404225,407.1,0.0,8.545340021126041e-7,0.0,0.0,0.00020216291705594456,0.0,1.8950373580695414e-5,0.0,3.0018333469881304e-7,0.0,0.0,0.0005298319920265486
114.5,0.0007217,160.50203470887217,390.1,0.0,8.17523695204303e-7,0.0,0.0,0.0001939854402645394,0.0,1.8155565814276862e-5,0.0,2.86775585539135e-7,0.0,0.0,0.0005084546946404403
115.5,0.0006915,160.92695401772147,373.7,0.0,7.809339267695824e-7,0.0,0.0,0.0001858619700307791,0.0,1.7367979994867572e-5,0.0,2.7354903491005845e-7,0.0,0.0,0.0004872155670126737
116.5,0.0006626,161.23633532032235,358.0,0.0,7.459817553490184e-7,0.0,0.0,0.00017808639823298933,0.0,1.6614657803075337e-5,0.0,2.6092467102449025e-7,0.0,0.0,0.0004668920375375618
117.5,0.0006352,161.5469692526279,342.9,0.0,7.129128528240759e-7,0.0,0.0,0.00017071459733178934,0.0,1.590121677874307e-5,0.0,2.4899283996573904e-7,0.0,0.0,0.0004476222801966779
118.5,0.000609,161.856218438189,328.5,0.0,6.813941643675774e-7,0.0,0.0,0.00016366595766042515,0.0,1.522019549687424e-5,0.0,2.3763758879568908e-7,0.0,0.0,0.0004291948150895373
119.5,0.0005836,162.16557583647534,314.7,0.0,6.509551269314956e-7,0.0,0.0,0.00015683290778201512,0.0,1.4561328505096272e-5,0.0,2.2669078715183288e-7,0.0,0.0,0.00041132811779880525
120.5,0.0005584,162.4744485080545,301.5,0.0,6.209232153626937e-7,0.0,0.0,0.00015005420114752734,0.0,1.3909611119542383e-5,0.0,2.1591747906958514e-7,0.0,0.0,0.000393599347038498
121.5,0.0005343,162.7846606286094,288.8,0.0,5.922819758201916e-7,0.0,0.0,0.0001435716324875633,0.0,1.3287261107278829e-5,0.0,2.0565665118148033e-7,0.0,0.0,0.00037664316777815624
122.5,0.0005105,163.055159602402,276.7,0.0,5.640972057878097e-7,0.0,0.0,0.00013717132565422945,0.0,1.2673984428801789e-5,0.0,1.955761376979925e-7,0.0,0.0,0.0003598950165734829
123.5,0.0004861,163.2362984798884,265.2,0.0,5.353165755689325e-7,0.0,0.0,0.00013061260408258726,0.0,1.2046921333331377e-5,0.0,1.8530172811171252e-7,0.0,0.0,0.0003427198562804007
124.5,0.0004628,163.41706727215504,254.2,0.0,5.079351328247234e-7,0.0,0.0,0.00012434967856433108,0.0,1.1449284738448917e-5,0.0,1.7554372483150454e-7,0.0,0.0,0.0003263175578395637
125.5,0.000441,163.59882144875368,243.6,0.0,4.823644199425873e-7,0.0,0.0,0.00011848999089751253,0.0,1.089065324211943e-5,0.0,1.6643966360174438e-7,0.0,0.0,0.0003109705517768237
126.5,0.0004208,163.77586243743738,233.7,0.0,4.587461904395544e-7,0.0,0.0,0.00011306045736455483,0.0,1.0373882442731631e-5,0.0,1.5804347731532365e-7,0.0,0.0,0.00029674887052495865
127.5,0.0004016,163.9548516630472,224.1,0.0,4.3634963568039754e-7,0.0,0.0,0.00010789976750359999,0.0,9.88328345923151e-6,0.0,1.50090709613741e-7,0.0,0.0,0.0002832305086918744
128.5,0.0003837,164.13174355067753,215.0,0.0,4.1552188528265496e-7,0.0,0.0,0.00010308855571087073,0.0,9.426492846537308e-6,0.0,1.4270402049031902e-7,0.0,0.0,0.000270626725536819
129.5,0.0003677,164.30800499000554,206.3,0.0,3.9688255427012923e-7,0.0,0.0,9.878798422721342e-5,0.0,9.017899618206794e-6,0.0,1.3609113644153314e-7,0.0,0.0,0.0002593611424638681
130.5,0.0003524,164.43579981838528,198.0,0.0,3.7912085215890485e-7,0.0,0.0,9.467209564244541e-5,0.0,8.62791817866101e-6,0.0,1.2979802076572573e-7,0.0,0.0,0.00024859106730596895
131.5,0.0003377,164.51149594676514,190.0,0.0,3.6210839426582816e-7,0.0,0.0,9.071405136448149e-5,0.0,8.253856572169276e-6,0.0,1.2377728054832031e-7,0.0,0.0,0.00023824620638853515
132.5,0.0003235,164.58742596003034,182.3,0.0,3.4573480385481233e-7,0.0,0.0,8.689104556442954e-5,0.0,7.893207810127547e-6,0.0,1.1799273413459572e-7,0.0,0.0,0.00022825201908745354
133.5,0.0003098,164.662433364039,175.0,0.0,3.300114058791686e-7,0.0,0.0,8.320316803239675e-5,0.0,7.546109242300102e-6,0.0,1.1244996397184925e-7,0.0,0.0,0.00021860826135545214
134.5,0.0002967,164.7384496752797,167.9,0.0,3.1501021905806317e-7,0.0,0.0,7.967702200231485e-5,0.0,7.21459037753285e-6,0.0,1.071677341792329e-7,0.0,0.0,0.00020938620966691495
135.5,0.0002846,164.81319099867744,161.2,0.0,3.0117968036835e-7,0.0,0.0,7.642020828600996e-5,0.0,6.90866253896012e-6,0.0,1.0230237089694459e-7,0.0,0.0,0.0002008676471237646
136.5,0.000273,164.88873132968362,154.7,0.0,2.879532009346962e-7,0.0,0.0,7.329818945000075e-5,0.0,6.615745365856467e-6,0.0,9.765518416104602e-8,0.0,0.0,0.00019270045679904702
137.5,0.0002619,164.96380313975024,148.5,0.0,2.7534176265357657e-7,0.0,0.0,7.031105248511628e-5,0.0,6.335971972643068e-6,0.0,9.323159235833348e-8,0.0,0.0,0.00018488440218722874
138.5,0.0002497,165.01927447553362,142.6,0.0,2.6166530044044166e-7,0.0,0.0,6.70295877181258e-5,0.0,6.030671056822006e-6,0.0,8.846316852490627e-8,0.0,0.0,0.00017628961275608683
139.5,0.0002375,165.05703976918448,136.9,0.0,2.480701604830708e-7,0.0,0.0,6.374897544703414e-5,0.0,5.726334118756681e-6,0.0,8.373627899769535e-8,0.0,0.0,0.00016769288399472843
140.5,0.0002259,165.09429690469074,131.5,0.0,2.3519575941889872e-7,0.0,0.0,6.0630045104175874e-5,0.0,5.4375731121855e-6,0.0,7.926847527481676e-8,0.0,0.0,0.00015951791754894494
141.5,0.0002155,165.13091662803197,126.4,0.0,2.2365918865398545e-7,0.0,0.0,5.7833784048076877e-5,0.0,5.178742421612987e-6,0.0,7.526638886608831e-8,0.0,0.0,0.00015218854795279006
142.5,0.0002065,165.16675789885687,121.6,0.0,2.1365590795905207e-7,0.0,0.0,5.54137855661265e-5,0.0,4.954505831828994e-6,0.0,7.179373010193336e-8,0.0,0.0,0.00014584625896398354
143.5,0.0001979,165.20325054091026,116.9,0.0,2.041134148512053e-7,0.0,0.0,5.310143822149112e-5,0.0,4.7404179337734555e-6,0.0,6.848394290314308e-8,0.0,0.0,0.0001397855464869811
144.5,0.0001897,165.23959212277697,112.4,0.0,1.9504266294563523e-7,0.0,0.0,5.089682153202767e-5,0.0,4.5366117922812085e-6,0.0,6.534240736004488e-8,0.0,0.0,0.00013400618160538545
145.5,0.0001822,165.2757043711267,108.1,0.0,1.867479133616182e-7,0.0,0.0,4.888039885476747e-5,0.0,4.350213057530303e-6,0.0,6.247031394745584e-8,0.0,0.0,0.00012872016986039314
146.5,0.0001749,165.30382817535096,104.0,0.0,1.7871967360590898e-7,0.0,0.0,4.6917817947600105e-5,0.0,4.169322635343961e-6,0.0,5.969719739191048e-8,0.0,0.0,0.0001235744425460581
147.5,0.000168,165.31600705630794,99.97,0.0,1.7115006862367973e-7,0.0,0.0,4.5062404295889196e-5,0.0,3.998563055046463e-6,0.0,5.7084769519112705e-8,0.0,0.0,0.00011871079781092155
148.5,0.000161,165.32794924380354,96.17,0.0,1.6353263372488424e-7,0.0,0.0,4.3180616084823074e-5,0.0,3.826068284419961e-6,0.0,5.4465514057117784e-8,0.0,0.0,0.00011377531748297496
149.5,0.0001542,165.3398729226848,92.52,0.0,1.5616210388602288e-7,0.0,0.0,4.135283064354094e-5,0.0,3.6588481680474794e-6,0.0,5.193591636305245e-8,0.0,0.0,0.00010898022316816252
150.5,0.0001476,165.35179151471002,89.01,0.0,1.490358922590167e-7,0.0,0.0,3.957902763995415e-5,0.0,3.4968724763275947e-6,0.0,4.94946500195675e-8,0.0,0.0,0.00010432556934143968
151.5,0.0001416,165.36364951667306,85.65,0.0,1.425566600240158e-7,0.0,0.0,3.796645863795556e-5,0.0,3.3496040112407936e-6,0.0,4.727519313120071e-8,0.0,0.0,0.00010009410549764843
152.5,0.0001361,165.3754209154329,82.44,0.0,1.366191074011052e-7,0.0,0.0,3.648827289043121e-5,0.0,3.2146221061452903e-6,0.0,4.5241833553428324e-8,0.0,0.0,9.621524406246896e-5
153.5,0.0001309,165.38723233614556,79.34,0.0,1.3101398899917356e-7,0.0,0.0,3.5090778130956226e-5,0.0,3.087100462756352e-6,0.0,4.332387359605554e-8,0.0,0.0,9.254778354369222e-5
154.5,0.0001258,165.39898955856486,76.37,0.0,1.255420417539759e-7,0.0,0.0,3.372036924513065e-5,0.0,2.9623343188042436e-6,0.0,4.1455532192308223e-8,0.0,0.0,8.89502988621188e-5
155.5,0.0001211,165.4,73.51,0.0,1.205107707552915e-7,0.0,0.0,3.245767501767981e-5,0.0,2.847476900836832e-6,0.0,3.974099176951453e-8,0.0,0.0,8.563459631895854e-5
156.5,0.0001166,165.4,70.77,0.0,1.1570798071221771e-7,0.0,0.0,3.124883713782367e-5,0.0,2.7376769336855962e-6,0.0,3.81067427532513e-8,0.0,0.0,8.245967120502528e-5
157.5,0.0001122,165.4,68.12,0.0,1.11028616684305e-7,0.0,0.0,3.006699352440507e-5,0.0,2.630516849062079e-6,0.0,3.6517112311311036e-8,0.0,0.0,7.935494389753722e-5
158.5,0.000108,165.4,65.58,0.0,1.065732884395598e-7,0.0,0.0,2.8938956909517756e-5,0.0,2.5283621187817413e-6,0.0,3.5005423222866995e-8,0.0,0.0,7.639110226003806e-5
159.5,0.0001041,165.4,63.13,0.0,1.024366716990945e-7,0.0,0.0,2.789148979997695e-5,0.0,2.4335051217819168e-6,0.0,3.360212672287805e-8,0.0,0.0,7.363896627981917e-5
160.5,0.0001003,165.4,60.77,0.0,9.84203588789449e-8,0.0,0.0,2.6870993580211113e-5,0.0,2.3412513140965682e-6,0.0,3.224186905983288e-8,0.0,0.0,7.095709287775352e-5
161.5,9.658e-5,165.4,58.5,0.0,9.450427089870485e-8,0.0,0.0,2.5872107218870486e-5,0.0,2.2511287940547323e-6,0.0,3.0917980567713695e-8,0.0,0.0,6.833134173560836e-5
162.5,9.279e-5,165.4,56.31,0.0,9.054049718474607e-8,0.0,0.0,2.485463954390416e-5,0.0,2.159627800332074e-6,0.0,2.9581874513102777e-8,0.0,0.0,6.565561028406591e-5
163.5,8.911e-5,165.4,54.2,0.0,8.670926990287097e-8,0.0,0.0,2.3866694340300606e-5,0.0,2.0709738261372404e-6,0.0,2.829209578590277e-8,0.0,0.0,6.305733046787338e-5
164.5,8.557e-5,165.4,52.18,0.0,8.304126371284188e-8,0.0,0.0,2.2916282897384238e-5,0.0,1.9858780084577465e-6,0.0,2.7058607674597e-8,0.0,0.0,6.055773922277057e-5
165.5,8.245e-5,165.4,50.22,0.0,7.979708610564872e-8,0.0,0.0,2.2078509067359235e-5,0.0,1.9107311710633194e-6,0.0,2.596604009127547e-8,0.0,0.0,5.8354996635380524e-5
166.5,7.995e-5,165.4,48.33,0.0,7.716786136308524e-8,0.0,0.0,2.140690469704063e-5,0.0,1.8501376597546591e-6,0.0,2.5076169037325843e-8,0.0,0.0,5.6590713612804304e-5
167.5,7.753e-5,165.4,46.51,0.0,7.462917285649177e-8,0.0,0.0,2.0756850571618942e-5,0.0,1.7915609249063069e-6,0.0,2.421804102971305e-8,0.0,0.0,5.488274128958855e-5
168.5,7.519e-5,165.4,44.76,0.0,7.218064379290356e-8,0.0,0.0,2.012834346880566e-5,0.0,1.7349965130553386e-6,0.0,2.3391458290896447e-8,0.0,0.0,5.32310879160552e-5
169.5,7.27e-5,165.4,43.04,0.0,6.959712418175655e-8,0.0,0.0,1.9459767887550168e-5,0.0,1.6750820939931866e-6,0.0,2.252273437184909e-8,0.0,0.0,5.147303015990303e-5
170.5,7.023e-5,165.4,41.38,0.0,6.704574390014165e-8,0.0,0.0,1.879667400358739e-5,0.0,1.6157906586840249e-6,0.0,2.166666296081552e-8,0.0,0.0,4.9728822930867624e-5
171.5,6.786e-5,165.4,39.78,0.0,6.460308888431505e-8,0.0,0.0,1.8160541214985987e-5,0.0,1.558967905071502e-6,0.0,2.084810531867327e-8,0.0,0.0,4.8055039685739524e-5
172.5,6.557e-5,165.4,38.24,0.0,6.2255537234838e-8,0.0,0.0,1.7547176271657416e-5,0.0,1.5042593408151638e-6,0.0,2.0065050348762647e-8,0.0,0.0,4.6436243799943816e-5
173.5,6.34e-5,165.4,36.74,0.0,6.003156052727994e-8,0.0,0.0,1.6965952084388187e-5,0.0,1.452421899709361e-6,0.0,1.9323394086599272e-8,0.0,0.0,4.490227106128857e-5
174.5,6.13e-5,165.4,35.3,0.0,5.788544400724599e-8,0.0,0.0,1.640349385385774e-5,0.0,1.4023308268323174e-6,0.0,1.860866062102604e-8,0.0,0.0,4.341768121468167e-5
175.5,5.927e-5,165.4,33.91,0.0,5.581574207693921e-8,0.0,0.0,1.585979727689734e-5,0.0,1.3539682152297938e-6,0.0,1.792015525381767e-8,0.0,0.0,4.198249861054211e-5
176.5,5.714e-5,165.4,32.57,0.0,5.366245932649347e-8,0.0,0.0,1.5289373325538356e-5,0.0,1.3034520423145668e-6,0.0,1.7206515381554942e-8,0.0,0.0,4.0476305657439026e-5
177.5,5.497e-5,165.4,31.27,0.0,5.148163951653836e-8,0.0,0.0,1.4708275883079631e-5,0.0,1.2521473958601365e-6,0.0,1.6485656037316118e-8,0.0,0.0,3.8941609425506376e-5
178.5,5.289e-5,165.4,30.02,0.0,4.939632159531549e-8,0.0,0.0,1.4151293252130706e-5,0.0,1.2030320264816078e-6,0.0,1.5797163277495218e-8,0.0,0.0,3.747048123651487e-5
179.5,5.089e-5,165.4,28.82,0.0,4.7396854873887337e-8,0.0,0.0,1.3615740666164046e-5,0.0,1.1558731764696926e-6,0.0,1.5137922979575152e-8,0.0,0.0,3.605585137951281e-5
180.5,4.873e-5,165.4,27.67,0.0,4.5262825928710535e-8,0.0,0.0,1.3037275273895987e-5,0.0,1.1052319111493313e-6,0.0,1.4438492721187409e-8,0.0,0.0,3.452779149630478e-5
181.5,4.665e-5,165.4,26.57,0.0,4.321450169018491e-8,0.0,0.0,1.248026248711106e-5,0.0,1.0565504876666656e-6,0.0,1.3768136653364204e-8,0.0,0.0,3.305620438687873e-5
182.5,4.466e-5,165.4,25.51,0.0,4.125959438317028e-8,0.0,0.0,1.1947370862829673e-5,0.0,1.0100355799646797e-6,0.0,1.3129075669659315e-8,0.0,0.0,3.164820488715283e-5
183.5,4.284e-5,165.4,24.49,0.0,3.947129326499484e-8,0.0,0.0,1.1459998854176506e-5,0.0,9.674873880324306e-7,0.0,1.2544485708375679e-8,0.0,0.0,3.0360497978817698e-5
184.5,4.124e-5,165.4,23.52,0.0,3.789548430740963e-8,0.0,0.0,1.1031521253079088e-5,0.0,9.300329849895007e-7,0.0,1.2028914515469645e-8,0.0,0.0,2.922852136310853e-5
185.5,3.97e-5,165.4,22.58,0.0,3.638190765124714e-8,0.0,0.0,1.0619124137330777e-5,0.0,8.940222683049616e-7,0.0,1.1534187399657466e-8,0.0,0.0,2.8138937499313356e-5
186.5,3.821e-5,165.4,21.68,0.0,3.492218072715479e-8,0.0,0.0,1.0220136466481067e-5,0.0,8.592403943446274e-7,0.0,1.1057754131049663e-8,0.0,0.0,2.7084643204316103e-5
187.5,3.655e-5,165.4,20.82,0.0,3.3315817268286585e-8,0.0,0.0,9.77572633331869e-6,0.0,8.207504308391331e-7,0.0,1.0536195206535799e-8,0.0,0.0,2.5909671223367353e-5
188.5,3.486e-5,165.4,20.0,0.0,3.169314041765104e-8,0.0,0.0,9.323405808139518e-6,0.0,7.817463458115492e-7,0.0,1.001102336820857e-8,0.0,0.0,2.4713143682263074e-5
189.5,3.325e-5,165.4,19.21,0.0,3.015094813308224e-8,0.0,0.0,8.892509523620685e-6,0.0,7.446344104067498e-7,0.0,9.512452263839531e-9,0.0,0.0,2.3573192665575645e-5
190.5,3.173e-5,165.4,18.45,0.0,2.8697824516157893e-8,0.0,0.0,8.485710258894e-6,0.0,7.096325438718733e-7,0.0,9.043113119027717e-9,0.0,0.0,2.2496916259598948e-5
191.5,3.064e-5,165.4,17.72,0.0,2.7639941119675137e-8,0.0,0.0,8.193930958339021e-6,0.0,6.843277225071176e-7,0.0,8.699284275018555e-9,0.0,0.0,2.172540209375917e-5
192.5,2.959e-5,165.4,17.03,0.0,2.6624473607980436e-8,0.0,0.0,7.912871809020654e-6,0.0,6.59996675597486e-7,0.0,8.369765948565499e-9,0.0,0.0,2.0982137275825317e-5
193.5,2.857e-5,165.4,16.36,0.0,2.5640249126609608e-8,0.0,0.0,7.639850425315188e-6,0.0,6.36388460224248e-7,0.0,8.050724500422711e-9,0.0,0.0,2.026007014083353e-5
194.5,2.754e-5,165.4,15.72,0.0,2.4652350573150016e-8,0.0,0.0,7.3641743685681684e-6,0.0,6.126248588166825e-7,0.0,7.731335128004773e-9,0.0,0.0,1.9530817086913992e-5
195.5,2.643e-5,165.4,15.09,0.0,2.359650247226289e-8,0.0,0.0,7.067119467519774e-6,0.0,5.87125664102881e-7,0.0,7.391195594437773e-9,0.0,0.0,1.874476717031064e-5
196.5,2.537e-5,165.4,14.49,0.0,2.2591589873863152e-8,0.0,0.0,6.783457111842128e-6,0.0,5.628031890193067e-7,0.0,7.067915111311646e-9,0.0,0.0,1.799408019415339e-5
197.5,2.436e-5,165.4,13.91,0.0,2.1635740426589472e-8,0.0,0.0,6.513180628175192e-6,0.0,5.396490769383884e-7,0.0,6.760677061335464e-9,0.0,0.0,1.7278773877398493e-5
198.5,2.341e-5,165.4,13.36,0.0,2.0738535837518824e-8,0.0,0.0,6.258966607339827e-6,0.0,5.178942637682574e-7,0.0,6.4725730588266175e-9,0.0,0.0,1.6605928019995574e-5
199.5,2.253e-5,165.4,12.83,0.0,1.9907479301058242e-8,0.0,0.0,6.023483456373182e-6,0.0,4.977421064698959e-7,0.0,6.205743625184361e-9,0.0,0.0,1.598266121423068e-5
200.5,2.168e-5,165.4,12.32,0.0,1.9106908877956695e-8,0.0,0.0,5.796035855578554e-6,0.0,4.783047788185239e-7,0.0,5.949022408195079e-9,0.0,0.0,1.5380603434316772e-5
201.5,2.086e-5,165.4,11.83,0.0,1.833668690043566e-8,0.0,0.0,5.576623352107557e-6,0.0,4.595805442819252e-7,0.0,5.702343306160721e-9,0.0,0.0,1.4799757073403918e-5
202.5,2.0e-5,165.4,11.36,0.0,1.7535299806246842e-8,0.0,0.0,5.346532617916643e-6,0.0,4.400275368322584e-7,0.0,5.4465762053919e-9,0.0,0.0,1.4190457969239459e-5
203.5,1.916e-5,165.4,10.9,0.0,1.6754892641335928e-8,0.0,0.0,5.1217870414125725e-6,0.0,4.2095641959007556e-7,0.0,5.197824675888208e-9,0.0,0.0,1.3595303821680126e-5
204.5,1.836e-5,165.4,10.47,0.0,1.6015495942357708e-8,0.0,0.0,4.907711812454787e-6,0.0,4.0283337882472087e-7,0.0,4.962614514452453e-9,0.0,0.0,1.302847669826368e-5
205.5,1.759e-5,165.4,10.05,0.0,1.530511308347925e-8,0.0,0.0,4.701670793139248e-6,0.0,3.854069968233401e-7,0.0,4.736833194907953e-9,0.0,0.0,1.2482880263759023e-5
206.5,1.687e-5,165.4,9.653,0.0,1.4642183085052127e-8,0.0,0.0,4.509015728754369e-6,0.0,3.6912981514740844e-7,0.0,4.526336693632878e-9,0.0,0.0,1.1972685936319538e-5
207.5,1.618e-5,165.4,9.271,0.0,1.4008360810214686e-8,0.0,0.0,4.324395593878064e-6,0.0,3.5355073724417166e-7,0.0,4.325306463057442e-9,0.0,0.0,1.1483720001604493e-5
208.5,1.552e-5,165.4,8.904,0.0,1.3403499286994982e-8,0.0,0.0,4.147809650021658e-6,0.0,3.386678096862904e-7,0.0,4.133673169396831e-9,0.0,0.0,1.1015985367835662e-5
209.5,1.491e-5,165.4,8.552,0.0,1.284467898811409e-8,0.0,0.0,3.984602014851762e-6,0.0,3.249148810747101e-7,0.0,3.956674007097123e-9,0.0,0.0,1.0583681751078315e-5
210.5,1.436e-5,165.4,8.213,0.0,1.2340028827814065e-8,0.0,0.0,3.837442446960286e-6,0.0,3.125032236869467e-7,0.0,3.7967399489918205e-9,0.0,0.0,1.019391756057596e-5
211.5,1.383e-5,165.4,7.888,0.0,1.185497791427734e-8,0.0,0.0,3.6956513919719068e-6,0.0,3.0056287953146145e-7,0.0,3.643278132569709e-9,0.0,0.0,9.818287472449785e-6
212.5,1.332e-5,165.4,7.575,0.0,1.1389209703257188e-8,0.0,0.0,3.559241765582528e-6,0.0,2.8909385967329535e-7,0.0,3.496243843119222e-9,0.0,0.0,9.4567789211978e-6
213.5,1.277e-5,165.4,7.275,0.0,1.0891637547512167e-8,0.0,0.0,3.412153944080064e-6,0.0,2.767885605691324e-7,0.0,3.339787268330335e-9,0.0,0.0,9.066826070534962e-6
214.5,1.222e-5,165.4,6.986,0.0,1.0396400293530517e-8,0.0,0.0,3.2650761189599944e-6,0.0,2.645143387283396e-7,0.0,3.1843779675533594e-9,0.0,0.0,8.676828764050583e-6
215.5,1.169e-5,165.4,6.708,0.0,9.920506657166842e-9,0.0,0.0,3.1233521415396286e-6,0.0,2.5270407912512694e-7,0.0,3.035223026681466e-9,0.0,0.0,8.300988049651397e-6
216.5,1.118e-5,165.4,6.442,0.0,9.463953395597723e-9,0.0,0.0,2.986982058157555e-6,0.0,2.4135779539482697e-7,0.0,2.892319221055181e-9,0.0,0.0,7.939303873830966e-6
217.5,1.079e-5,165.4,6.187,0.0,9.110991171233572e-9,0.0,0.0,2.8826813070608644e-6,0.0,2.3262896017573318e-7,0.0,2.7813587164839113e-9,0.0,0.0,7.662797382875683e-6
218.5,1.043e-5,165.4,5.942,0.0,8.784993297831212e-9,0.0,0.0,2.7864024598764e-6,0.0,2.2456868911147995e-7,0.0,2.6788621851758376e-9,0.0,0.0,7.407564995529113e-6
219.5,1.007e-5,165.40903497299865,5.707,0.0,8.460353843979115e-9,0.0,0.0,2.6900948704032424e-6,0.0,2.1652231951035112e-7,1.3736383777260046e-10,2.5770132656047484e-9,0.0,0.0,7.15220807913905e-6
220.5,9.72e-6,165.43420452853601,5.482,0.0,8.145634857156511e-9,0.0,0.0,2.5965046738322145e-6,0.0,2.0870805937542117e-7,1.3524929526401774e-10,2.4784239112386708e-9,0.0,0.0,6.9040279587287044e-6
221.5,9.267e-6,165.45971530018585,5.263,0.0,7.746089479624989e-9,0.0,0.0,2.475406299644785e-6,0.0,1.9870267310041396e-7,1.3156810547613168e-10,2.3542317588911508e-9,0.0,0.0,6.582659137910809e-6
222.5,8.836e-6,165.4853188133882,5.052,0.0,7.366813006080083e-9,0.0,0.0,2.3601925687738946e-6,0.0,1.891949794188431e-7,1.280093329547088e-10,2.236457470438974e-9,0.0,0.0,6.276881171997788e-6
223.5,8.425e-6,165.5107235490139,4.851,0.0,7.0062092820265644e-9,0.0,0.0,2.250329631545292e-6,0.0,1.8014320230832046e-7,1.2452660790103548e-10,2.124624413455554e-9,0.0,0.0,5.985271805843005e-6
224.5,8.061e-6,165.53612788577607,4.658,0.0,6.686384802962043e-9,0.0,0.0,2.153027727524206e-6,0.0,1.721198436471456e-7,1.21559058726386e-10,2.0253892461988953e-9,0.0,0.0,5.727019095720761e-6
225.5,7.771e-6,165.56120753840227,4.475,0.0,6.42958251924202e-9,0.0,0.0,2.0754976992635874e-6,0.0,1.6569931095873335e-7,1.19528144968969e-10,1.9454682093268594e-9,0.0,0.0,5.521308410904141e-6
226.5,7.492e-6,165.58616924435327,4.3,0.0,6.183184227998381e-9,0.0,0.0,2.0009111712354664e-6,0.0,1.5953138015573336e-7,1.1752911253274643e-10,1.8688739853298166e-9,0.0,0.0,5.323387861282939e-6
227.5,7.223e-6,165.60555736903814,4.132,0.0,5.946105792104733e-9,0.0,0.0,1.9289923576970965e-6,0.0,1.5358832711649382e-7,1.1572863855467464e-10,1.7952692353232394e-9,0.0,0.0,5.132562211520426e-6
228.5,6.968e-6,165.61823698761572,3.968,0.0,5.721298012090668e-9,0.0,0.0,1.8608067127555081e-6,0.0,1.4794995240235387e-7,1.142751633017345e-10,1.7255033733311556e-9,0.0,0.0,4.951682258293414e-6
229.5,6.727e-6,165.63104063049974,3.809,0.0,5.508941976469665e-9,0.0,0.0,1.796364884844011e-6,0.0,1.4262247810891455e-7,1.1294956915918036e-10,1.6596215809988306e-9,0.0,0.0,4.780731123920448e-6
230.5,6.494e-6,165.64379043781886,3.657,0.0,5.3042521344624735e-9,0.0,0.0,1.7340654104687465e-6,0.0,1.374805812907847e-7,1.1162253429080868e-10,1.5961977260609386e-9,0.0,0.0,4.615441935845654e-6
231.5,6.27e-6,165.65654609778264,3.511,0.0,5.107918639867157e-9,0.0,0.0,1.674174625631653e-6,0.0,1.3254361740037777e-7,1.1032862873651498e-10,1.5354226116210843e-9,0.0,0.0,4.456528087087745e-6
232.5,6.017e-6,165.66947166442634,3.369,0.0,4.88884020448068e-9,0.0,0.0,1.6065452161001543e-6,0.0,1.270062131959236e-7,1.0842198632872366e-10,1.4679283618117556e-9,0.0,0.0,4.276983380151301e-6
233.5,5.758e-6,165.6823723513626,3.233,0.0,4.666046648552546e-9,0.0,0.0,1.5373202164663708e-6,0.0,1.2135886545087014e-7,1.0624433650492601e-10,1.399471593117843e-9,0.0,0.0,4.093149155504584e-6
234.5,5.511e-6,165.6953224953224,3.102,0.0,4.454048879777108e-9,0.0,0.0,1.4713050204302394e-6,0.0,1.1597987757069159e-7,1.0413596922151405e-10,1.3343941403820154e-9,0.0,0.0,3.917822523009689e-6
235.5,5.274e-6,165.72500564146515,2.976,0.0,4.250743883212564e-9,0.0,0.0,1.4079138719774922e-6,0.0,1.1081747725582223e-7,1.0228485673252054e-10,1.2720260457594753e-9,0.0,0.0,3.7496435959809805e-6
236.5,5.068e-6,165.76347359902613,2.857,0.0,4.073392986649831e-9,0.0,0.0,1.3527824477986084e-6,0.0,1.0631931373397301e-7,1.009600156398257e-10,1.2175620731968916e-9,0.0,0.0,3.603506323391932e-6
237.5,4.874e-6,165.80220224697197,2.742,0.0,3.906536778893489e-9,0.0,0.0,1.300864101884354e-6,0.0,1.0208543336308765e-7,9.975134729756459e-11,1.1663451538517807e-9,0.0,0.0,3.465877831472515e-6
238.5,4.688e-6,165.84079800432573,2.632,0.0,3.747009623670722e-9,0.0,0.0,1.2510917917078082e-6,0.0,9.803268626623954e-8,9.856007750588446e-11,1.1174344757899071e-9,0.0,0.0,3.3339125178489857e-6
239.5,4.508e-6,165.8791747044814,2.527,0.0,3.5931781595925175e-9,0.0,0.0,1.2029314054737623e-6,0.0,9.411875261342631e-8,9.734445054416011e-11,1.0703379427059057e-9,0.0,0.0,3.206188981359969e-6
240.5,4.318e-6,165.9180134189048,2.425,0.0,3.4321053231780683e-9,0.0,0.0,1.1521112114691725e-6,0.0,9.000683506376468e-8,9.579957144139126e-11,1.0211786549457813e-9,0.0,0.0,3.071332869917498e-6
241.5,4.136e-6,165.95649457442178,2.328,0.0,3.278330911461693e-9,0.0,0.0,1.1034368459353457e-6,0.0,8.607566389434363e-8,9.425553240651743e-11,9.743107061302448e-10,0.0,0.0,2.9421405930203118e-6
242.5,3.962e-6,165.9953469811378,2.234,0.0,3.1316220966140427e-9,0.0,0.0,1.056905453621749e-6,0.0,8.232175036179764e-8,9.276806461768181e-11,9.296357357982116e-10,0.0,0.0,2.818618770119424e-6
243.5,3.792e-6,166.04565148769552,2.144,0.0,2.9882465162930663e-9,0.0,0.0,1.0114434867804351e-6,0.0,7.865164315631745e-8,9.14593250908944e-11,8.859737309998605e-10,0.0,0.0,2.6979391904908633e-6
244.5,3.617e-6,166.09668816685868,2.059,0.0,2.841833429447643e-9,0.0,0.0,9.64658830767269e-7,0.0,7.489127823081127e-8,8.985213392012576e-11,8.415259761100779e-10,0.0,0.0,2.5736766794624417e-6
245.5,3.45e-6,166.1479608583956,1.977,0.0,2.7024967059290767e-9,0.0,0.0,9.200173222297288e-7,0.0,7.130854034607553e-8,8.828327685684519e-11,7.992747411650317e-10,0.0,0.0,2.4550840827002443e-6
246.5,3.291e-6,166.19874558555188,1.899,0.0,2.5702909877979272e-9,0.0,0.0,8.775197090794569e-7,0.0,6.790429444959345e-8,8.672495325715238e-11,7.592421957994762e-10,0.0,0.0,2.342159738334095e-6
247.5,3.147e-6,166.24958384112173,1.824,0.0,2.4505190315471077e-9,0.0,0.0,8.390304676671335e-7,0.0,6.482046903341709e-8,8.540497653855319e-11,7.229740161651048e-10,0.0,0.0,2.2398901652751986e-6
248.5,3.025e-6,166.2996748878511,1.753,0.0,2.3486191715090636e-9,0.0,0.0,8.064157841341849e-7,0.0,6.220107761711697e-8,8.450731771178292e-11,6.920725393735175e-10,0.0,0.0,2.153257939220104e-6
249.5,2.908e-6,166.34958899840237,1.685,0.0,2.251189043878178e-9,0.0,0.0,7.751411936587565e-7,0.0,5.969344107350645e-8,8.361830389652673e-11,6.625630998961077e-10,0.0,0.0,2.0701679948200662e-6
250.5,2.795e-6,166.4,1.619,0.0,2.1573322368628407e-9,0.0,0.0,7.44938613332244e-7,0.0,5.7275157527608374e-8,8.274686468295448e-11,6.341665940243517e-10,0.0,0.0,1.9899119834445773e-6
251.5,2.697e-6,166.450059900346,1.556,0.0,2.074850357494216e-9,0.0,0.0,7.187030782352745e-7,0.0,5.5158797109038924e-8,8.239564311715936e-11,6.091544247028276e-10,0.0,0.0,1.920371724230373e-6
252.5,2.614e-6,166.50134460212925,1.494,0.0,2.0042273963725134e-9,0.0,0.0,6.964697338280878e-7,0.0,5.3354113522004054e-8,8.247388379902384e-11,5.876632887718419e-10,0.0,0.0,1.8615017880809647e-6
253.5,2.535e-6,166.5521637692502,1.435,0.0,1.9371719984515262e-9,0.0,0.0,6.753102240942596e-7,0.0,5.163885718306726e-8,8.257514681175534e-11,5.672777740510864e-10,0.0,0.0,1.805463893803359e-6
254.5,2.458e-6,166.6032849324246,1.378,0.0,1.872027474822318e-9,0.0,0.0,6.54689610322473e-7,0.0,4.997026755747419e-8,8.267916854412956e-11,5.47497991553577e-10,0.0,0.0,1.7508379174851327e-6
255.5,2.376e-6,166.6556115548339,1.322,0.0,1.8033598900984204e-9,0.0,0.0,6.327416993477735e-7,0.0,4.8204414884755784e-8,8.259090046760371e-11,5.267230253637316e-10,0.0,0.0,1.6926412119515411e-6
256.5,2.29e-6,166.70821244456332,1.268,0.0,1.73208492201832e-9,0.0,0.0,6.097355248587529e-7,0.0,4.6364087303490564e-8,8.227493077223599e-11,5.052376131633933e-10,0.0,0.0,1.631580790371803e-6
257.5,2.208e-6,166.76102672391409,1.216,0.0,1.6642721031951507e-9,0.0,0.0,5.878015307299269e-7,0.0,4.4611564961968015e-8,8.20040914088857e-11,4.848139380048246e-10,0.0,0.0,1.573355814175496e-6
258.5,2.129e-6,166.8246734507448,1.166,0.0,1.5989080659278472e-9,0.0,0.0,5.666719012393017e-7,1.7341221297737184e-12,4.292204389321341e-8,8.179483656565974e-11,4.6512919500911223e-10,0.0,0.0,1.5172584886478523e-6
259.5,2.049e-6,166.9182213470443,1.118,0.0,1.5326069529482537e-9,0.0,0.0,5.452814677612497e-7,1.8494280079318783e-12,4.120807167086962e-8,8.157912723577491e-11,4.4515815438673713e-10,0.0,0.0,1.4604492669053023e-6
260.5,1.971e-6,167.01379623226757,1.071,0.0,1.4681764207402549e-9,0.0,0.0,5.244286296725516e-7,1.9757848624328197e-12,3.9540248642413135e-8,8.138531674755173e-11,4.2577560885071566e-10,0.0,0.0,1.405053808553834e-6
261.5,1.895e-6,167.10715085246974,1.027,0.0,1.4058703590508785e-9,0.0,0.0,5.04117424612325e-7,2.1045602918817557e-12,3.792272967249889e-8,8.108178933160127e-11,4.070826757880714e-10,0.0,0.0,1.3510637063307136e-6
262.5,1.822e-6,167.20255741528732,0.9839,0.0,1.346139857422275e-9,0.0,0.0,4.84609354606981e-7,2.2468684789400758e-12,3.637080383878905e-8,8.084566769016759e-11,3.891774971573057e-10,0.0,0.0,1.2992014316634813e-6
263.5,1.741e-6,167.29727654913012,0.9429,0.0,1.2810295779679744e-9,0.0,0.0,4.629814433428617e-7,2.3821954673493664e-12,3.466771119533983e-8,8.009170064424085e-11,3.6977860897246e-10,0.0,0.0,1.2416175633787465e-6
264.5,1.661e-6,167.3917703728555,0.9037,0.0,1.2171741719111779e-9,0.0,0.0,4.416273099013307e-7,2.5211001485728532e-12,3.299289038254382e-8,7.92138896105922e-11,3.5080199152217124e-10,0.0,0.0,1.184730088562933e-6
265.5,1.585e-6,167.4865974463376,0.866,0.0,1.156721208043687e-9,0.0,0.0,4.2134384080805386e-7,2.6696253498136824e-12,3.1405118176275603e-8,7.837165124489919e-11,3.328605610001147e-10,0.0,0.0,1.1306804179700323e-6
266.5,1.512e-6,167.59305286346842,0.83,0.0,1.0981369369223857e-9,0.0,0.0,4.0184359378255935e-7,2.7621977709168754e-12,2.986915783343746e-8,7.762030168327102e-11,3.154280888245983e-10,0.0,0.0,1.0787933008588023e-6
267.5,1.432e-6,167.6985879642037,0.7964,0.0,1.0350416050957896e-9,0.0,0.0,3.804915170972228e-7,2.821078050898292e-12,2.8204134286113236e-8,7.626575621398683e-11,2.9676608079675677e-10,0.0,0.0,1.0218934540965064e-6
268.5,1.356e-6,167.80332175053564,0.7644,0.0,9.754393905981249e-10,0.0,0.0,3.602126819451676e-7,2.8790680366928953e-12,2.6627951516815015e-8,7.490105524431905e-11,2.791742199401441e-10,0.0,0.0,9.678269728041982e-7
269.5,1.284e-6,167.90800606092375,0.7337,0.0,9.19247113685639e-10,0.0,0.0,3.4100566268622125e-7,2.938068487064176e-12,2.513922441549209e-8,7.355756286214504e-11,2.6261905470612764e-10,0.0,0.0,9.165967510985456e-7
270.5,1.216e-6,168.01280997352103,0.7042,0.0,8.66413015615477e-10,0.0,0.0,3.228695896628672e-7,2.998969956721507e-12,2.3737096386885174e-8,7.225167065493086e-11,2.470796464874109e-10,0.0,0.0,8.682045706475331e-7
271.5,1.168e-6,168.11416308863497,0.6768,0.0,8.283742536330392e-10,0.0,0.0,3.1005351945406144e-7,3.097072862076777e-12,2.2734555174612525e-8,7.18930800533888e-11,2.358209514458574e-10,0.0,0.0,8.340727400133318e-7
272.5,1.124e-6,168.21538317924345,0.6505,0.0,7.934963225299484e-10,0.0,0.0,2.983048995871738e-7,3.204081046933024e-12,2.1815292319656772e-8,7.166716629168519e-11,2.2549945535883917e-10,0.0,0.0,8.027859410679421e-7
273.5,1.081e-6,168.32255423158298,0.6253,0.0,7.59512686360146e-10,0.0,0.0,2.8682489587088316e-7,3.306096252660606e-12,2.091846755915159e-8,7.140629383004716e-11,2.15454900844846e-10,0.0,0.0,7.722069565926774e-7
274.5,1.04e-6,168.46275108111732,0.601,0.0,7.266079245265307e-10,0.0,0.0,2.7586942705350525e-7,3.3816114841030384e-12,2.0054216252688035e-8,7.126037345259704e-11,2.0568477570222028e-10,0.0,0.0,7.430694220086413e-7
275.5,1.009e-6,168.60689552494034,0.577,0.0,7.008844738049034e-10,0.0,0.0,2.6756967081106965e-7,3.4940645163858465e-12,1.9386007542589478e-8,7.178893309396269e-11,1.979717597365492e-10,0.0,0.0,7.21070182415189e-7
276.5,9.796e-7,168.75077437740683,0.554,0.0,6.765454262563618e-10,0.0,0.0,2.596988407987925e-7,3.612329215138844e-12,1.8753120710801867e-8,7.236629888624175e-11,1.9068226172825507e-10,0.0,0.0,7.002048321743195e-7
277.5,9.509e-7,168.89476501935124,0.5319,0.0,6.529407880898507e-10,0.0,0.0,2.5201785039436836e-7,3.734162380505078e-12,1.8137848116788064e-8,7.293838903552733e-11,1.836297007255672e-10,0.0,0.0,6.79831058448612e-7
278.5,9.223e-7,169.03862826751026,0.5107,0.0,6.296568692412719e-10,0.0,0.0,2.443676964502319e-7,3.856790016001428e-12,1.752873013737184e-8,7.345351975110584e-11,1.766972146144125e-10,0.0,0.0,6.595199090187734e-7
279.5,8.834e-7,169.18642479567805,0.4898,0.0,5.995330905910984e-10,0.0,0.0,2.3399171879937697e-7,3.940512159303424e-12,1.6727065833228877e-8,7.312448834811292e-11,1.6786871066251044e-10,0.0,0.0,6.318367485656331e-7
280.5,8.461e-7,169.33388489030682,0.4698,0.0,5.708304534655025e-10,0.0,0.0,2.2404557558507407e-7,4.025264445962213e-12,1.596142475680242e-8,7.278699769060931e-11,1.594765291954713e-10,0.0,0.0,6.05285880413326e-7
281.5,8.105e-7,169.51200112392226,0.4506,0.0,5.431763673249382e-10,0.0,0.0,2.145378909386766e-7,4.099995017391556e-12,1.52249961313182e-8,7.251950658615247e-11,1.513793319914831e-10,0.0,0.0,5.799659377290854e-7
282.5,7.766e-7,169.71584047894285,0.4321,0.0,5.166648953206375e-10,0.0,0.0,2.054731731408233e-7,4.167868962351262e-12,1.4519707829751627e-8,7.232967842659253e-11,1.4361089798069551e-10,0.0,0.0,5.558703456887348e-7
283.5,7.467e-7,169.91803194173994,0.4145,0.0,4.931815225639849e-10,0.0,0.0,1.9747489311835781e-7,4.249532985305229e-12,1.3895659448892859e-8,7.236715477466037e-11,1.367247822331428e-10,0.0,0.0,5.346229244401923e-7
284.5,7.179e-7,170.1192069740057,0.3977,0.0,4.707487726076397e-10,0.0,0.0,1.8977470680821158e-7,4.331207477572167e-12,1.3297786492693686e-8,7.238495853877783e-11,1.3016594043010123e-10,0.0,0.0,5.141498758200407e-7
285.5,6.903e-7,170.3214131845734,0.3815,0.0,4.493774944407997e-10,0.0,0.0,1.8239779511917781e-7,4.41634003410282e-12,1.2726969454408929e-8,7.242676095269152e-11,1.2393141249000876e-10,0.0,0.0,4.945250834184957e-7
286.5,6.622e-7,170.52308657130516,0.366,0.0,4.27975396461301e-10,0.0,0.0,1.74895406836124e-7,4.491857162400595e-12,1.215214798723861e-8,7.229051662352155e-11,1.1772096131184984e-10,0.0,0.0,4.745299664450783e-7
287.5,6.278e-7,170.72240302329612,0.3513,0.0,4.028501583481231e-10,0.0,0.0,1.6573719457917658e-7,4.512039489004284e-12,1.1467935798722259e-8,7.12759028317456e-11,1.1052403129962925e-10,0.0,0.0,4.5000570749013274e-7
288.5,5.953e-7,170.92951165084804,0.3371,0.0,3.791781295753994e-10,0.0,0.0,1.5708476554039005e-7,4.532412367247355e-12,1.0822346428225132e-8,7.031287619213341e-11,1.0375274713228053e-10,7.357064004200489e-12,0.0,4.268277548021136e-7
289.5,5.646e-7,171.1842420697051,0.3236,0.0,3.5648924578656824e-10,0.0,0.0,1.4890946588276098e-7,4.532898841231073e-12,1.0205077257638103e-8,6.940414649936317e-11,9.72400549255129e-11,7.2740707009995245e-12,0.0,4.049505164428472e-7
290.5,5.351e-7,171.43778165936598,0.3107,0.0,3.349314941762548e-10,0.0,0.0,1.4105879989881946e-7,4.529012818550003e-12,9.61637795613001e-9,6.844528117507748e-11,9.107591299177639e-11,7.1854614528926534e-12,0.0,3.839186549824359e-7
291.5,5.054e-7,171.67701069077242,0.299,0.0,3.1375087018890735e-10,0.0,0.0,1.3316682776299248e-7,4.496166919855559e-12,9.033448696161339e-9,6.71170654368181e-11,8.506629867241878e-11,7.057039981750127e-12,0.0,3.6272223609964635e-7
292.5,4.776e-7,171.91711887473286,0.2877,0.0,2.940553916295666e-10,0.0,0.0,1.257823061127915e-7,4.466724870764887e-12,8.490149826371406e-9,6.585832015737275e-11,7.949175950690454e-11,6.9355551120429795e-12,0.0,3.4287673630956045e-7
293.5,4.515e-7,172.15783624611035,0.2768,0.0,2.7569455992705513e-10,0.0,0.0,1.1885199259356958e-7,4.439714238344842e-12,7.98242887228966e-9,6.465375519231076e-11,7.430846305548077e-11,6.8194134212946496e-12,0.0,3.242396626283062e-7
294.5,4.289e-7,172.39651708146036,0.2664,0.0,2.597539105125836e-10,0.0,0.0,1.1284948132451576e-7,4.432421683285677e-12,7.541874156670298e-9,6.375916741597523e-11,6.980718883458502e-11,6.7355461246740594e-12,0.0,3.0810415628424287e-7
295.5,4.148e-7,172.62768507157557,0.2567,0.0,2.492253410307419e-10,0.0,0.0,1.0908954692656526e-7,4.498126116414324e-12,7.255738386267604e-9,6.393873206166781e-11,6.678797334514647e-11,6.7647196336036914e-12,0.0,2.9806349979497954e-7
296.5,4.011e-7,172.88022462918428,0.2474,0.0,2.389814483294521e-10,0.0,0.0,1.0543327719335274e-7,4.560027582447173e-12,6.977009579104708e-9,6.41142632408688e-11,6.385309627036222e-11,6.7931293262159e-12,0.0,2.8831141126279324e-7
297.5,3.88e-7,173.20148358144814,0.2384,0.0,2.2891055180701155e-10,0.0,0.0,1.019232956546609e-7,4.616548295085392e-12,6.704095143599436e-9,6.437724054242884e-11,6.095398356010486e-11,6.8298508085583185e-12,0.0,2.7900692102672644e-7
298.5,3.715e-7,173.52000338399688,0.2298,0.0,2.1704578109826296e-10,0.0,0.0,9.752569808482803e-8,4.624301763613004e-12,6.37651311584848e-9,6.396160985925747e-11,5.759950753209694e-11,6.794493278215271e-12,0.0,2.672477631057921e-7
299.5,3.445e-7,173.82718982018562,0.2218,0.0,1.9938411973574683e-10,0.0,0.0,9.038106470387329e-8,4.478991679015294e-12,5.875322665659812e-9,6.146639475147188e-11,5.274015375063136e-11,6.537540189171965e-12,0.0,2.4791900543036077e-7
300.5,3.199e-7,174.13350574868466,0.2141,0.0,1.8341524756058837e-10,0.0,0.0,8.387464016630111e-8,4.343650120989078e-12,5.421034009070264e-9,5.914339712350452e-11,4.835859577419892e-11,6.298256064515784e-12,0.0,2.3030276667798483e-7
301.5,2.975e-7,174.43845060323093,0.2067,0.0,1.689840612699799e-10,0.0,0.0,7.795290007109456e-8,4.217860562419215e-12,5.0094740784369864e-9,5.6983987978026336e-11,4.440968883019206e-11,6.075778012046893e-12,0.0,2.142569544738158e-7
302.5,2.788e-7,174.73713177160528,0.1997,0.0,1.569177370971087e-10,0.0,0.0,7.300825944851037e-8,4.1236016985500365e-12,4.665427287714107e-9,5.5286127451488695e-11,4.11080285907558e-11,5.901864716191755e-12,0.0,2.0086297590422141e-7
303.5,2.668e-7,175.01055456991753,0.1935,0.0,1.4890924404543782e-10,0.0,0.0,6.982661855568493e-8,4.101982278674046e-12,4.439217186041401e-9,5.4612610737135586e-11,3.8896934746317313e-11,5.8364090872821636e-12,0.0,1.9228180707737883e-7
304.5,2.554e-7,175.27900759959985,0.1876,0.0,1.4137710602088254e-10,0.0,0.0,6.680608875160881e-8,4.07893361296741e-12,4.225790727754467e-9,5.393376694964011e-11,3.682432807484515e-11,5.770115793930654e-12,0.0,1.8412613627018446e-7
305.5,2.445e-7,175.60079814351212,0.1819,0.0,1.340855109637805e-10,0.0,0.0,6.391560687775048e-8,4.053158633943453e-12,4.019471399088092e-9,5.328502506125719e-11,3.481456268973774e-11,5.706138859511132e-12,0.0,1.7633297732695323e-7
306.5,2.349e-7,175.97236178282506,0.1763,0.0,1.2748691543045846e-10,0.0,0.0,6.13644397181742e-8,4.0418336254288374e-12,3.833775526636067e-9,5.287479803094281e-11,3.298600883244288e-11,5.667062829580485e-12,0.0,1.6947872813644086e-7
307.5,2.285e-7,176.33505562281883,0.171,0.0,1.2275966746909337e-10,0.0,0.0,5.965297040151297e-8,4.077325890087893e-12,3.703036113887936e-9,5.308301056973057e-11,3.165491044762995e-11,5.694139629222417e-12,0.0,1.6492672443059328e-7
308.5,2.222e-7,176.7020007704521,0.1658,0.0,1.1815391279812577e-10,0.0,0.0,5.7969298320723715e-8,4.1135008079279355e-12,3.575256871538835e-9,5.329384318995662e-11,3.036249031051882e-11,5.721595159396813e-12,0.0,1.6044379946547154e-7
309.5,2.162e-7,177.06585140161835,0.1608,0.0,1.1379713802331473e-10,0.0,0.0,5.6366314953716486e-8,4.151128424213278e-12,3.454108185940903e-9,5.3522302424012514e-11,2.914319300926764e-11,5.750946039067751e-12,0.0,1.5617321215242274e-7
310.5,2.103e-7,177.43357207858787,0.1559,0.0,1.0955666219042426e-10,0.0,0.0,5.4791032025125996e-8,4.189484485092155e-12,3.3358241908266934e-9,5.375391093594676e-11,2.796052477198874e-11,5.780732429999143e-12,0.0,1.5197190246923383e-7
311.5,2.048e-7,177.8051703036806,0.1511,0.0,1.055857968620133e-10,0.0,0.0,5.332153926644775e-8,4.234774524387062e-12,3.2251058059548506e-9,5.4067749071159653e-11,2.6853255942831194e-11,5.819467794452392e-12,0.0,1.4805679388340256e-7
312.5,1.995e-7,178.1806464911484,0.1464,0.0,1.0177628940700159e-10,0.0,0.0,5.1905620138740516e-8,4.283417959272312e-12,3.118699438595501e-9,5.441700300764535e-11,2.579331575993747e-11,5.862132928234836e-12,0.0,1.4428354826360192e-7
313.5,1.943e-7,178.55161626119684,0.1419,0.0,9.80977168747313e-11,0.0,0.0,5.051798392873894e-8,4.3298287737423325e-12,3.015487888322369e-9,5.473650038313974e-11,2.4774616878623486e-11,5.901597946249619e-12,0.0,1.4057868792208222e-7
314.5,1.892e-7,178.93584669381144,0.1375,0.0,9.450126271091376e-11,0.0,0.0,4.915687747489597e-8,4.377191274276028e-12,2.9143869551096578e-9,5.5066429167330124e-11,2.378032625720068e-11,5.94232074542742e-12,0.0,1.3694506803983924e-7
315.5,1.845e-7,179.45842409245145,0.1332,0.0,9.084377195974722e-11,0.0,0.0,4.788847741951141e-8,4.430489008126621e-12,2.813149524361524e-9,5.55367005576991e-11,2.274710834177899e-11,5.99863438918734e-12,0.0,1.3361881635187053e-7
316.5,1.799e-7,179.99815127903128,0.1289,0.0,8.727844697701049e-11,0.0,0.0,4.664682219898918e-8,4.489491739520906e-12,2.7142597265653996e-9,5.6067515991767214e-11,2.1742944514659363e-11,6.061777728056925e-12,0.0,1.303632778974944e-7
317.5,1.754e-7,180.51663870289218,0.1249,0.0,8.389461949151911e-11,0.0,0.0,4.543526302765193e-8,4.54200453731997e-12,2.6197060460474446e-9,5.652114564714996e-11,2.0797595028922916e-11,6.116452912335068e-12,0.0,1.271731591086834e-7
318.5,1.708e-7,181.05200415896908,0.1209,0.0,8.050428373979141e-11,0.0,0.0,4.419862823874695e-8,4.594932711689263e-12,2.524464425385072e-9,5.696935748387436e-11,1.9856204970004776e-11,6.17082188259307e-12,0.0,1.2390881173508005e-7
319.5,1.648e-7,181.5772679199086,0.1171,0.0,7.656566047065242e-11,0.0,0.0,4.260325559766463e-8,4.602649805907002e-12,2.4109130328090606e-9,5.6858982597112014e-11,1.8791051492751597e-11,6.164615443852444e-12,0.0,1.1962284840971602e-7
320.5,1.591e-7,182.11986118227284,0.1133,0.0,7.282578240384227e-11,0.0,0.0,4.1087039238724025e-8,4.618655455199062e-12,2.302974940239201e-9,5.684390078743814e-11,1.778159570563145e-11,6.1689231961812886e-12,0.0,1.1555174696348848e-7
321.5,1.535e-7,182.6509525720588,0.1097,0.0,6.924641664088387e-11,0.0,0.0,3.9600485074621455e-8,4.6279773786602265e-12,2.1989661508051986e-9,5.675068276576703e-11,1.6822816303188407e-11,6.164619747187684e-12,0.0,1.1154693626173765e-7
322.5,1.482e-7,183.16879177949477,0.1063,0.0,6.591250174315029e-11,0.0,0.0,3.819510435406441e-8,4.636147271512147e-12,2.10165235354186e-9,5.664848231570217e-11,1.5934539639161735e-11,6.159181038998985e-12,0.0,1.0775395244038521e-7
323.5,1.437e-7,183.70346615455114,0.1029,0.0,6.298038185981717e-11,0.0,0.0,3.69971611337286e-8,4.669945438233016e-12,2.0166374054528335e-9,5.685173228165259e-11,1.5148795569345394e-11,6.187153185794041e-12,0.0,1.0454036345248372e-7
324.5,1.393e-7,184.25192992745937,0.09962,0.0,6.014697918767526e-11,0.0,0.0,3.5826654087844486e-8,4.7025863554107556e-12,1.934094503574848e-9,5.702966165519996e-11,1.4393050105307568e-11,6.2131522034906385e-12,0.0,1.0139676597907358e-7
325.5,1.35e-7,185.01075567919779,0.09646,0.0,5.7186466258200984e-11,0.0,0.0,3.4674517417617954e-8,4.739757089926405e-12,1.8477274468276428e-9,5.71279989165065e-11,1.359660216076574e-11,6.240846677622081e-12,0.0,9.833886346445138e-8
326.5,1.309e-7,185.76964113978755,0.0934,0.0,5.439930353038447e-11,0.0,0.0,3.3576532688073516e-8,4.779671203604528e-12,1.7661148047373501e-9,5.7255821517209486e-11,1.2850746621664866e-11,6.271877229045002e-12,0.0,9.542179508708722e-8
327.5,1.271e-7,186.53297095576332,0.09042,0.0,5.181349179330798e-11,0.0,0.0,3.2557867613981076e-8,4.827672661825269e-12,1.690291400558598e-9,5.747414248542954e-11,1.2160722094553715e-11,6.3130717568969145e-12,0.0,9.27192518846683e-8
328.5,1.235e-7,187.29497746816327,0.08754,0.0,4.938788649505327e-11,0.0,0.0,3.159298397777299e-8,4.879344446582106e-12,1.618932206867506e-9,5.773163766830773e-11,1.1516574245781764e-11,6.358729732713602e-12,0.0,9.015820964277104e-8
329.5,1.199e-7,188.05746504559409,0.08475,0.0,4.7035054480190354e-11,0.0,0.0,3.063048464951151e-8,4.927479582681677e-12,1.5492471033344338e-9,5.794196974973147e-11,1.0897054255728576e-11,6.399392649027336e-12,0.0,8.759306729643672e-8
330.5,1.165e-7,188.8196429023365,0.08205,0.0,4.483104466782579e-11,0.0,0.0,2.972144597414611e-8,4.980051621807124e-12,1.4837743904335523e-9,5.819951667610258e-11,1.0319343187651733e-11,6.44545249683487e-12,0.0,8.517000422677012e-8
331.5,1.126e-7,189.586568064086,0.07942,0.0,4.249989564067661e-11,0.0,0.0,2.8687065441131048e-8,5.007871561333865e-12,1.4134480912836773e-9,5.816197112974156e-11,9.719171970256727e-12,6.459056511401116e-12,0.0,8.237763850077187e-8
332.5,1.088e-7,190.3578729564174,0.07686,0.0,4.0274020194395374e-11,0.0,0.0,2.7680569060295296e-8,5.035549726743578e-12,1.3459594666338862e-9,5.811895649665285e-11,9.14994367793417e-12,6.472179289458087e-12,0.0,7.965442082368563e-8
333.5,1.051e-7,191.126810126667,0.07439,0.0,3.8156580375737065e-11,0.0,0.0,2.67022061019742e-8,5.061379156344537e-12,1.2814006769462999e-9,5.805412853954165e-11,8.612389448155295e-12,6.482834173578993e-12,0.0,7.700002590938614e-8
334.5,1.016e-7,192.0619711022402,0.072,0.0,3.606503074472393e-11,0.0,0.0,2.577059477931844e-8,5.096057732825315e-12,1.2174554354890229e-9,5.775328307874562e-11,8.08012910883553e-12,6.491371467626095e-12,0.0,7.449846391305978e-8
335.5,9.782e-8,193.13821708765886,0.06972,0.0,3.3863780334583214e-11,0.0,0.0,2.476565736067146e-8,5.111925147617494e-12,1.14935413176471e-9,5.694321826648193e-11,7.525501556350884e-12,6.464028081019196e-12,0.0,7.179508005417776e-8
336.5,9.414e-8,194.2155529761302,0.06751,0.0,3.178214043100835e-11,0.0,0.0,2.3789430996336325e-8,5.1258072388013025e-12,1.0845650461323905e-9,5.6121258003065026e-11,7.005636431215071e-12,6.4341979864327006e-12,0.0,6.915953491744076e-8
337.5,9.059e-8,195.29291601686612,0.06537,0.0,2.982545974312867e-11,0.0,0.0,2.284940017837533e-8,5.139218455314343e-12,1.0233252868329808e-9,5.5305665460846035e-11,6.521026301660154e-12,6.403870644607993e-12,0.0,6.661407929418615e-8
338.5,8.719e-8,196.36385231928523,0.06331,0.0,2.7998427703255325e-11,0.0,0.0,2.1950674783826367e-8,5.152321958692416e-12,9.658290357638077e-10,5.4503908645900853e-11,6.072225507371857e-12,6.3735411812273705e-12,0.0,6.417339575541337e-8
339.5,8.412e-8,197.4211090870417,0.06134,0.0,2.635493653388381e-11,0.0,0.0,2.1138526348417152e-8,5.1751857301658825e-12,9.139843364702202e-10,5.382671072021565e-11,5.670306819868637e-12,6.355892400207337e-12,0.0,6.19701062829083e-8
340.5,8.12e-8,198.47347015279524,0.05944,0.0,2.4823403310841095e-11,0.0,0.0,2.0366983972274906e-8,5.1998324288584315e-12,8.654412047806878e-10,5.317929097405782e-11,5.2984923368612135e-12,6.340554174598308e-12,0.0,5.987273324971919e-8
341.5,7.839e-8,199.51935875156147,0.05761,0.0,2.3386833454514573e-11,0.0,0.0,1.9625868670779454e-8,5.223852438646916e-12,8.196585858799541e-10,5.25376208521383e-11,4.952563513973079e-12,6.3246309403960704e-12,0.0,5.785204724214093e-8
342.5,7.567e-8,200.57503687415806,0.05582,0.0,2.2026126301830108e-11,0.0,0.0,1.8909468052097533e-8,5.249405478105085e-12,7.76079853658807e-10,5.1909619622874786e-11,4.6273491846903215e-12,6.310036480945743e-12,0.0,5.589432955717522e-8
343.5,7.297e-8,201.71610336934742,0.05412,0.0,2.0683565310508315e-11,0.0,3.326940909919856e-12,1.8197093996650257e-8,5.264484136299519e-12,7.329785155105313e-10,5.10152092819779e-11,4.307875920559261e-12,6.2753608160281055e-12,1.7283619187963179e-12,5.394732568954512e-8
344.5,7.035e-8,203.26927531183415,0.05248,0.0,1.9244124030903198e-11,0.0,3.5564644002457462e-12,1.749773419679427e-8,5.275382450041447e-12,6.873512314758342e-10,4.938318687249758e-11,3.960787269261774e-12,6.203642578300939e-12,1.722090148724184e-12,5.2075568893979924e-8
345.5,6.782e-8,204.83206594999302,0.05088,0.0,1.789963092163696e-11,0.0,3.803982110095194e-12,1.6823772139863992e-8,5.287188964384048e-12,6.44407395292504e-10,4.780114472173921e-11,3.640332991252843e-12,6.133256263840862e-12,1.7160679867511518e-12,5.0265538860883795e-8
346.5,6.538e-8,206.38337788454237,0.04934,0.0,1.6653007540503654e-11,0.0,4.06551425422005e-12,1.6175655088390245e-8,5.2973690123996946e-12,6.042543055200755e-10,4.626717560756519e-11,3.346890262453855e-12,6.062384766985591e-12,1.7096055335397303e-12,4.8516688659112e-8
347.5,6.307e-8,207.92056820873006,0.04786,0.0,1.5508428046090708e-11,0.0,4.343809278070901e-12,1.556312463043074e-8,5.3092004507919345e-12,5.671193199284775e-10,4.4810287814576295e-11,3.0804573279337023e-12,5.994913717943343e-12,1.7037793966578758e-12,4.685900517360871e-8
348.5,6.086e-8,209.44079403616644,0.04644,0.0,1.4452344300058127e-11,0.0,4.637274405336973e-12,1.4978587595654938e-8,5.320365349779646e-12,5.325829432405443e-10,4.341001714534191e-11,2.837531160075894e-12,5.92829967537242e-12,1.6978577510047356e-12,4.527054577131756e-8
349.5,5.873e-8,210.95220680601344,0.04507,0.0,1.3471345239617742e-11,0.0,4.9478306868438324e-12,1.4416701202650742e-8,5.330563029704893e-12,5.002450908878269e-10,4.2053940285700506e-11,2.614553157859063e-12,5.861787570952346e-12,1.6916970368290625e-12,4.373708198945392e-8
350.5,5.668e-8,212.4756400421336,0.04373,0.0,1.2554549582547546e-11,0.0,5.283856955049239e-12,1.3876794624163727e-8,5.342833180859666e-12,4.698100989065446e-10,4.074497923580446e-11,2.4084183323003154e-12,5.797641036527575e-12,1.6861321558493572e-12,4.2259576866450793e-8
351.5,5.415e-8,213.95132224186375,0.04247,0.0,1.1594754689274302e-11,0.0,5.568056549995301e-12,1.3223390532358654e-8,5.294801224861172e-12,4.371466313971225e-10,3.90735400798237e-11,2.19935380687261e-12,5.671960123719262e-12,1.6619436677712252e-12,4.04183984261019e-8
352.5,5.128e-8,215.38578739071883,0.04128,0.0,1.0624529266034097e-11,0.0,5.800209877419097e-12,1.249121033471631e-8,5.19589343019104e-12,4.034865018489266e-10,3.7138341366327674e-11,1.993346338549163e-12,5.496722978803465e-12,1.6223301777069866e-12,3.831743178999974e-8
353.5,4.86e-8,216.82445879549704,0.04012,0.0,9.742055687669698e-12,0.0,6.0483910533577535e-12,1.180858180009395e-8,5.103297179130793e-12,3.7267727450066954e-10,3.53265823756706e-11,1.8077952681394627e-12,5.331367621637122e-12,1.5850228828189174e-12,3.635379641333696e-8
354.5,4.609e-8,219.02289947155094,0.03899,0.0,8.773276090391199e-12,6.932189810141151e-13,5.982783644150929e-12,1.11572034657668e-8,4.994171480033828e-12,3.401940198501157e-10,3.267594642880951e-11,0.0,5.092653666336776e-12,1.5206438515446442e-12,3.4532869820240796e-8
355.5,4.418e-8,221.18419962090846,0.03793,0.0,7.992176399039093e-12,6.979278497904566e-13,5.9553883957379875e-12,1.0655496515996867e-8,4.933162922607698e-12,3.140869108934061e-10,3.0528459811244673e-11,0.0,4.911347540117011e-12,1.4724332443192696e-12,3.315392567694688e-8
356.5,4.299e-8,223.25803211522316,0.03694,0.0,7.405926144214205e-12,7.118750605183368e-13,6.008550280107312e-12,1.0331724997075549e-8,4.940553961449108e-12,2.948142843344542e-10,2.898334923986734e-11,0.0,4.8069154229223134e-12,1.446712124142405e-12,3.230915683635678e-8
357.5,4.184e-8,225.3445939588171,0.03597,0.0,6.861821701809655e-12,7.264380655630306e-13,6.064595213168673e-12,1.0019326932597195e-8,4.9496973580934545e-12,2.767115071795975e-10,2.751709683788532e-11,0.0,4.7056954854115784e-12,1.4217736764214344e-12,3.149171444188486e-8
358.5,4.071e-8,227.42101720231702,0.03503,0.0,6.3574389404629034e-12,7.409217834879377e-13,6.118374201746454e-12,9.713835364936451e-9,4.9567775752850906e-12,2.596936514178869e-10,2.6120885439435894e-11,0.0,4.605192173741915e-12,1.3968095639933166e-12,3.068617458396751e-8
359.5,3.95e-8,229.4849487069118,0.03412,0.0,5.875345347336686e-12,7.533616580006305e-13,6.153980899623108e-12,9.391453019433495e-9,4.949091027930583e-12,2.4309176175727957e-10,2.4729662303232054e-11,0.0,4.494041325371388e-12,1.368356226458841e-12,2.981713138002128e-8
360.5,3.802e-8,231.53387484555037,0.03324,0.0,5.3882966511099335e-12,7.596262939759149e-13,6.138691800055824e-12,9.007397072889736e-9,4.9008820572612725e-12,2.2579048707315966e-10,2.3229463975895538e-11,0.0,4.3503220337997606e-12,1.3296704769510798e-12,2.8740715486748056e-8
361.5,3.66e-8,233.58933040836814,0.03238,0.0,4.941410206562801e-12,7.661415256608379e-13,6.124817444525243e-12,8.639907941527718e-9,4.8541208988618775e-12,2.0972004091438052e-10,2.1821000252660884e-11,0.0,4.211742828255252e-12,1.2922610783965127e-12,2.770636052332297e-8
362.5,3.525e-8,235.65038038265777,0.03154,0.0,4.53311144457429e-12,7.731727284169381e-13,6.114433274633119e-12,8.291213570219738e-9,4.810431238565155e-12,1.9486568547139315e-10,2.0506172307182438e-11,0.0,4.079551627301315e-12,1.2565251516680708e-12,2.6721847346536525e-8
363.5,3.392e-8,237.690481294639,0.03073,0.0,4.15690333457366e-12,7.792038118280155e-13,6.096409135724436e-12,7.949801442116365e-9,4.761509856144232e-12,1.809682702430959e-10,1.9258223733348687e-11,0.0,3.9477635666642204e-12,1.2205715512006975e-12,2.5749009702651057e-8
364.5,3.251e-8,239.60184114733008,0.02999,0.0,3.808232107846279e-12,7.798627675077648e-13,6.040577157264011e-12,7.593681992105246e-9,4.6858786422775495e-12,1.6776555025130637e-10,1.8041562981822406e-11,0.0,3.803604272497753e-12,1.1802022974006054e-12,2.471021253741683e-8
365.5,3.117e-8,242.0241084309135,0.02925,7.336163686952848e-13,3.445905890487045e-12,7.77350440920786e-13,5.884142362639569e-12,7.250917829831455e-9,4.608846093946063e-12,1.544196232168904e-10,1.668446936488933e-11,0.0,3.6374743714628694e-12,1.125527865274287e-12,2.3727765214193338e-8
366.5,2.99e-8,245.54185365245792,0.02854,7.545398900920901e-13,3.0352004889491377e-12,7.643847843917171e-13,5.482921689516037e-12,6.917239980441772e-9,4.5161455590732066e-12,1.4000397222039284e-10,1.4972726507768012e-11,0.0,3.413525366695125e-12,1.0368807611083574e-12,2.2808779722290248e-8
367.5,2.868e-8,249.04538128692033,0.02785,7.757721609000517e-13,2.674128496409509e-12,7.514929278087294e-13,5.10920153041357e-12,6.598474640463549e-9,4.4245333990851494e-12,1.2695166634287684e-10,1.3439018333606781e-11,0.0,3.203362009072367e-12,9.55286261919611e-13,2.192324089807436e-8
368.5,2.774e-8,252.3735106759267,0.02721,8.014664878112412e-13,2.3857968057084424e-12,7.440637388971851e-13,4.8076347932733056e-12,6.3486674141652084e-9,4.366316007712221e-12,1.164037030040078e-10,1.220355587077946e-11,0.0,3.0345413764318057e-12,8.892478414547802e-13,2.1245696259908714e-8
369.5,2.684e-8,255.67314274278675,0.02659,8.278086020495774e-13,2.1307056580444585e-12,7.367953708004949e-13,4.526376782637079e-12,6.110541225285685e-9,4.309497823337797e-12,1.0681501674242441e-10,1.1091196812429423e-11,0.0,2.876047127807714e-12,8.283102875248239e-13,2.0595317019507263e-8
370.5,2.597e-8,258.9955144951249,0.02598,8.554082027982014e-13,1.90185384475064e-12,7.297202114695142e-13,4.260804692696329e-12,5.881180101651588e-9,4.254035241758325e-12,9.79811776182364e-11,1.0075961356685124e-11,0.0,2.725464303360568e-12,7.713525933078421e-13,1.996526412028335e-8
371.5,2.513e-8,262.28401882629714,0.02539,8.833796168684378e-13,1.6990631662500857e-12,7.225772127945282e-13,4.012138468856214e-12,5.66101536308209e-9,4.198638940454013e-12,8.99312933732877e-11,9.159995365189283e-12,0.0,2.5834422675545463e-12,7.186276295551006e-13,1.9355075480877102e-8
372.5,2.436e-8,265.4767782474574,0.02483,9.121246661271143e-13,1.5240784410033149e-12,7.162691486130107e-13,3.7875665624004065e-12,5.459417947636899e-9,4.14878977587917e-12,8.281380596387354e-11,8.356969880051138e-12,0.0,2.4545586980481547e-12,6.714131636589677e-13,1.8795196476063446e-8
373.5,2.363e-8,268.6834003997136,0.02428,9.426995037041727e-13,1.3675777788416324e-12,7.105645959017446e-13,3.5775679227916197e-12,5.268437661977972e-9,4.102642517655093e-12,7.629411556656501e-11,7.627483540454476e-12,0.0,2.333476612109729e-12,6.276239593348432e-13,1.826397858602467e-8
374.5,2.292e-8,271.90318476047213,0.02374,9.744544680707433e-13,1.2266312448480062e-12,7.048992510243179e-13,3.3785024492941653e-12,5.083517119011741e-9,4.0569196237714734e-12,7.026573367945534e-11,6.959232040560305e-12,0.0,2.217960062364972e-12,5.865423409028125e-13,1.7746112005827962e-8
375.5,2.223e-8,275.0737002691714,0.02322,1.0062201537985368e-12,1.101443432349394e-12,6.989837612171334e-13,3.191570228548772e-12,4.905096309267985e-9,4.010208605893205e-12,6.475994746184242e-11,6.3549777252666675e-12,0.0,2.1086512114782722e-12,5.484189538525162e-13,1.724112326919777e-8
376.5,2.152e-8,278.1899556226374,0.02272,1.035927640880945e-12,9.884480624960624e-13,6.915333543820581e-13,3.010585733009922e-12,4.724324419016079e-9,3.955186543488163e-12,5.962374242969409e-11,5.798093575435599e-12,0.0,2.0015884396498017e-12,5.121160890300735e-13,1.6718058359115857e-8
377.5,2.082e-8,281.3111474598959,0.02223,1.0659496393485961e-12,8.863839505549851e-13,6.837583520905548e-13,2.8379730663160467e-12,4.54733440062586e-9,3.898596715511958e-12,5.48562310963881e-11,5.2862068530949065e-12,0.0,1.8987151204080876e-12,4.778901789247075e-13,1.6200773894401506e-8
378.5,2.014e-8,284.6303108292957,0.02176,1.0636525826880609e-12,0.0,6.642375429829938e-13,2.6098735707763e-12,4.373063338944432e-9,3.834287595943147e-12,5.011998603208837e-11,4.68010236857804e-12,0.0,1.7789025787013922e-12,0.0,1.5702185618783813e-8
379.5,1.948e-8,288.19553542703267,0.0213,1.0319634654097386e-12,0.0,6.347477048119069e-13,2.3430562002622665e-12,4.201014040243727e-9,3.76397853632792e-12,4.5443547999265644e-11,4.02485222061903e-12,0.0,1.64634928898906e-12,0.0,1.5220097464340588e-8
380.5,1.886e-8,291.67854292278184,0.02086,1.0020974320786476e-12,0.0,6.07311997676488e-13,2.109134257777175e-12,4.040198239736924e-9,3.697201605803519e-12,4.130405486563482e-11,3.4740280806391164e-12,0.0,1.5266712434603066e-12,0.0,1.4766081260780008e-8
381.5,1.826e-8,295.07245648414965,0.02044,9.730125937968023e-13,0.0,5.812327407119721e-13,1.902088923768653e-12,3.8861670228056345e-9,3.630233976155663e-12,3.760198829143509e-11,3.0073799830168956e-12,0.0,1.4172423195117278e-12,0.0,1.432471979836597e-8
382.5,1.768e-8,298.5368369296051,0.02002,9.448549007594301e-13,0.0,5.561555007388075e-13,1.7128898889319443e-12,3.737605685453797e-9,3.5656196015081466e-12,3.4188962388420514e-11,2.597444856754804e-12,0.0,1.314545933882139e-12,0.0,1.3897513841475208e-8
383.5,1.713e-8,301.9044923907399,0.01962,9.180377393183733e-13,0.0,5.326842560998504e-13,1.5466468139271273e-12,3.5977486001281024e-9,3.503046068606496e-12,3.11607212006898e-11,2.2520287318822983e-12,0.0,1.2215526788268008e-12,0.0,1.3491116682382543e-8
384.5,1.657e-8,305.2547232869928,0.01923,8.904933082618005e-13,0.0,5.09389968153893e-13,1.394736858028269e-12,3.457513237231897e-9,3.435630773092362e-12,2.8362695070861588e-11,1.95043813397943e-12,0.0,1.133505183426385e-12,0.0,1.3074809873472296e-8
385.5,1.597e-8,308.4965588202804,0.01886,8.605394125835557e-13,0.0,4.855133282026004e-13,1.2559953233612072e-12,3.311292065962505e-9,3.3556920922137544e-12,2.577219643228862e-11,1.6890894221888478e-12,0.0,1.0493682302580868e-12,0.0,1.26242395397964e-8
386.5,1.54e-8,311.71240777279087,0.0185,8.320073572838182e-13,0.0,4.630375711422869e-13,1.132258807509474e-12,3.1730632947405504e-9,3.2789656116816243e-12,2.34415315349902e-11,1.464775677150373e-12,0.0,9.722948657392335e-13,0.0,1.2195351833833951e-8
387.5,1.486e-8,314.89949415490804,0.01815,8.049115912949999e-13,0.0,4.419254973479599e-13,1.0219741083819182e-12,3.042700847001717e-9,3.2056426363057115e-12,2.1346287671399198e-11,1.2722624446854489e-12,0.0,9.01774662955606e-13,0.0,1.1788304374385913e-8
388.5,1.434e-8,318.0549255504161,0.01781,7.787233020425946e-13,0.0,4.218463972146272e-13,9.230968740176057e-13,2.918044390538359e-9,3.133733496960097e-12,1.9450634504376124e-11,1.1062702989777395e-12,0.0,8.36746699545224e-13,0.0,1.1395304557888508e-8
389.5,1.387e-8,321.0802623920472,0.01749,7.550280680009509e-13,0.0,4.0378010653879926e-13,8.379717159440205e-13,2.805603126170902e-9,3.068795358391449e-12,1.7805863745044302e-11,9.682816617724154e-13,0.0,7.794401509367987e-13,0.0,1.103977771302247e-8
390.5,1.341e-8,324.064311684862,0.01718,7.31724496739459e-13,0.0,3.863815169085529e-13,7.610379147663329e-13,2.6965898974500653e-9,3.0034425678137213e-12,1.630562304020311e-11,8.483073103064438e-13,0.0,7.261284493537074e-13,0.0,1.0690647457253845e-8
391.5,1.298e-8,327.00381807635625,0.01688,7.099120113363193e-13,0.0,3.7020518188636764e-13,6.92590792241721e-13,2.5949540750963807e-9,2.942249342744968e-12,1.4960687018402706e-11,7.451289534548519e-13,0.0,6.775987844099785e-13,0.0,1.036394755281914e-8
392.5,1.256e-8,329.99603808199,0.01658,6.885617227228936e-13,0.0,3.5452974406682033e-13,6.294051114011372e-13,2.4961021310807043e-9,2.8820161843515604e-12,1.3709207764772544e-11,6.531557819970192e-13,0.0,6.316989893794258e-13,0.0,1.0044349293620605e-8
393.5,1.219e-8,332.83840448464446,0.0163,6.547528739297712e-13,0.0,0.0,0.0,2.406131791453302e-9,2.8287577454704568e-12,1.2471977055521058e-11,0.0,0.0,5.843095023343714e-13,0.0,9.767328411369442e-9
394.5,1.183e-8,335.6259613340641,0.01603,6.197191850097816e-13,0.0,0.0,0.0,2.3185740307461295e-9,2.7749997675325673e-12,1.1326761639832076e-11,0.0,0.0,5.393950139062638e-13,0.0,9.49616509364759e-9
395.5,1.148e-8,338.46087120291133,0.01576,5.86268419612601e-13,0.0,0.0,0.0,2.2337717006532385e-9,2.722565423295028e-12,1.0274374211261061e-11,0.0,0.0,4.974742039676755e-13,0.0,9.232147617088625e-9
396.5,1.115e-8,341.3447707316599,0.01549,5.548495197556337e-13,0.0,0.0,0.0,2.1536273390081177e-9,2.673893641029129e-12,9.316799350508382e-12,0.0,0.0,4.587970462433367e-13,0.0,8.983368321434346e-9
397.5,1.087e-8,344.0602257085491,0.01524,5.278688983820125e-13,0.0,0.0,0.0,2.0849906185263204e-9,2.634161839685593e-12,8.514021545837385e-12,0.0,0.0,4.2598926774363453e-13,0.0,8.77290733992203e-9
398.5,1.062e-8,346.8205959647415,0.01499,5.03077750703735e-13,0.0,0.0,0.0,2.0226523948550427e-9,2.601054810044885e-12,7.788821413155596e-12,0.0,0.0,3.9605910111791624e-13,0.0,8.586058592069936e-9
399.5,1.038e-8,349.5142094773852,0.01475,4.799283859079305e-13,0.0,0.0,0.0,1.963289206800098e-9,2.5687181802288523e-12,7.139549961543092e-12,0.0,0.0,3.688192244893616e-13,0.0,8.406153777447733e-9
400.5,1.014e-8,352.13703637685023,0.01452,4.578848800006481e-13,0.0,0.0,0.0,1.9049701608014815e-9,2.534703055703503e-12,6.551853984686841e-12,0.0,0.0,3.43701362694259e-13,0.0,8.225141695915433e-9
401.5,9.922e-9,354.9185704477659,0.01428,4.369478529200331e-13,0.0,0.0,0.0,1.8506687613826572e-9,2.5067814138696224e-12,5.999695698586226e-12,0.0,0.0,3.1990752938453e-13,0.0,8.06206790612258e-9
402.5,9.735e-9,357.5096881155086,0.01406,4.1881088320473236e-13,0.0,0.0,0.0,1.8036510998011313e-9,2.4840406412426368e-12,5.533950033541577e-12,0.0,0.0,2.995877915194859e-13,0.0,7.92261251084936e-9
403.5,9.551e-9,360.14167096850395,0.01384,4.012516105012201e-13,0.0,0.0,0.0,1.7575227730684905e-9,2.461724028115051e-12,5.099042392390117e-12,0.0,0.0,2.803335846587904e-13,0.0,7.785234875315846e-9
404.5,9.371e-9,362.8158286802909,0.01362,3.842986271562933e-13,0.0,0.0,0.0,1.7124597628294446e-9,2.4401049647957967e-12,4.693790404699071e-12,0.0,0.0,2.6212904981657923e-13,0.0,7.650759914124087e-9
405.5,9.196e-9,365.5335349110217,0.0134,3.679766357764331e-13,0.0,0.0,0.0,1.668632750463754e-9,2.4194683410416544e-12,4.316957295822625e-12,0.0,0.0,2.449542527863443e-13,0.0,7.52001789301082e-9
406.5,9.034e-9,368.16965726423945,0.01319,3.5298340531612483e-13,0.0,0.0,0.0,1.6280058712838017e-9,2.4008162205995002e-12,3.982352548826601e-12,0.0,0.0,2.2948542054196037e-13,0.0,7.399028491120913e-9
407.5,8.874e-9,370.7195644854353,0.01299,3.3882843413564873e-13,0.0,0.0,0.0,1.588553836388781e-9,2.381269102422311e-12,3.680851102952487e-12,0.0,0.0,2.1530415752477613e-13,0.0,7.278829910814185e-9
408.5,8.717e-9,373.3090373971976,0.01279,3.2512715655152876e-13,0.0,0.0,0.0,1.5499091051493856e-9,2.3622539351703228e-12,3.398990079758701e-12,0.0,0.0,2.0185686212448627e-13,0.0,7.160802666817009e-9
409.5,8.564e-9,375.9393232212733,0.01259,3.1190555973427744e-13,0.0,0.0,0.0,1.5122408359014633e-9,2.3440605335418147e-12,3.1360664223799724e-12,0.0,0.0,1.8913512236020088e-13,0.0,7.04577799646052e-9
410.5,8.408e-9,378.4770875580489,0.0124,2.992666033518918e-13,0.0,0.0,0.0,1.4748321708364038e-9,2.3235938870075925e-12,2.8978877246593124e-12,0.0,0.0,1.7738886649887577e-13,0.0,6.927469692082079e-9
411.5,8.256e-9,381.2404337372991,0.0122,2.847374777467105e-13,0.0,0.0,0.0,1.436685272789643e-9,2.306171176802335e-12,2.630743963921076e-12,0.0,0.0,0.0,0.0,6.814093074591886e-9
412.5,8.107e-9,383.9792169985561,0.01201,2.6851207138535135e-13,0.0,0.0,0.0,1.3982069762472595e-9,2.2894204883694105e-12,2.3481463731657336e-12,0.0,0.0,0.0,0.0,6.703886944819819e-9
413.5,7.96e-9,386.6141188574941,0.01183,2.535735090994873e-13,0.0,0.0,0.0,1.3610776143391357e-9,2.2716116018729627e-12,2.1032849531436106e-12,0.0,0.0,0.0,0.0,6.594293915596747e-9
414.5,7.806e-9,389.28942112335926,0.01165,2.390228011906175e-13,0.0,0.0,0.0,1.3230969145683814e-9,2.2514750965285576e-12,1.8789460028362524e-12,0.0,0.0,0.0,0.0,6.478533641531063e-9
415.5,7.652e-9,392.0063820154198,0.01147,2.2507653146458466e-13,0.0,0.0,0.0,1.2854763666137672e-9,2.2309768874858883e-12,1.6754165374173823e-12,0.0,0.0,0.0,0.0,6.362392163429866e-9
416.5,7.502e-9,394.6118389382427,0.0113,2.123174657070736e-13,0.0,0.0,0.0,1.2495216218008113e-9,2.2099330502405934e-12,1.4999191365692835e-12,0.0,0.0,0.0,0.0,6.248556208546672e-9
417.5,7.354e-9,397.2567915822623,0.01113,2.0013567574285375e-13,0.0,0.0,0.0,1.2142389737685483e-9,2.189113329571394e-12,1.340762678120475e-12,0.0,0.0,0.0,0.0,6.136031014548017e-9
418.5,7.206e-9,399.94245582150523,0.01096,1.8845954737323784e-13,0.0,0.0,0.0,1.1792962354312942e-9,2.1679233457136125e-12,1.1962885818844614e-12,0.0,0.0,0.0,0.0,6.023151093093735e-9
419.5,7.057e-9,402.508468840959,0.0108,1.7767643203092087e-13,0.0,0.0,0.0,1.1451479282006543e-9,2.1446812897101426e-12,1.0712257196642147e-12,0.0,0.0,0.0,0.0,5.90845848835794e-9
420.5,6.912e-9,405.11278197375407,0.01064,1.6743489304512607e-13,0.0,0.0,0.0,1.1119779869863336e-9,2.1222577411288767e-12,9.58068687040901e-13,0.0,0.0,0.0,0.0,5.796774251692452e-9
421.5,6.769e-9,407.7565558950146,0.01048,1.5766609502347733e-13,0.0,0.0,0.0,1.0794542552603647e-9,2.1000575825725066e-12,8.555483121811608e-13,0.0,0.0,0.0,0.0,5.686432472749858e-9
422.5,6.628e-9,410.2720113869907,0.01033,1.4872636571260803e-13,0.0,0.0,0.0,1.0481614152099134e-9,2.076711121401986e-12,7.67305357755117e-13,0.0,0.0,0.0,0.0,5.576845841945216e-9
423.5,6.482e-9,412.82426177725426,0.01018,1.4004344640884636e-13,0.0,0.0,0.0,1.0163918991517058e-9,2.0513791596390262e-12,6.864301805975508e-13,0.0,0.0,0.0,0.0,5.4627302480616485e-9
424.5,6.34e-9,415.41439950210287,0.01003,1.3180767657365105e-13,0.0,0.0,0.0,9.855682472583312e-10,2.0268778431122737e-12,6.133344440829591e-13,0.0,0.0,0.0,0.0,5.351659732777901e-9
425.5,6.202e-9,417.95528621922534,0.009885,1.2416302862879437e-13,0.0,0.0,0.0,9.559599399325544e-10,2.0025418737629247e-12,5.490366223250479e-13,0.0,0.0,0.0,0.0,5.243364318542729e-9
426.5,6.066e-9,420.49789613779956,0.009742,1.1693778146018426e-13,0.0,0.0,0.0,9.270694229626031e-10,1.9781564519928454e-12,4.913615995710716e-13,0.0,0.0,0.0,0.0,5.136344121204372e-9
427.5,5.921e-9,422.9509095310515,0.009606,1.1005554145445121e-13,0.0,0.0,0.0,8.974938009258259e-10,1.949414410344075e-12,4.402269152626771e-13,0.0,0.0,0.0,0.0,5.021006502207113e-9
428.5,5.779e-9,425.3836344565318,0.009473,1.0359993232589039e-13,0.0,0.0,0.0,8.688398502778223e-10,1.9207590796925935e-12,3.94656542634148e-13,0.0,0.0,0.0,0.0,4.907741134167525e-9
429.5,5.64e-9,427.83207664809083,0.009341,9.749197550579482e-14,0.0,0.0,0.0,8.409853225008725e-10,1.8924809631349865e-12,3.5357932701721827e-13,0.0,0.0,0.0,0.0,4.7966711252334706e-9
430.5,5.506e-9,430.2774752642737,0.009211,9.177475537972008e-14,0.0,0.0,0.0,8.142670330986182e-10,1.865135172024434e-12,3.1690268439900477e-13,0.0,0.0,0.0,0.0,4.689459154289578e-9
431.5,5.363e-9,432.64238542438864,0.009087,8.62992751815638e-14,0.0,0.0,0.0,7.868147438374699e-10,1.833423756658574e-12,2.8418169236260316e-13,0.0,0.0,0.0,0.0,4.573981351438327e-9
432.5,5.219e-9,434.99337036902506,0.008967,8.080163278435338e-14,0.0,0.0,0.0,7.581831941549998e-10,1.802802869283176e-12,0.0,0.0,0.0,0.0,0.0,4.458933201342933e-9
433.5,5.08e-9,437.33685264602457,0.008849,7.566824026743636e-14,0.0,0.0,0.0,7.30692949210997e-10,1.7729613527381877e-12,0.0,0.0,0.0,0.0,0.0,4.347458421195997e-9
434.5,4.945e-9,439.6915344014946,0.008732,7.085097054218549e-14,0.0,0.0,0.0,7.041966144443289e-10,1.7437754491631017e-12,0.0,0.0,0.0,0.0,0.0,4.2389887591359655e-9
435.5,4.815e-9,441.99585866829,0.008619,6.641392703937972e-14,0.0,0.0,0.0,6.789944677313847e-10,1.7151663503962605e-12,0.0,0.0,0.0,0.0,0.0,4.1342239519911795e-9
436.5,4.687e-9,444.2058482679213,0.008512,6.233197332912394e-14,0.0,0.0,0.0,6.547492946219665e-10,1.6857943471233285e-12,0.0,0.0,0.0,0.0,0.0,4.030502579057581e-9
437.5,4.564e-9,446.4227479815369,0.008406,5.851386027453318e-14,0.0,0.0,0.0,6.315631221256798e-10,1.6575314537957615e-12,0.0,0.0,0.0,0.0,0.0,3.93072083256025e-9
438.5,4.445e-9,448.62515712450625,0.008302,5.4951532496361193e-14,0.0,0.0,0.0,6.093328349262418e-10,1.629899044202399e-12,0.0,0.0,0.0,0.0,0.0,3.83398231449706e-9
439.5,4.33e-9,450.8337523071547,0.008199,5.16107664402272e-14,0.0,0.0,0.0,5.879829748002572e-10,1.6030799650642939e-12,0.0,0.0,0.0,0.0,0.0,3.7403623344682385e-9
440.5,4.227e-9,452.91737406632285,0.008103,4.867664114681398e-14,0.0,0.0,0.0,5.68892043410092e-10,1.5791952849340258e-12,0.0,0.0,0.0,0.0,0.0,3.656480084663828e-9
441.5,4.128e-9,455.00373605010157,0.008008,4.592391282375217e-14,0.0,0.0,0.0,5.506143592973315e-10,1.5562498909582623e-12,0.0,0.0,0.0,0.0,0.0,3.5757834668988856e-9
442.5,4.031e-9,457.0926415789535,0.007914,4.332106897158455e-14,0.0,0.0,0.0,5.328693459485914e-10,1.5335145512700605e-12,0.0,0.0,0.0,0.0,0.0,3.4965538184311667e-9
443.5,3.937e-9,459.18388591617645,0.007821,4.087114236966527e-14,0.0,0.0,0.0,5.157790713691338e-10,1.5113846778740379e-12,0.0,0.0,0.0,0.0,0.0,3.419668672810622e-9
444.5,3.859e-9,461.2086018222334,0.007732,3.8740423526170186e-14,0.0,0.0,0.0,5.011673158362131e-10,1.4944749182733293e-12,0.0,0.0,0.0,0.0,0.0,3.3562994688219877e-9
445.5,3.789e-9,463.21047145629996,0.007645,3.679695235507139e-14,0.0,0.0,0.0,4.87843049225222e-10,1.480113119480374e-12,0.0,0.0,0.0,0.0,0.0,3.299640040702943e-9
446.5,3.721e-9,465.21184770581937,0.007559,3.495773729377507e-14,0.0,0.0,0.0,4.749619902405627e-10,1.4661577078610124e-12,0.0,0.0,0.0,0.0,0.0,3.244536894314282e-9
447.5,3.653e-9,467.2361247126688,0.007473,3.318639256399004e-14,0.0,0.0,0.0,4.622156961375261e-10,1.4519760954448842e-12,0.0,0.0,0.0,0.0,0.0,3.189299141374465e-9
448.5,3.591e-9,469.2120005423656,0.00739,3.157157772234177e-14,0.0,0.0,0.0,4.504976577471153e-10,1.4395233351057265e-12,0.0,0.0,0.0,0.0,0.0,3.139031247340057e-9
449.5,3.536e-9,471.1617784471852,0.007309,3.0098655446300716e-14,0.0,0.0,0.0,4.398616670171746e-10,1.4294066260765018e-12,0.0,0.0,0.0,0.0,0.0,3.0946788277013026e-9
450.5,3.481e-9,473.1088110586363,0.007229,2.8688522034920187e-14,0.0,0.0,0.0,4.2937362035878104e-10,1.4189864220491949e-12,0.0,0.0,0.0,0.0,0.0,3.0501787046971347e-9
451.5,3.427e-9,475.0527664597656,0.00715,2.734672768969745e-14,0.0,0.0,0.0,4.1915470255561374e-10,1.408668771985419e-12,0.0,0.0,0.0,0.0,0.0,3.006409281944711e-9
452.5,3.375e-9,477.0183202884171,0.007071,2.6067059465239487e-14,0.0,0.0,0.0,4.092773543924692e-10,1.3990232672752562e-12,0.0,0.0,0.0,0.0,0.0,2.9642975552807903e-9
453.5,3.329e-9,478.93006864271155,0.006995,2.490822676965091e-14,0.0,0.0,0.0,4.003491732645441e-10,1.3912879201470942e-12,0.0,0.0,0.0,0.0,0.0,2.9272346305885396e-9
454.5,3.285e-9,480.8627018251275,0.006919,2.380237497061389e-14,0.0,0.0,0.0,3.917400519463499e-10,1.3842841594873307e-12,0.0,0.0,0.0,0.0,0.0,2.8918518615191926e-9
455.5,3.24e-9,482.79083031619894,0.006844,2.2736004600199925e-14,0.0,0.0,0.0,3.8313288210458716e-10,1.3766039035561715e-12,0.0,0.0,0.0,0.0,0.0,2.855467777987257e-9
456.5,3.197e-9,484.71407158827986,0.00677,2.172836921387133e-14,0.0,0.0,0.0,3.7488149629781287e-10,1.369517356429961e-12,0.0,0.0,0.0,0.0,0.0,2.820727257976543e-9
457.5,3.156e-9,486.6296718698625,0.006697,0.0,0.0,0.0,0.0,3.669315902793291e-10,1.3631508372807715e-12,0.0,0.0,0.0,0.0,0.0,2.78770525888339e-9
458.5,3.117e-9,488.50775768139954,0.006625,0.0,0.0,0.0,0.0,3.5866466587003304e-10,1.3587511012129962e-12,0.0,0.0,0.0,0.0,0.0,2.7569765830287534e-9
459.5,3.079e-9,490.3798541687941,0.006554,0.0,0.0,0.0,0.0,3.506496895137269e-10,1.354534884800231e-12,0.0,0.0,0.0,0.0,0.0,2.726995775601473e-9
460.5,3.041e-9,492.272342075181,0.006483,0.0,0.0,0.0,0.0,3.4271822900222187e-10,1.3502418636745353e-12,0.0,0.0,0.0,0.0,0.0,2.696931529134104e-9
461.5,3.003e-9,494.1314845395476,0.006414,0.0,0.0,0.0,0.0,3.3497105539859655e-10,1.345514831922036e-12,0.0,0.0,0.0,0.0,0.0,2.666683429769482e-9
462.5,2.968e-9,495.9833544945827,0.006346,0.0,0.0,0.0,0.0,3.2768663822689545e-10,1.341880676917735e-12,0.0,0.0,0.0,0.0,0.0,2.6389714810961868e-9
463.5,2.932e-9,497.85517527025786,0.006278,0.0,0.0,0.0,0.0,3.2036708000613093e-10,1.3377261686300572e-12,0.0,0.0,0.0,0.0,0.0,2.6102951938252383e-9
464.5,2.897e-9,499.7194050426794,0.006211,0.0,0.0,0.0,0.0,3.1328099841811793e-10,1.3337770559222082e-12,0.0,0.0,0.0,0.0,0.0,2.5823852245259597e-9
465.5,2.863e-9,501.57557740715777,0.006145,0.0,0.0,0.0,0.0,3.06423704972091e-10,1.3300407915989456e-12,0.0,0.0,0.0,0.0,0.0,2.55524625423631e-9
466.5,2.831e-9,503.4232146913092,0.00608,0.0,0.0,0.0,0.0,2.9989651761728177e-10,1.326993644371716e-12,0.0,0.0,0.0,0.0,0.0,2.529776488738346e-9
467.5,2.799e-9,505.26182793710973,0.006016,0.0,0.0,0.0,0.0,2.934819489333102e-10,1.3237099317445589e-12,0.0,0.0,0.0,0.0,0.0,2.504194341134945e-9
468.5,2.768e-9,507.12010586861555,0.005952,0.0,0.0,0.0,0.0,2.872357181103419e-10,1.3208479040975942e-12,0.0,0.0,0.0,0.0,0.0,2.4794434339855606e-9
469.5,2.737e-9,508.9984736805118,0.005888,0.0,0.0,0.0,0.0,2.8105206531797523e-10,1.317937839578407e-12,0.0,0.0,0.0,0.0,0.0,2.4546299968424463e-9
470.5,2.708e-9,510.8377147725061,0.005826,0.0,0.0,0.0,0.0,2.7522630093290427e-10,1.315572938378569e-12,0.0,0.0,0.0,0.0,0.0,2.4314581261287177e-9
471.5,2.679e-9,512.6966340546168,0.005764,0.0,0.0,0.0,0.0,2.694574122176052e-10,1.3131700450924012e-12,0.0,0.0,0.0,0.0,0.0,2.408229417737302e-9
472.5,2.651e-9,514.5451885375383,0.005703,0.0,0.0,0.0,0.0,2.638902080832355e-10,1.3110313427121869e-12,0.0,0.0,0.0,0.0,0.0,2.3857987605740522e-9
473.5,2.623e-9,516.3828294684082,0.005643,0.0,0.0,0.0,0.0,2.584219616367635e-10,1.3086660439081212e-12,0.0,0.0,0.0,0.0,0.0,2.3632693723193285e-9
474.5,2.596e-9,518.2401141806029,0.005583,0.0,0.0,0.0,0.0,2.531047671155476e-10,1.306767074244755e-12,0.0,0.0,0.0,0.0,0.0,2.341588465810208e-9
475.5,2.57e-9,520.0860111665371,0.005524,0.0,0.0,0.0,0.0,2.479796191784627e-10,1.3051511074914866e-12,0.0,0.0,0.0,0.0,0.0,2.3207152297140456e-9
476.5,2.543e-9,521.9517297930283,0.005465,0.0,0.0,0.0,0.0,2.4280794162443987e-10,1.3029995788253312e-12,0.0,0.0,0.0,0.0,0.0,2.2988890587967348e-9
477.5,2.518e-9,523.8055636347581,0.005407,0.0,0.0,0.0,0.0,2.3791945897323845e-10,1.3016499032739196e-12,0.0,0.0,0.0,0.0,0.0,2.2787788911234875e-9
478.5,2.492e-9,525.6469116915839,0.00535,0.0,0.0,0.0,0.0,2.330266829387684e-10,1.2995597725057116e-12,0.0,0.0,0.0,0.0,0.0,2.257673757288726e-9
479.5,2.467e-9,527.5079832917012,0.005293,0.0,0.0,0.0,0.0,2.282741949984495e-10,1.2979650346845312e-12,0.0,0.0,0.0,0.0,0.0,2.237427839966866e-9
480.5,2.442e-9,529.3560255007086,0.005237,0.0,0.0,0.0,0.0,2.2360963284370314e-10,1.2961442321909688e-12,0.0,0.0,0.0,0.0,0.0,2.217094222924106e-9
481.5,2.418e-9,531.2239356971709,0.005181,0.0,0.0,0.0,0.0,2.190809414070588e-10,1.2948334556943683e-12,0.0,0.0,0.0,0.0,0.0,2.197624225137247e-9
482.5,2.394e-9,533.078247111609,0.005126,0.0,0.0,0.0,0.0,2.1463698115103574e-10,1.2932987665489714e-12,0.0,0.0,0.0,0.0,0.0,2.178069720082415e-9
483.5,2.369e-9,534.9183027167751,0.005072,0.0,0.0,0.0,0.0,2.101880353477203e-10,1.2909898800034833e-12,0.0,0.0,0.0,0.0,0.0,2.157520974772276e-9
484.5,2.344e-9,536.7780540384904,0.005018,0.0,0.0,0.0,0.0,2.0578313759761934e-10,1.2886477765308323e-12,0.0,0.0,0.0,0.0,0.0,2.13692821462585e-9
485.5,2.319e-9,538.6579272837231,0.004964,0.0,0.0,0.0,0.0,2.0142238636045239e-10,1.286271856032293e-12,0.0,0.0,0.0,0.0,0.0,2.1162913417835153e-9
486.5,2.295e-9,540.4878887795877,0.004911,0.0,0.0,0.0,0.0,1.9691187611588125e-10,1.2848932132632099e-12,0.0,0.0,0.0,0.0,0.0,2.0968032306708556e-9
487.5,2.27e-9,542.2739732739441,0.004859,0.0,0.0,0.0,0.0,1.9215853802951865e-10,1.2832503858271028e-12,0.0,0.0,0.0,0.0,0.0,2.076558211584654e-9
488.5,2.242e-9,544.0792752680248,0.004807,0.0,0.0,0.0,0.0,1.87216274224547e-10,1.2798530648644196e-12,0.0,0.0,0.0,0.0,0.0,2.0535038727105882e-9
489.5,2.215e-9,545.8689300163595,0.004756,0.0,0.0,0.0,0.0,1.8247355972568476e-10,1.2767126276863581e-12,0.0,0.0,0.0,0.0,0.0,2.0312497276466288e-9
490.5,2.188e-9,547.6422218840255,0.004706,0.0,0.0,0.0,0.0,1.778436866361229e-10,1.2732574479841391e-12,0.0,0.0,0.0,0.0,0.0,2.0088830559158927e-9
491.5,2.161e-9,549.434455488613,0.004656,0.0,0.0,0.0,0.0,1.7327719959743212e-10,1.269727157017454e-12,0.0,0.0,0.0,0.0,0.0,1.9864530732455504e-9
492.5,2.134e-9,551.2096158277607,0.004607,0.0,0.0,0.0,0.0,1.6882078304617801e-10,1.2658725485079368e-12,0.0,0.0,0.0,0.0,0.0,1.963913344405314e-9
493.5,2.108e-9,553.003758055714,0.004558,0.0,0.0,0.0,0.0,1.6450436162032045e-10,1.2625350698284543e-12,0.0,0.0,0.0,0.0,0.0,1.9422331033098515e-9
494.5,2.082e-9,554.7800849921326,0.00451,0.0,0.0,0.0,0.0,1.6029313219382485e-10,1.2588749764221893e-12,0.0,0.0,0.0,0.0,0.0,1.920447992829753e-9
495.5,2.056e-9,556.5378195099222,0.004463,0.0,0.0,0.0,0.0,1.5618510044691955e-10,1.2548859417019553e-12,0.0,0.0,0.0,0.0,0.0,1.8985600136113783e-9
496.5,2.03e-9,558.3141631182644,0.004416,0.0,0.0,0.0,0.0,1.5213414682872428e-10,1.2508150618186816e-12,0.0,0.0,0.0,0.0,0.0,1.8766150381094567e-9
497.5,2.003e-9,560.0711144048421,0.00437,0.0,0.0,0.0,0.0,1.481097544272408e-10,1.2457836247003175e-12,0.0,0.0,0.0,0.0,0.0,1.853644461948059e-9
498.5,1.976e-9,561.8466581137051,0.004324,0.0,0.0,0.0,0.0,1.441430335485657e-10,1.2406516461062818e-12,0.0,0.0,0.0,0.0,0.0,1.8306163148053279e-9
499.5,1.949e-9,563.6019755671086,0.004279,0.0,0.0,0.0,0.0,1.402760438673524e-10,1.2351595637760492e-12,0.0,0.0,0.0,0.0,0.0,1.8074887965688715e-9
500.5,1.923e-9,565.3362268178349,0.004235,0.0,0.0,0.0,0.0,1.3657774539188454e-10,1.2299408883270425e-12,0.0,0.0,0.0,0.0,0.0,1.7851923137197885e-9
501.5,1.896e-9,567.0885906807341,0.004191,0.0,0.0,0.0,0.0,1.3286228586234818e-10,1.2239755656368731e-12,0.0,0.0,0.0,0.0,0.0,1.761913738572015e-9
502.5,1.87e-9,568.8189944416524,0.004148,0.0,0.0,0.0,0.0,1.293108748995713e-10,1.2182857340896252e-12,0.0,0.0,0.0,0.0,0.0,1.739470839366339e-9
503.5,1.844e-9,570.5674301185783,0.004105,0.0,0.0,0.0,0.0,1.2581096151887557e-10,1.2124873045188817e-12,0.0,0.0,0.0,0.0,0.0,1.7169765511766054e-9
504.5,1.819e-9,572.2929759875931,0.004063,0.0,0.0,0.0,0.0,1.2246870656360931e-10,1.206978621689484e-12,0.0,0.0,0.0,0.0,0.0,1.6953243148147014e-9
505.5,1.794e-9,574.0364521445797,0.004021,0.0,0.0,0.0,0.0,1.1917473544676078e-10,1.2013659767913057e-12,0.0,0.0,0.0,0.0,0.0,1.6736238985764479e-9
506.5,1.768e-9,575.7139199005445,0.003981,0.0,0.0,0.0,0.0,1.1593880309168182e-10,1.194441729461514e-12,0.0,0.0,0.0,0.0,0.0,1.6508667551788567e-9
507.5,1.743e-9,577.4083277840036,0.003941,0.0,0.0,0.0,0.0,1.1281499577685411e-10,1.188073725849924e-12,0.0,0.0,0.0,0.0,0.0,1.6289969304972958e-9
508.5,1.718e-9,579.1200214325766,0.003901,0.0,0.0,0.0,0.0,1.0973681273235526e-10,1.1815895330852783e-12,0.0,0.0,0.0,0.0,0.0,1.6070815977345596e-9
509.5,1.694e-9,580.8059058400597,0.003862,0.0,0.0,0.0,0.0,1.0680308444383127e-10,1.1754130324315137e-12,0.0,0.0,0.0,0.0,0.0,1.5860215025237373e-9
510.5,1.67e-9,582.5089016633168,0.003823,0.0,0.0,0.0,0.0,1.0391196804394594e-10,1.1691252395933713e-12,0.0,0.0,0.0,0.0,0.0,1.564918906716461e-9
511.5,1.645e-9,584.1407007374461,0.003786,0.0,0.0,0.0,0.0,1.0107137752191904e-10,1.1614794641708264e-12,0.0,0.0,0.0,0.0,0.0,1.5427671430139102e-9
512.5,1.621e-9,585.8332868878607,0.003748,0.0,0.0,0.0,0.0,9.829903879426344e-11,1.154682993909357e-12,0.0,0.0,0.0,0.0,0.0,1.5215462782118272e-9
513.5,1.598e-9,587.4979018671839,0.003711,0.0,0.0,0.0,0.0,9.566132862414087e-11,1.1482132712942223e-12,0.0,0.0,0.0,0.0,0.0,1.5011904581045649e-9
514.5,1.575e-9,589.1335344597244,0.003675,0.0,0.0,0.0,0.0,9.309506788038771e-11,1.1413590744743194e-12,0.0,0.0,0.0,0.0,0.0,1.480763573045138e-9
515.5,1.551e-9,590.7391669492666,0.00364,0.0,0.0,0.0,0.0,9.054015250896969e-11,1.1333848362385848e-12,0.0,0.0,0.0,0.0,0.0,1.4593264626547916e-9
516.5,1.528e-9,592.406862437386,0.003604,0.0,0.0,0.0,0.0,8.804856004811565e-11,1.1262853477583944e-12,0.0,0.0,0.0,0.0,0.0,1.438825154604126e-9
517.5,1.506e-9,593.9335121494142,0.003569,0.0,0.0,0.0,0.0,8.544964152061994e-11,1.1201965498673478e-12,0.0,0.0,0.0,0.0,0.0,1.4194301619295127e-9
518.5,1.483e-9,595.4243945060437,0.003535,0.0,0.0,0.0,0.0,8.286387616128439e-11,1.1129820806673013e-12,0.0,0.0,0.0,0.0,0.0,1.3990231417580482e-9
519.5,1.462e-9,596.9296858409205,0.003501,0.0,0.0,0.0,0.0,8.043401482091962e-11,1.107142372104241e-12,0.0,0.0,0.0,0.0,0.0,1.3804588428069762e-9
520.5,1.441e-9,598.4047496795163,0.003468,0.0,0.0,0.0,0.0,7.808253311931228e-11,1.100892064831795e-12,0.0,0.0,0.0,0.0,0.0,1.3618165748158563e-9
521.5,1.42e-9,599.8485808072834,0.003436,0.0,0.0,0.0,0.0,7.580712058134001e-11,1.0942263991061451e-12,0.0,0.0,0.0,0.0,0.0,1.343098653019554e-9
522.5,1.399e-9,601.3516840153502,0.003403,0.0,0.0,0.0,0.0,7.35359626983331e-11,1.0877329885087029e-12,0.0,0.0,0.0,0.0,0.0,1.3243763043131581e-9
523.5,1.379e-9,602.8232241500225,0.003371,0.0,0.0,0.0,0.0,7.139086095054587e-11,1.0816016722254281e-12,0.0,0.0,0.0,0.0,0.0,1.3065275373772287e-9
524.5,1.36e-9,604.2621606829127,0.00334,0.0,0.0,0.0,0.0,6.936725876989742e-11,1.07584821506595e-12,0.0,0.0,0.0,0.0,0.0,1.2895568930150368e-9
525.5,1.341e-9,605.7145150759258,0.003309,0.0,0.0,0.0,0.0,6.737769391262074e-11,1.0699887319377567e-12,0.0,0.0,0.0,0.0,0.0,1.2725523173554415e-9
526.5,1.323e-9,607.1805399252609,0.003278,0.0,0.0,0.0,0.0,6.547148794614492e-11,1.0648256363797958e-12,0.0,0.0,0.0,0.0,0.0,1.2564636864174753e-9
527.5,1.305e-9,608.6125343907386,0.003248,0.0,0.0,0.0,0.0,6.362911880653797e-11,1.0592655880115442e-12,0.0,0.0,0.0,0.0,0.0,1.2403116156054506e-9
528.5,1.288e-9,610.0578169625123,0.003218,0.0,0.0,0.0,0.0,6.18656338975856e-11,1.0544233686335961e-12,0.0,0.0,0.0,0.0,0.0,1.2250799427337809e-9
529.5,1.271e-9,611.4677884640048,0.003189,0.0,0.0,0.0,0.0,6.016191966297622e-11,1.049190209490304e-12,0.0,0.0,0.0,0.0,0.0,1.2097888901275335e-9
530.5,1.255e-9,612.8413597887054,0.003161,0.0,0.0,0.0,0.0,5.856282887534201e-11,1.0443937628701772e-12,0.0,0.0,0.0,0.0,0.0,1.1953927773617876e-9
531.5,1.239e-9,614.2768737987965,0.003132,0.0,0.0,0.0,0.0,5.6959696553827045e-11,1.0398182519241949e-12,0.0,0.0,0.0,0.0,0.0,1.1810004851942488e-9
532.5,1.223e-9,615.6755556457479,0.003104,0.0,0.0,0.0,0.0,5.5411851433040923e-11,1.0348552648310612e-12,0.0,0.0,0.0,0.0,0.0,1.166553293302128e-9
533.5,1.208e-9,617.0869118050839,0.003076,0.0,0.0,0.0,0.0,5.3933830078583705e-11,1.0306589802859325e-12,0.0,0.0,0.0,0.0,0.0,1.1530355109411304e-9
534.5,1.193e-9,618.4600826664837,0.003049,0.0,0.0,0.0,0.0,5.250749891527822e-11,1.0260816214164328e-12,0.0,0.0,0.0,0.0,0.0,1.1394664194633053e-9
535.5,1.178e-9,619.8454676935871,0.003022,0.0,0.0,0.0,0.0,5.110381244393798e-11,1.0214263706231036e-12,0.0,0.0,0.0,0.0,0.0,1.125874761185439e-9
536.5,1.164e-9,621.2432861245896,0.002995,0.0,0.0,0.0,0.0,4.976541463106041e-11,1.0175657292441056e-12,0.0,0.0,0.0,0.0,0.0,1.1132170196396954e-9
537.5,1.149e-9,622.6012948471142,0.002969,0.0,0.0,0.0,0.0,4.843259185693755e-11,1.0124468264545924e-12,0.0,0.0,0.0,0.0,0.0,1.0995549613166078e-9
538.5,1.135e-9,623.9712483193248,0.002943,0.0,0.0,0.0,0.0,4.7162683598039155e-11,1.0081313623552776e-12,0.0,0.0,0.0,0.0,0.0,1.0868291850396055e-9
539.5,1.121e-9,625.3533585340896,0.002917,0.0,0.0,0.0,0.0,4.591283845967394e-11,1.0037436224944992e-12,0.0,0.0,0.0,0.0,0.0,1.0740834179178315e-9
540.5,1.108e-9,626.7478431784506,0.002891,0.0,0.0,0.0,0.0,4.4723321746246256e-11,1.0001847346124734e-12,0.0,0.0,0.0,0.0,0.0,1.0622764935191415e-9
541.5,1.095e-9,628.1005715664505,0.002866,0.0,0.0,0.0,0.0,4.357727886140909e-11,9.962506510032528e-13,0.0,0.0,0.0,0.0,0.0,1.0504264704875877e-9
542.5,1.082e-9,629.465151589448,0.002841,0.0,0.0,0.0,0.0,4.244899379932651e-11,9.922521084297598e-13,0.0,0.0,0.0,0.0,0.0,1.0385587540922436e-9
543.5,1.071e-9,630.7864928550937,0.002817,0.0,0.0,0.0,0.0,4.1439731149177514e-11,9.897192723372718e-13,0.0,0.0,0.0,0.0,0.0,1.028570549578485e-9
544.5,1.059e-9,632.1749150243164,0.002792,0.0,0.0,0.0,0.0,4.0383304774156017e-11,9.865329897551292e-13,0.0,0.0,0.0,0.0,0.0,1.0176301622360886e-9
545.5,1.047e-9,633.5195464048243,0.002768,0.0,0.0,0.0,0.0,3.936650840285122e-11,9.829733805026146e-13,0.0,0.0,0.0,0.0,0.0,1.0066505182166462e-9
546.5,1.036e-9,634.8758873496477,0.002744,0.0,0.0,0.0,0.0,3.84023234648002e-11,9.803027922218605e-13,0.0,0.0,0.0,0.0,0.0,9.966173737429779e-10
547.5,1.025e-9,636.1868922916408,0.002721,0.0,0.0,0.0,0.0,3.74750783430462e-11,9.772657734623816e-13,0.0,0.0,0.0,0.0,0.0,9.865476558834914e-10
548.5,1.015e-9,637.5667654812856,0.002697,0.0,0.0,0.0,0.0,3.657532395696256e-11,9.754669213634494e-13,0.0,0.0,0.0,0.0,0.0,9.77449209121674e-10
549.5,1.004e-9,638.9007151185263,0.002674,0.0,0.0,0.0,0.0,3.5675132453714874e-11,9.723431413316723e-13,0.0,0.0,0.0,0.0,0.0,9.673525244049535e-10
550.5,9.939e-10,640.246188219284,0.002651,0.0,0.0,0.0,0.0,3.481997796620171e-11,9.700486307877388e-13,0.0,0.0,0.0,0.0,0.0,9.581099734030107e-10
551.5,9.84e-10,641.5441304600862,0.002629,0.0,0.0,0.0,0.0,3.400548111624132e-11,9.67584718168581e-13,0.0,0.0,0.0,0.0,0.0,9.490269341655901e-10
552.5,9.742e-10,642.8198928316615,0.002606,0.0,0.0,0.0,0.0,3.3104403288231255e-11,9.657917028280964e-13,0.0,0.0,0.0,0.0,0.0,9.401298050089408e-10
553.5,9.645e-10,644.0192909112169,0.002584,0.0,0.0,0.0,0.0,3.221944223105069e-11,9.638121988335545e-13,0.0,0.0,0.0,0.0,0.0,9.313167455701158e-10
554.5,9.549e-10,645.2289443650071,0.002562,0.0,0.0,0.0,0.0,3.135334635005188e-11,9.618957291015136e-13,0.0,0.0,0.0,0.0,0.0,9.225847579208468e-10
555.5,9.456e-10,646.4490300824035,0.00254,0.0,0.0,0.0,0.0,3.0512277738012387e-11,9.602471467187971e-13,0.0,0.0,0.0,0.0,0.0,9.141274751152687e-10
556.5,9.365e-10,647.6235558111163,0.002519,0.0,0.0,0.0,0.0,2.971626307082821e-11,9.584152863822251e-13,0.0,0.0,0.0,0.0,0.0,9.058253216427896e-10
557.5,9.274e-10,648.864560329552,0.002497,0.0,0.0,0.0,0.0,2.891054540113704e-11,9.569072030160734e-13,0.0,0.0,0.0,0.0,0.0,8.975325473958469e-10
558.5,9.185e-10,650.0593978224481,0.002476,0.0,0.0,0.0,0.0,2.814837353482581e-11,9.552173057508808e-13,0.0,0.0,0.0,0.0,0.0,8.893964091594234e-10
559.5,9.097e-10,651.2644125165069,0.002455,0.0,0.0,0.0,0.0,2.7402491523080004e-11,9.536006920270463e-13,0.0,0.0,0.0,0.0,0.0,8.813439077848931e-10
560.5,9.012e-10,652.4216672959881,0.002435,0.0,0.0,0.0,0.0,2.6700753221812447e-11,9.519070394680477e-13,0.0,0.0,0.0,0.0,0.0,8.735473397387195e-10
561.5,8.928e-10,653.6470598886194,0.002414,0.0,0.0,0.0,0.0,2.5991999236057562e-11,9.506554371330017e-13,0.0,0.0,0.0,0.0,0.0,8.658573453268095e-10
562.5,8.844e-10,654.8240517682303,0.002394,0.0,0.0,0.0,0.0,2.5317129513556925e-11,9.49011378126145e-13,0.0,0.0,0.0,0.0,0.0,8.58133859108317e-10
563.5,8.762e-10,656.0109178561335,0.002374,0.0,0.0,0.0,0.0,2.4659489831926604e-11,9.475542692215105e-13,0.0,0.0,0.0,0.0,0.0,8.505929558988519e-10
564.5,8.681e-10,657.2078252315763,0.002354,0.0,0.0,0.0,0.0,2.401593589201014e-11,9.46179706149462e-13,0.0,0.0,0.0,0.0,0.0,8.431378844018404e-10
565.5,8.602e-10,658.4149452506807,0.002334,0.0,0.0,0.0,0.0,2.338895564773726e-11,9.449996873665908e-13,0.0,0.0,0.0,0.0,0.0,8.358660446648961e-10
566.5,8.524e-10,659.6324536936735,0.002314,0.0,0.0,0.0,0.0,2.277550681480847e-11,9.439083165591865e-13,0.0,0.0,0.0,0.0,0.0,8.286805848686322e-10
567.5,8.446e-10,660.7988732108687,0.002295,0.0,0.0,0.0,0.0,2.2192376819255875e-11,9.42417215174975e-13,0.0,0.0,0.0,0.0,0.0,8.214652059655691e-10
568.5,8.369e-10,662.0371621486005,0.002275,0.0,0.0,0.0,0.0,2.160243754750232e-11,9.413942175076092e-13,0.0,0.0,0.0,0.0,0.0,8.143561682349901e-10
569.5,8.294e-10,663.2236615112764,0.002256,0.0,0.0,0.0,0.0,2.1046954080683495e-11,9.40194583988499e-13,0.0,0.0,0.0,0.0,0.0,8.074128513353281e-10
570.5,8.221e-10,664.3569675017646,0.002238,0.0,0.0,0.0,0.0,2.0524601965430172e-11,9.388162032827061e-13,0.0,0.0,0.0,0.0,0.0,8.006365818312871e-10
571.5,8.148e-10,665.5631666642822,0.002219,0.0,0.0,0.0,0.0,1.9992525296779893e-11,9.37803518011161e-13,0.0,0.0,0.0,0.0,0.0,7.93869671185209e-10
572.5,8.075e-10,666.7797383388331,0.0022,0.0,0.0,0.0,0.0,1.9469623884424594e-11,9.367726408161135e-13,0.0,0.0,0.0,0.0,0.0,7.870936034747593e-10
573.5,8.004e-10,667.9420109384005,0.002182,0.0,0.0,0.0,0.0,1.8978273024447685e-11,9.355636739160273e-13,0.0,0.0,0.0,0.0,0.0,7.804861633016363e-10
574.5,7.934e-10,669.1139113083611,0.002164,0.0,0.0,0.0,0.0,1.8497506388927883e-11,9.344523909640005e-13,0.0,0.0,0.0,0.0,0.0,7.73968041220108e-10
575.5,7.864e-10,670.2956002866407,0.002146,0.0,0.0,0.0,0.0,1.8024849323640965e-11,9.33322503437673e-13,0.0,0.0,0.0,0.0,0.0,7.674418281729213e-10
576.5,7.795e-10,671.4872427754842,0.002128,0.0,0.0,0.0,0.0,1.7562491090486255e-11,9.3229332536916e-13,0.0,0.0,0.0,0.0,0.0,7.610052155841445e-10
577.5,7.727e-10,672.62197465967,0.002111,0.0,0.0,0.0,0.0,1.7126798330020197e-11,9.309640572827399e-13,0.0,0.0,0.0,0.0,0.0,7.54642237612697e-10
578.5,7.661e-10,673.8334592002147,0.002093,0.0,0.0,0.0,0.0,1.6686394706825942e-11,9.302625615361554e-13,0.0,0.0,0.0,0.0,0.0,7.484833427316379e-10
579.5,7.596e-10,674.9872441199353,0.002076,0.0,0.0,0.0,0.0,1.6271680818128526e-11,9.292626914854024e-13,0.0,0.0,0.0,0.0,0.0,7.423990564903862e-10
580.5,7.531e-10,676.2192426858232,0.002058,0.0,0.0,0.0,0.0,1.5848110693328824e-11,9.286582297060779e-13,0.0,0.0,0.0,0.0,0.0,7.363232310769652e-10
581.5,7.466e-10,677.3927314022632,0.002041,0.0,0.0,0.0,0.0,1.5447357842956516e-11,9.276290912426936e-13,0.0,0.0,0.0,0.0,0.0,7.302250130658008e-10
582.5,7.403e-10,678.5760353904471,0.002024,0.0,0.0,0.0,0.0,1.5057438527214228e-11,9.268340872688555e-13,0.0,0.0,0.0,0.0,0.0,7.243157273855169e-10
583.5,7.34e-10,679.7693202296987,0.002007,0.0,0.0,0.0,0.0,1.4674091736186e-11,9.260264386598159e-13,0.0,0.0,0.0,0.0,0.0,7.183998818251543e-10
584.5,7.278e-10,680.9727557248826,0.00199,0.0,0.0,0.0,0.0,1.429922978555315e-11,9.253331262399248e-13,0.0,0.0,0.0,0.0,0.0,7.12575437088207e-10
585.5,7.216e-10,682.1148293977824,0.001974,0.0,0.0,0.0,0.0,1.3945217006597482e-11,9.242034648184649e-13,0.0,0.0,0.0,0.0,0.0,7.067305795285841e-10
586.5,7.155e-10,683.3384703686272,0.001957,0.0,0.0,0.0,0.0,1.3584751961888664e-11,9.236141322166792e-13,0.0,0.0,0.0,0.0,0.0,7.009916339058946e-10
587.5,7.095e-10,684.4998815741138,0.001941,0.0,0.0,0.0,0.0,1.3246350631973222e-11,9.22714436260988e-13,0.0,0.0,0.0,0.0,0.0,6.953309349317658e-10
588.5,7.035e-10,685.670906225339,0.001925,0.0,0.0,0.0,0.0,1.2913587750055636e-11,9.218014318238727e-13,0.0,0.0,0.0,0.0,0.0,6.896646108181205e-10
589.5,6.976e-10,686.8517047999122,0.001909,0.0,0.0,0.0,0.0,1.2588222948579398e-11,9.210069608485365e-13,0.0,0.0,0.0,0.0,0.0,6.840907700905719e-10
590.5,6.918e-10,687.9271627210107,0.001893,0.0,0.0,0.0,0.0,1.2238482637884167e-11,9.204716219849296e-13,0.0,0.0,0.0,0.0,0.0,6.78641045740131e-10
591.5,6.86e-10,688.9952107853985,0.001877,0.0,0.0,0.0,0.0,1.1891127813371682e-11,9.199455391479974e-13,0.0,0.0,0.0,0.0,0.0,6.731889266474804e-10
592.5,6.803e-10,690.0724022296018,0.001861,0.0,0.0,0.0,0.0,1.1552402546417357e-11,9.19544075742389e-13,0.0,0.0,0.0,0.0,0.0,6.678280533778404e-10
593.5,6.746e-10,691.0907136177516,0.001846,0.0,0.0,0.0,0.0,1.1235078312274847e-11,9.186748717683741e-13,0.0,0.0,0.0,0.0,0.0,6.624462468159569e-10
594.5,6.69e-10,692.1173333222473,0.001831,0.0,0.0,0.0,0.0,1.0925519243693571e-11,9.179280835179897e-13,0.0,0.0,0.0,0.0,0.0,6.571565526727884e-10
595.5,6.634e-10,693.1523980327918,0.001816,0.0,0.0,0.0,0.0,1.0621962529151001e-11,9.171683987866106e-13,0.0,0.0,0.0,0.0,0.0,6.518608690720624e-10
596.5,6.579e-10,694.196047840346,0.001801,0.0,0.0,0.0,0.0,1.032591304736318e-11,9.165349810085596e-13,0.0,0.0,0.0,0.0,0.0,6.466575519716282e-10
597.5,6.525e-10,695.3188988574435,0.001785,0.0,0.0,0.0,0.0,1.0023698859118229e-11,9.16502637525539e-13,0.0,0.0,0.0,0.0,0.0,6.415597985033562e-10
598.5,6.471e-10,696.3096808041556,0.001771,0.0,0.0,0.0,0.0,9.754197068729889e-12,9.15517857707795e-13,0.0,0.0,0.0,0.0,0.0,6.364302850735623e-10
599.5,6.417e-10,697.379962196969,0.001756,0.0,0.0,0.0,0.0,9.476804608913664e-12,9.14995781820755e-13,0.0,0.0,0.0,0.0,0.0,6.313081996092655e-10
600.5,6.364e-10,698.4594254124747,0.001741,0.0,0.0,0.0,0.0,9.206419328955498e-12,9.14608331890032e-13,0.0,0.0,0.0,0.0,0.0,6.262789723391544e-10
601.5,6.311e-10,699.4753485780044,0.001727,0.0,0.0,0.0,0.0,8.953954719894342e-12,9.13728951580657e-13,0.0,0.0,0.0,0.0,0.0,6.21232316328525e-10
602.5,6.258e-10,700.5730175667013,0.001712,0.0,0.0,0.0,0.0,8.694133047057543e-12,9.133241214172032e-13,0.0,0.0,0.0,0.0,0.0,6.161925428315252e-10
603.5,6.206e-10,701.6062205563383,0.001698,0.0,0.0,0.0,0.0,8.452982462703706e-12,9.125674975398398e-13,0.0,0.0,0.0,0.0,0.0,6.112344500397564e-10
604.5,6.155e-10,702.6479776597689,0.001684,0.0,0.0,0.0,0.0,8.217887219672664e-12,9.11947317115702e-13,0.0,0.0,0.0,0.0,0.0,6.063701654632116e-10
605.5,6.103e-10,703.6984317030665,0.00167,0.0,0.0,0.0,0.0,7.986098458229611e-12,9.1116825052941e-13,0.0,0.0,0.0,0.0,0.0,6.014027332912409e-10
606.5,6.053e-10,704.7577291195416,0.001656,0.0,0.0,0.0,0.0,7.76149086698533e-12,9.106781047404455e-13,0.0,0.0,0.0,0.0,0.0,5.966278310282741e-10
607.5,6.002e-10,705.7494120594629,0.001643,0.0,0.0,0.0,0.0,7.55117067546072e-12,9.095235652979356e-13,0.0,0.0,0.0,0.0,0.0,5.917393057592413e-10
608.5,5.952e-10,706.8261919799064,0.001629,0.0,0.0,0.0,0.0,7.33523898691321e-12,9.090136013701315e-13,0.0,0.0,0.0,0.0,0.0,5.869557474117166e-10
609.5,5.903e-10,707.8343776770065,0.001616,0.0,0.0,0.0,0.0,7.135530574915539e-12,9.081376582703837e-13,0.0,0.0,0.0,0.0,0.0,5.822563317668142e-10
610.5,5.852e-10,708.929226846472,0.001602,0.0,0.0,0.0,0.0,6.9268499848453085e-12,9.074547774621831e-13,0.0,0.0,0.0,0.0,0.0,5.773656952376926e-10
611.5,5.799e-10,709.9544738488142,0.001589,0.0,0.0,0.0,0.0,6.730391701776247e-12,9.05929985521147e-13,0.0,0.0,0.0,0.0,0.0,5.722636783127027e-10
612.5,5.747e-10,710.9881431957556,0.001576,0.0,0.0,0.0,0.0,6.53900954371489e-12,9.045404649779684e-13,0.0,0.0,0.0,0.0,0.0,5.67256449991307e-10
613.5,5.694e-10,712.0303744124219,0.001563,0.0,0.0,0.0,0.0,6.350360504172643e-12,9.029722302508399e-13,0.0,0.0,0.0,0.0,0.0,5.621466672655765e-10
614.5,5.643e-10,713.0813105199909,0.00155,0.0,0.0,0.0,0.0,6.16774640816213e-12,9.017006854670018e-13,0.0,0.0,0.0,0.0,0.0,5.572305529063709e-10
615.5,5.591e-10,714.1410981534762,0.001537,0.0,0.0,0.0,0.0,5.987777519382963e-12,9.002497254966524e-13,0.0,0.0,0.0,0.0,0.0,5.522119727551203e-10
616.5,5.539e-10,715.2098876845149,0.001524,0.0,0.0,0.0,0.0,5.811525265757128e-12,8.987775666344189e-13,0.0,0.0,0.0,0.0,0.0,5.471896971676084e-10
617.5,5.488e-10,716.2878333494128,0.001511,0.0,0.0,0.0,0.0,5.6399735723736235e-12,8.974473596430799e-13,0.0,0.0,0.0,0.0,0.0,5.422625790679833e-10
618.5,5.438e-10,717.2911236384595,0.001499,0.0,0.0,0.0,0.0,5.48185592742556e-12,8.957207936560315e-13,0.0,0.0,0.0,0.0,0.0,5.374224232789184e-10
619.5,5.388e-10,718.3871255710809,0.001486,0.0,0.0,0.0,0.0,5.318212145206724e-12,8.945151906476047e-13,0.0,0.0,0.0,0.0,0.0,5.325872726641457e-10
620.5,5.342e-10,719.4073635153784,0.001474,0.0,0.0,0.0,0.0,5.170379072222778e-12,8.934125564574589e-13,0.0,0.0,0.0,0.0,0.0,5.281362083713197e-10
621.5,5.296e-10,720.4359413718876,0.001462,0.0,0.0,0.0,0.0,5.025457150224826e-12,8.922951841041167e-13,0.0,0.0,0.0,0.0,0.0,5.236822476656711e-10
622.5,5.251e-10,721.4729966140042,0.00145,0.0,0.0,0.0,0.0,4.884343745597094e-12,8.913325864957201e-13,0.0,0.0,0.0,0.0,0.0,5.193243236679072e-10
623.5,5.206e-10,722.4311980103113,0.001439,0.0,0.0,0.0,0.0,4.75403336477055e-12,8.897981554303395e-13,0.0,0.0,0.0,0.0,0.0,5.149561684797991e-10
624.5,5.162e-10,723.4848984353606,0.001427,0.0,0.0,0.0,0.0,4.619238449761806e-12,8.889784961245489e-13,0.0,0.0,0.0,0.0,0.0,5.106917830541137e-10
625.5,5.117e-10,724.5474972099954,0.001415,0.0,0.0,0.0,0.0,4.486276959137831e-12,8.879748503373454e-13,0.0,0.0,0.0,0.0,0.0,5.063257481905248e-10
626.5,5.073e-10,725.6191459057059,0.001403,0.0,0.0,0.0,0.0,4.356889002543525e-12,8.871328104229229e-13,0.0,0.0,0.0,0.0,0.0,5.020559781870335e-10
627.5,5.029e-10,726.7,0.001391,0.0,0.0,0.0,0.0,4.230148519408158e-12,8.862800190676554e-13,0.0,0.0,0.0,0.0,0.0,4.977835714615242e-10
628.5,4.986e-10,727.5679706926253,0.00138,0.0,0.0,0.0,0.0,4.097215821346549e-12,8.849788261878731e-13,0.0,0.0,0.0,0.0,0.0,4.936178053524656e-10
629.5,4.942e-10,728.4428877505702,0.001369,0.0,0.0,0.0,0.0,3.966603065727181e-12,8.834812713566621e-13,0.0,0.0,0.0,0.0,0.0,4.893499156629161e-10
630.5,4.899e-10,729.4053967979632,0.001357,0.0,0.0,0.0,0.0,3.83157523982258e-12,8.827251750070085e-13,0.0,0.0,0.0,0.0,0.0,4.851856995851705e-10
631.5,4.857e-10,730.2952034694137,0.001346,0.0,0.0,0.0,0.0,3.708850416070731e-12,8.815540999882747e-13,0.0,0.0,0.0,0.0,0.0,4.811095954839409e-10
632.5,4.815e-10,731.1923118811011,0.001335,0.0,0.0,0.0,0.0,3.5890663729715513e-12,8.803673431470304e-13,0.0,0.0,0.0,0.0,0.0,4.770305662838815e-10
633.5,4.773e-10,732.0968428611653,0.001324,0.0,0.0,0.0,0.0,3.4721772730271923e-12,8.791646837325397e-13,0.0,0.0,0.0,0.0,0.0,4.729486580432403e-10
634.5,4.731e-10,732.9256889828741,0.001314,0.0,0.0,0.0,0.0,3.3656719808998646e-12,8.773492957720673e-13,0.0,0.0,0.0,0.0,0.0,4.688569787233282e-10
635.5,4.689e-10,733.8447368697404,0.001303,0.0,0.0,0.0,0.0,3.2542497722252655e-12,8.761103051169651e-13,0.0,0.0,0.0,0.0,0.0,4.6476963992265777e-10
636.5,4.648e-10,734.7715763923292,0.001292,0.0,0.0,0.0,0.0,3.1462666812322415e-12,8.75042908683922e-13,0.0,0.0,0.0,0.0,0.0,4.607786904100838e-10
637.5,4.607e-10,735.6210311694696,0.001282,0.0,0.0,0.0,0.0,3.0479644262427985e-12,8.733537884014425e-13,0.0,0.0,0.0,0.0,0.0,4.5677868178535583e-10
638.5,4.566e-10,736.4771379703003,0.001272,0.0,0.0,0.0,0.0,2.9519599850532554e-12,8.716430263615908e-13,0.0,0.0,0.0,0.0,0.0,4.527763969885852e-10
639.5,4.526e-10,737.4266639375206,0.001261,0.0,0.0,0.0,0.0,2.8521811518851696e-12,8.707169026136683e-13,0.0,0.0,0.0,0.0,0.0,4.4887710194550115e-10
640.5,4.485e-10,738.2970847759299,0.001251,0.0,0.0,0.0,0.0,2.760813787224708e-12,8.689664787045436e-13,0.0,0.0,0.0,0.0,0.0,4.448702197340707e-10
641.5,4.446e-10,739.1744914100494,0.001241,0.0,0.0,0.0,0.0,2.6728398198424974e-12,8.675836319674422e-13,0.0,0.0,0.0,0.0,0.0,4.4105957654819005e-10
642.5,4.406e-10,740.0589968804803,0.001231,0.0,0.0,0.0,0.0,2.5863788690966574e-12,8.659867803605022e-13,0.0,0.0,0.0,0.0,0.0,4.3714763435054286e-10
643.5,4.367e-10,740.9507169939668,0.001221,0.0,0.0,0.0,0.0,2.5025861118540357e-12,8.645673069400239e-13,0.0,0.0,0.0,0.0,0.0,4.3333284658120594e-10
644.5,4.328e-10,741.8497704143912,0.001211,0.0,0.0,0.0,0.0,2.4208277976447383e-12,8.631297834918642e-13,0.0,0.0,0.0,0.0,0.0,4.295160424188634e-10
645.5,4.289e-10,742.7562787575408,0.001201,0.0,0.0,0.0,0.0,2.3410715766665488e-12,8.61673910798965e-13,0.0,0.0,0.0,0.0,0.0,4.2569725451253446e-10
646.5,4.251e-10,743.670366689836,0.001191,0.0,0.0,0.0,0.0,2.2638178602753053e-12,8.604017801276409e-13,0.0,0.0,0.0,0.0,0.0,4.2197578035959707e-10
647.5,4.213e-10,744.5921620312217,0.001181,0.0,0.0,0.0,0.0,2.1884760494280653e-12,8.591137129991346e-13,0.0,0.0,0.0,0.0,0.0,4.1825241023757275e-10
648.5,4.175e-10,745.4284759423044,0.001172,0.0,0.0,0.0,0.0,2.120347543943378e-12,8.571604446178882e-13,0.0,0.0,0.0,0.0,0.0,4.145224920114387e-10
649.5,4.137e-10,746.3652792735007,0.001162,0.0,0.0,0.0,0.0,2.0486012003883664e-12,8.558354341343992e-13,0.0,0.0,0.0,0.0,0.0,4.1079556336547727e-10
650.5,4.1e-10,747.215321152729,0.001153,0.0,0.0,0.0,0.0,1.9842328336396034e-12,8.540453187310671e-13,0.0,0.0,0.0,0.0,0.0,4.071617218476293e-10
651.5,4.063e-10,748.0720242900402,0.001144,0.0,0.0,0.0,0.0,1.9213798357430243e-12,8.522332638849247e-13,0.0,0.0,0.0,0.0,0.0,4.0352638690037206e-10
652.5,4.026e-10,748.9354939109728,0.001135,0.0,0.0,0.0,0.0,1.8600187877008333e-12,8.50398879425683e-13,0.0,0.0,0.0,0.0,0.0,3.998895823328735e-10
653.5,3.989e-10,749.8058377542441,0.001126,0.0,0.0,0.0,0.0,1.8001264315479408e-12,8.48541763488233e-13,0.0,0.0,0.0,0.0,0.0,3.9625133180496376e-10
654.5,3.953e-10,750.7810831135549,0.001116,0.0,0.0,0.0,0.0,1.7375203851497883e-12,8.47546989978893e-13,0.0,0.0,0.0,0.0,0.0,3.927149326248713e-10
655.5,3.917e-10,751.6663047905704,0.001107,0.0,0.0,0.0,0.0,1.6810290485865545e-12,8.458643334960166e-13,0.0,0.0,0.0,0.0,0.0,3.891731066179174e-10
656.5,3.881e-10,752.558752846925,0.001098,0.0,0.0,0.0,0.0,1.6259154735568352e-12,8.441608626596606e-13,0.0,0.0,0.0,0.0,0.0,3.856299236637835e-10
657.5,3.845e-10,753.3582026967774,0.00109,0.0,0.0,0.0,0.0,1.5764244167248963e-12,8.417531990957014e-13,0.0,0.0,0.0,0.0,0.0,3.8208182238417935e-10
658.5,3.81e-10,754.2646275282983,0.001081,0.0,0.0,0.0,0.0,1.5242928250879348e-12,8.402234569458998e-13,0.0,0.0,0.0,0.0,0.0,3.7863548371796615e-10
659.5,3.775e-10,755.1786305466519,0.001072,0.0,0.0,0.0,0.0,1.4734554051280937e-12,8.386749376629068e-13,0.0,0.0,0.0,0.0,0.0,3.7518786965720896e-10
660.5,3.74e-10,755.9975428386094,0.001064,0.0,0.0,0.0,0.0,1.4278512417968894e-12,8.364127261220208e-13,0.0,0.0,0.0,0.0,0.0,3.717357360320811e-10
661.5,3.706e-10,756.926211488586,0.001055,0.0,0.0,0.0,0.0,1.379809846604379e-12,8.350465745796883e-13,0.0,0.0,0.0,0.0,0.0,3.6838514357881596e-10
662.5,3.671e-10,757.7583698721984,0.001047,0.0,0.0,0.0,0.0,1.3363870718027943e-12,8.327345949410681e-13,0.0,0.0,0.0,0.0,0.0,3.6493087833325613e-10
663.5,3.637e-10,758.5969111245525,0.001039,0.0,0.0,0.0,0.0,1.2943432866739499e-12,8.306230538566196e-13,0.0,0.0,0.0,0.0,0.0,3.615750336594694e-10
664.5,3.604e-10,759.5480225059624,0.00103,0.0,0.0,0.0,0.0,1.2500489834541735e-12,8.294254853089637e-13,0.0,0.0,0.0,0.0,0.0,3.5832052553123687e-10
665.5,3.57e-10,760.4004578563296,0.001022,0.0,0.0,0.0,0.0,1.2100515643290863e-12,8.272678458601252e-13,0.0,0.0,0.0,0.0,0.0,3.549626805898108e-10
666.5,3.537e-10,761.2595921779362,0.001014,0.0,0.0,0.0,0.0,1.171344532942513e-12,8.253172900355421e-13,0.0,0.0,0.0,0.0,0.0,3.517033381770219e-10
667.5,3.504e-10,762.0756662612267,0.001006,0.0,0.0,0.0,0.0,1.1317455669713292e-12,8.232700327212328e-13,0.0,0.0,0.0,0.0,0.0,3.484449844003074e-10
668.5,3.471e-10,762.8055388334842,0.0009981,0.0,0.0,0.0,0.0,1.0906128412019226e-12,8.210060490615535e-13,0.0,0.0,0.0,0.0,0.0,3.4518838110973656e-10
669.5,3.439e-10,763.5412113894123,0.0009902,0.0,0.0,0.0,0.0,1.0509528921212476e-12,8.189539979595795e-13,0.0,0.0,0.0,0.0,0.0,3.420300931099192e-10
670.5,3.406e-10,764.2827768478456,0.0009823,0.0,0.0,0.0,0.0,1.0121224748823004e-12,8.166387650199256e-13,0.0,0.0,0.0,0.0,0.0,3.387712387600978e-10
671.5,3.375e-10,765.020829855093,0.0009745,0.0,0.0,0.0,0.0,9.753401611896117e-13,8.147081779028115e-13,0.0,0.0,0.0,0.0,0.0,3.357099516609076e-10
672.5,3.343e-10,765.745662719751,0.0009669,0.0,0.0,0.0,0.0,9.400013133105374e-13,8.123700673033332e-13,0.0,0.0,0.0,0.0,0.0,3.325476286193862e-10
673.5,3.311e-10,766.4762154335633,0.0009593,0.0,0.0,0.0,0.0,9.056621417321701e-13,8.100051488600403e-13,0.0,0.0,0.0,0.0,0.0,3.293843327094078e-10
674.5,3.28e-10,767.2028518701763,0.0009518,0.0,0.0,0.0,0.0,8.728892158020029e-13,8.077871737900133e-13,0.0,0.0,0.0,0.0,0.0,3.2631932361040803e-10
675.5,3.249e-10,767.9352367693142,0.0009443,0.0,0.0,0.0,0.0,8.41042616178399e-13,8.055440591873517e-13,0.0,0.0,0.0,0.0,0.0,3.232534133246342e-10
676.5,3.218e-10,768.6635799873883,0.0009369,0.0,0.0,0.0,0.0,8.104061912690447e-13,8.032026044758857e-13,0.0,0.0,0.0,0.0,0.0,3.201863912042551e-10
677.5,3.188e-10,769.3777810299281,0.0009297,0.0,0.0,0.0,0.0,7.814742148627804e-13,8.009394955640552e-13,0.0,0.0,0.0,0.0,0.0,3.1721758628957314e-10
678.5,3.157e-10,770.0975347116103,0.0009225,0.0,0.0,0.0,0.0,7.531103174894336e-13,7.983982441976054e-13,0.0,0.0,0.0,0.0,0.0,3.14148491438313e-10
679.5,3.127e-10,770.822928048673,0.0009153,0.0,0.0,0.0,0.0,7.25781997191012e-13,7.960825046488289e-13,0.0,0.0,0.0,0.0,0.0,3.111781354981602e-10
680.5,3.098e-10,771.5438560044583,0.0009082,0.0,0.0,0.0,0.0,6.997235769636791e-13,7.939227704835974e-13,0.0,0.0,0.0,0.0,0.0,3.083063536525527e-10
681.5,3.068e-10,772.2601688042918,0.0009012,0.0,0.0,0.0,0.0,6.744382854667716e-13,7.914067036397927e-13,0.0,0.0,0.0,0.0,0.0,3.0533415501089347e-10
682.5,3.039e-10,772.9820672565891,0.0008942,0.0,0.0,0.0,0.0,6.500801137461353e-13,7.891217995051754e-13,0.0,0.0,0.0,0.0,0.0,3.024607980867487e-10
683.5,3.01e-10,773.6887718409489,0.0008874,0.0,0.0,0.0,0.0,6.269035090364821e-13,7.866611556592212e-13,0.0,0.0,0.0,0.0,0.0,2.995864353353043e-10
684.5,2.981e-10,774.4114263071533,0.0008805,0.0,0.0,0.0,0.0,6.041317198720656e-13,7.842485243288146e-13,0.0,0.0,0.0,0.0,0.0,2.967116197557991e-10
685.5,2.953e-10,775.1291694835222,0.0008737,0.0,0.0,0.0,0.0,5.824363891600645e-13,7.819977367818941e-13,0.0,0.0,0.0,0.0,0.0,2.939355658740581e-10
686.5,2.924e-10,775.8418421609286,0.000867,0.0,0.0,0.0,0.0,5.613844667243502e-13,7.793794001234052e-13,0.0,0.0,0.0,0.0,0.0,2.910592361331522e-10
687.5,2.897e-10,776.549283158757,0.0008604,0.0,0.0,0.0,0.0,5.415203030104823e-13,7.771916675057369e-13,0.0,0.0,0.0,0.0,0.0,2.883812880294838e-10
688.5,2.869e-10,777.2513293760887,0.0008539,0.0,0.0,0.0,0.0,5.222374191698152e-13,7.746334349492666e-13,0.0,0.0,0.0,0.0,0.0,2.856031291458809e-10
689.5,2.841e-10,777.9587401318934,0.0008474,0.0,0.0,0.0,0.0,5.034903528450589e-13,7.720468393035438e-13,0.0,0.0,0.0,0.0,0.0,2.8282446280785133e-10
690.5,2.814e-10,778.6715980418506,0.0008409,0.0,0.0,0.0,0.0,4.854409744341089e-13,7.697048783949854e-13,0.0,0.0,0.0,0.0,0.0,2.801448541471709e-10
691.5,2.787e-10,779.3678000232487,0.0008346,0.0,0.0,0.0,0.0,4.682897989989781e-13,7.671816395161071e-13,0.0,0.0,0.0,0.0,0.0,2.7746452856148495e-10
692.5,2.76e-10,780.0692772638868,0.0008283,0.0,0.0,0.0,0.0,4.5161150641597133e-13,7.646307514787517e-13,0.0,0.0,0.0,0.0,0.0,2.747837577421052e-10
693.5,2.734e-10,780.7761103178793,0.000822,0.0,0.0,0.0,0.0,4.3555608837189333e-13,7.623305338791493e-13,0.0,0.0,0.0,0.0,0.0,2.72202113377749e-10
694.5,2.708e-10,781.4770327968072,0.0008158,0.0,0.0,0.0,0.0,4.201268603468142e-13,7.599265562493654e-13,0.0,0.0,0.0,0.0,0.0,2.696199465834038e-10
695.5,2.682e-10,782.1833025888442,0.0008096,0.0,0.0,0.0,0.0,4.051244029475964e-13,7.574963709225033e-13,0.0,0.0,0.0,0.0,0.0,2.670373792261299e-10
696.5,2.656e-10,782.871958263637,0.0008036,0.0,0.0,0.0,0.0,3.9088085229706504e-13,7.54880789386254e-13,0.0,0.0,0.0,0.0,0.0,2.644542383583167e-10
697.5,2.63e-10,783.5657750333389,0.0007976,0.0,0.0,0.0,0.0,3.770279048806814e-13,7.522367235228921e-13,0.0,0.0,0.0,0.0,0.0,2.6187073537159643e-10
698.5,2.605e-10,784.2648308415884,0.0007916,0.0,0.0,0.0,0.0,3.6369751931367263e-13,7.498514931274322e-13,0.0,0.0,0.0,0.0,0.0,2.5938645098755886e-10
699.5,2.58e-10,784.9574218114323,0.0007857,0.0,0.0,0.0,0.0,3.508915643935773e-13,7.473601121193403e-13,0.0,0.0,0.0,0.0,0.0,2.569017483234871e-10
700.5,2.556e-10,785.643362016113,0.0007799,0.0,0.0,0.0,0.0,3.3872207846489624e-13,7.450526234566085e-13,0.0,0.0,0.0,0.0,0.0,2.5451622529807847e-10
701.5,2.531e-10,786.3344225425407,0.0007741,0.0,0.0,0.0,0.0,3.267530592564145e-13,7.424273540883815e-13,0.0,0.0,0.0,0.0,0.0,2.520308195866552e-10
702.5,2.506e-10,787.0186314924289,0.0007684,0.0,0.0,0.0,0.0,3.1525762459600573e-13,7.396922285163357e-13,0.0,0.0,0.0,0.0,0.0,2.495450501468877e-10
703.5,2.482e-10,787.7079348540677,0.0007627,0.0,0.0,0.0,0.0,3.041999874710044e-13,7.372243640236888e-13,0.0,0.0,0.0,0.0,0.0,2.471585756485053e-10
704.5,2.458e-10,788.4024090597862,0.000757,0.0,0.0,0.0,0.0,2.934450493137789e-13,7.347299438664898e-13,0.0,0.0,0.0,0.0,0.0,2.447718250068198e-10
705.5,2.434e-10,789.0898107402915,0.0007514,0.0,0.0,0.0,0.0,2.831188575371162e-13,7.321262947234336e-13,0.0,0.0,0.0,0.0,0.0,2.4238475484773945e-10
706.5,2.411e-10,789.7575315397238,0.000746,0.0,0.0,0.0,0.0,2.734461452045998e-13,7.296321654992295e-13,0.0,0.0,0.0,0.0,0.0,2.4009692168929617e-10
707.5,2.387e-10,790.4426045353259,0.0007405,0.0,0.0,0.0,0.0,2.6379577447534215e-13,7.268901324192326e-13,0.0,0.0,0.0,0.0,0.0,2.3770931409310544e-10
708.5,2.364e-10,791.1201900965116,0.0007351,0.0,0.0,0.0,0.0,2.5463986562255606e-13,7.243416157613292e-13,0.0,0.0,0.0,0.0,0.0,2.354210185186161e-10
709.5,2.341e-10,791.770143804017,0.0007297,0.0,0.0,0.0,0.0,2.4538470536261443e-13,7.216921360661038e-13,0.0,0.0,0.0,0.0,0.0,2.331329231585713e-10
710.5,2.319e-10,792.3364218390691,0.0007244,0.0,0.0,0.0,0.0,2.3583650140688486e-13,7.190706934958441e-13,0.0,0.0,0.0,0.0,0.0,2.309450928050973e-10
711.5,2.297e-10,792.8960564252591,0.0007192,0.0,0.0,0.0,0.0,2.2671963480357986e-13,7.16344791449872e-13,0.0,0.0,0.0,0.0,0.0,2.2875693557374655e-10
712.5,2.275e-10,793.4597520291659,0.000714,0.0,0.0,0.0,0.0,2.1788772508784888e-13,7.135927412844743e-13,0.0,0.0,0.0,0.0,0.0,2.2656851953362768e-10
713.5,2.253e-10,794.0275680198425,0.0007088,0.0,0.0,0.0,0.0,2.0933399777381005e-13,7.10814092468593e-13,0.0,0.0,0.0,0.0,0.0,2.2437985190975756e-10
714.5,2.232e-10,794.5885253209071,0.0007037,0.0,0.0,0.0,0.0,2.0126056295642723e-13,7.082456623333836e-13,0.0,0.0,0.0,0.0,0.0,2.2229049377471018e-10
715.5,2.211e-10,795.153562929141,0.0006986,0.0,0.0,0.0,0.0,1.9343902246812803e-13,7.056528776936941e-13,0.0,0.0,0.0,0.0,0.0,2.2020090809983817e-10
716.5,2.189e-10,795.71154011243,0.0006936,0.0,0.0,0.0,0.0,1.858897233763791e-13,7.026337313935524e-13,0.0,0.0,0.0,0.0,0.0,2.1801147654523008e-10
717.5,2.168e-10,796.2622739860149,0.0006887,0.0,0.0,0.0,0.0,1.7876844315497917e-13,6.998271703602684e-13,0.0,0.0,0.0,0.0,0.0,2.1592140438648473e-10
718.5,2.147e-10,796.8283013334667,0.0006837,0.0,0.0,0.0,0.0,1.7176330142364135e-13,6.970749435118828e-13,0.0,0.0,0.0,0.0,0.0,2.1383116175506447e-10
719.5,2.127e-10,797.3755955354275,0.0006789,0.0,0.0,0.0,0.0,1.6525967231138572e-13,6.944599590565286e-13,0.0,0.0,0.0,0.0,0.0,2.118402803686321e-10
720.5,2.107e-10,797.9382975633308,0.000674,0.0,0.0,0.0,0.0,1.5885728613031832e-13,6.919021455800836e-13,0.0,0.0,0.0,0.0,0.0,2.0984924056828958e-10
721.5,2.087e-10,798.4818892589346,0.0006693,0.0,0.0,0.0,0.0,1.5284504478529582e-13,6.891563582569554e-13,0.0,0.0,0.0,0.0,0.0,2.0785799859695773e-10
722.5,2.067e-10,799.0293116795427,0.0006646,0.0,0.0,0.0,0.0,1.470166413119899e-13,6.863848283457949e-13,0.0,0.0,0.0,0.0,0.0,2.058665985303422e-10
723.5,2.047e-10,799.5806191992816,0.0006599,0.0,0.0,0.0,0.0,1.4136780093352275e-13,6.835871155257263e-13,0.0,0.0,0.0,0.0,0.0,2.0387504508354077e-10
724.5,2.028e-10,800.1358673582546,0.0006552,0.0,0.0,0.0,0.0,1.359613586129395e-13,6.810986153956147e-13,0.0,0.0,0.0,0.0,0.0,2.019829400259914e-10
725.5,2.009e-10,800.6712330159846,0.0006507,0.0,0.0,0.0,0.0,1.3088909775959719e-13,6.784212037153705e-13,0.0,0.0,0.0,0.0,0.0,2.0009068969852506e-10
726.5,1.99e-10,801.2223361101902,0.0006461,0.0,0.0,0.0,0.0,1.2588880358497565e-13,6.758021682425005e-13,0.0,0.0,0.0,0.0,0.0,1.981983090281725e-10
727.5,1.972e-10,801.7652685410402,0.0006416,0.0,0.0,0.0,0.0,1.211827409772895e-13,6.734167036567878e-13,0.0,0.0,0.0,0.0,0.0,1.9640540055536594e-10
728.5,1.953e-10,802.2998303903704,0.0006372,0.0,0.0,0.0,0.0,1.1663527890551796e-13,6.705825679346472e-13,0.0,0.0,0.0,0.0,0.0,1.9451278215315983e-10
729.5,1.935e-10,802.8503730878658,0.0006327,0.0,0.0,0.0,0.0,1.1220994083188291e-13,6.681511232918891e-13,0.0,0.0,0.0,0.0,0.0,1.9271963893587622e-10
730.5,1.917e-10,803.3801180204038,0.0006284,0.0,0.0,0.0,0.0,1.080631413788602e-13,6.655290194227785e-13,0.0,0.0,0.0,0.0,0.0,1.9092640783919834e-10
731.5,1.899e-10,803.9259482726011,0.000624,0.0,0.0,0.0,0.0,1.0397094102385511e-13,6.629673474693034e-13,0.0,0.0,0.0,0.0,0.0,1.8913306171150687e-10
732.5,1.881e-10,804.4505703787662,0.0006198,0.0,0.0,0.0,0.0,1.0013809749804053e-13,6.602127498799968e-13,0.0,0.0,0.0,0.0,0.0,1.87339649152622e-10
733.5,1.864e-10,804.9913794483847,0.0006155,0.0,0.0,0.0,0.0,9.640599557468561e-14,6.578707056463073e-13,0.0,0.0,0.0,0.0,0.0,1.85645723298779e-10
734.5,1.846e-10,805.523271398874,0.0006113,0.0,0.0,0.0,0.0,9.279918653849097e-14,6.550675284114216e-13,0.0,0.0,0.0,0.0,0.0,1.8385213328505006e-10
735.5,1.83e-10,806.0588303943873,0.0006071,0.0,0.0,0.0,0.0,8.939897914539937e-14,6.529519827153464e-13,0.0,0.0,0.0,0.0,0.0,1.8225764903813926e-10
736.5,1.814e-10,806.5852238189643,0.000603,0.0,0.0,0.0,0.0,8.61589265980609e-14,6.507322699817268e-13,0.0,0.0,0.0,0.0,0.0,1.806631088034202e-10
737.5,1.798e-10,807.1152086067616,0.0005989,0.0,0.0,0.0,0.0,8.301386597258575e-14,6.484931222579285e-13,0.0,0.0,0.0,0.0,0.0,1.7906849301176947e-10
738.5,1.782e-10,807.6488340993616,0.0005948,0.0,0.0,0.0,0.0,7.996167624707208e-14,6.462342193679709e-13,0.0,0.0,0.0,0.0,0.0,1.7747380410438495e-10
739.5,1.767e-10,808.1861506622372,0.0005907,0.0,0.0,0.0,0.0,7.70438702428818e-14,6.443198737019343e-13,0.0,0.0,0.0,0.0,0.0,1.7597863625605516e-10
740.5,1.752e-10,808.7139682149989,0.0005867,0.0,0.0,0.0,0.0,7.426484784971921e-14,6.42302309998961e-13,0.0,0.0,0.0,0.0,0.0,1.7448343284215133e-10
741.5,1.737e-10,809.2320665406905,0.0005828,0.0,0.0,0.0,0.0,7.16179839594269e-14,6.401803230722529e-13,0.0,0.0,0.0,0.0,0.0,1.7298820169296831e-10
742.5,1.722e-10,809.7536435589906,0.0005789,0.0,0.0,0.0,0.0,6.904743700787435e-14,6.380401528941014e-13,0.0,0.0,0.0,0.0,0.0,1.7149291241009805e-10
743.5,1.707e-10,810.2787463001621,0.000575,0.0,0.0,0.0,0.0,6.655153089864718e-14,6.358815043313969e-13,0.0,0.0,0.0,0.0,0.0,1.6999756696476992e-10
744.5,1.693e-10,810.8074227547028,0.0005711,0.0,0.0,0.0,0.0,6.416651575349869e-14,6.340786046161896e-13,0.0,0.0,0.0,0.0,0.0,1.686017548796303e-10
745.5,1.678e-10,811.3260275409751,0.0005673,0.0,0.0,0.0,0.0,6.18591663620325e-14,6.317958201116977e-13,0.0,0.0,0.0,0.0,0.0,1.6710634501352627e-10
746.5,1.664e-10,811.8481178471886,0.0005635,0.0,0.0,0.0,0.0,5.965473880602349e-14,6.298716231266629e-13,0.0,0.0,0.0,0.0,0.0,1.6571047363806732e-10
747.5,1.65e-10,812.3737408425967,0.0005597,0.0,0.0,0.0,0.0,5.751391202053422e-14,6.279312281952878e-13,0.0,0.0,0.0,0.0,0.0,1.6431455485978417e-10
748.5,1.636e-10,812.8889719561644,0.000556,0.0,0.0,0.0,0.0,5.547670947191896e-14,6.258851355503132e-13,0.0,0.0,0.0,0.0,0.0,1.629186381549778e-10
749.5,1.622e-10,813.4076432379859,0.0005523,0.0,0.0,0.0,0.0,5.349788930765943e-14,6.238216942723449e-13,0.0,0.0,0.0,0.0,0.0,1.6152268041642e-10
750.5,1.608e-10,813.9298009366411,0.0005486,0.0,0.0,0.0,0.0,5.1576176812019186e-14,6.217406236648663e-13,0.0,0.0,0.0,0.0,0.0,1.6012668319952312e-10
751.5,1.595e-10,814.4412374915682,0.000545,0.0,0.0,0.0,0.0,4.977942194207294e-14,6.199402138963062e-13,0.0,0.0,0.0,0.0,0.0,1.588302803641616e-10
752.5,1.582e-10,814.9704131051376,0.0005413,0.0,0.0,0.0,0.0,4.799651460178025e-14,6.182155999989064e-13,0.0,0.0,0.0,0.0,0.0,1.5753378788539934e-10
753.5,1.569e-10,815.4743243766402,0.0005378,0.0,0.0,0.0,0.0,4.6336864955013236e-14,6.162950975214437e-13,0.0,0.0,0.0,0.0,0.0,1.5623736803752352e-10
754.5,1.556e-10,815.9960660731931,0.0005342,0.0,0.0,0.0,0.0,4.4688899068115305e-14,6.144499209959084e-13,0.0,0.0,0.0,0.0,0.0,1.54940861179936e-10
755.5,1.543e-10,816.5066968406559,0.0005307,0.0,0.0,0.0,0.0,4.312212735235508e-14,6.124978917729148e-13,0.0,0.0,0.0,0.0,0.0,1.5364437998087473e-10
756.5,1.531e-10,816.981678000003,0.0005272,0.0,0.0,0.0,0.0,4.15161854136333e-14,6.108391589729694e-13,0.0,0.0,0.0,0.0,0.0,1.524476446556134e-10
757.5,1.518e-10,817.4076115373172,0.0005237,0.0,0.0,0.0,0.0,3.979110836609519e-14,6.08647668075155e-13,0.0,0.0,0.0,0.0,0.0,1.5115156122355875e-10
758.5,1.506e-10,817.8241101247031,0.0005203,0.0,0.0,0.0,0.0,3.818891544608151e-14,6.067559542443718e-13,0.0,0.0,0.0,0.0,0.0,1.4995505513030957e-10
759.5,1.494e-10,818.2433393432281,0.0005169,0.0,0.0,0.0,0.0,3.6640927085487303e-14,6.048506163370299e-13,0.0,0.0,0.0,0.0,0.0,1.487585084565775e-10
760.5,1.482e-10,818.6653352342211,0.0005135,0.0,0.0,0.0,0.0,3.514566237879995e-14,6.029314548921591e-13,0.0,0.0,0.0,0.0,0.0,1.4756192288272904e-10
761.5,1.47e-10,819.0901345573126,0.0005101,0.0,0.0,0.0,0.0,3.370167110035894e-14,6.009982658069872e-13,0.0,0.0,0.0,0.0,0.0,1.4636530006309267e-10
762.5,1.458e-10,819.5051562487706,0.0005068,0.0,0.0,0.0,0.0,3.2340010242772596e-14,5.989633302861759e-13,0.0,0.0,0.0,0.0,0.0,1.4516869665947103e-10
763.5,1.446e-10,819.9228891770723,0.0005035,0.0,0.0,0.0,0.0,3.10245540369365e-14,5.969133821722203e-13,0.0,0.0,0.0,0.0,0.0,1.4397206206379083e-10
764.5,1.434e-10,820.3433689989986,0.0005002,0.0,0.0,0.0,0.0,2.975403680820318e-14,5.948481975147769e-13,0.0,0.0,0.0,0.0,0.0,1.42775397765677e-10
765.5,1.423e-10,820.7537646767883,0.000497,0.0,0.0,0.0,0.0,2.8576544571077116e-14,5.930960583833313e-13,0.0,0.0,0.0,0.0,0.0,1.4167832739704558e-10
766.5,1.412e-10,821.1668112937627,0.0004938,0.0,0.0,0.0,0.0,2.7438209711796353e-14,5.913317051089614e-13,0.0,0.0,0.0,0.0,0.0,1.4058123008517925e-10
767.5,1.401e-10,821.5825433200337,0.0004906,0.0,0.0,0.0,0.0,2.6337980464348724e-14,5.895549620517547e-13,0.0,0.0,0.0,0.0,0.0,1.3948410705748393e-10
768.5,1.39e-10,822.000995902436,0.0004874,0.0,0.0,0.0,0.0,2.527482649441109e-14,5.877656495861848e-13,0.0,0.0,0.0,0.0,0.0,1.383869595239194e-10
769.5,1.379e-10,822.4090000176652,0.0004843,0.0,0.0,0.0,0.0,2.427324833947578e-14,5.858740497744385e-13,0.0,0.0,0.0,0.0,0.0,1.372898527018861e-10
770.5,1.368e-10,822.8196241669125,0.0004812,0.0,0.0,0.0,0.0,2.3305007692421132e-14,5.83968919439666e-13,0.0,0.0,0.0,0.0,0.0,1.3619272607286792e-10
771.5,1.358e-10,823.23290221733,0.0004781,0.0,0.0,0.0,0.0,2.238569293239076e-14,5.82478984693035e-13,0.0,0.0,0.0,0.0,0.0,1.351951353223746e-10
772.5,1.347e-10,823.6488686970052,0.000475,0.0,0.0,0.0,0.0,2.1480920693021237e-14,5.805482641032668e-13,0.0,0.0,0.0,0.0,0.0,1.3409797081520372e-10
773.5,1.336e-10,824.0540098012984,0.000472,0.0,0.0,0.0,0.0,2.062911228568287e-14,5.785127361675376e-13,0.0,0.0,0.0,0.0,0.0,1.330008581515468e-10
774.5,1.326e-10,824.4617341819413,0.000469,0.0,0.0,0.0,0.0,1.982060653063701e-14,5.768974108293129e-13,0.0,0.0,0.0,0.0,0.0,1.3200328198264007e-10
775.5,1.316e-10,824.8720749936219,0.000466,0.0,0.0,0.0,0.0,1.903873294544771e-14,5.752711424432015e-13,0.0,0.0,0.0,0.0,0.0,1.3100569012461132e-10
776.5,1.306e-10,825.2850660334316,0.000463,0.0,0.0,0.0,0.0,1.8282782792050926e-14,5.736337755108711e-13,0.0,0.0,0.0,0.0,0.0,1.3000808344169706e-10
777.5,1.297e-10,825.7007417575691,0.00046,0.0,0.0,0.0,0.0,1.7565604905731005e-14,5.724264976379692e-13,0.0,0.0,0.0,0.0,0.0,1.291100078974563e-10
778.5,1.287e-10,826.1051465848159,0.0004571,0.0,0.0,0.0,0.0,1.687778256229997e-14,5.706762377360017e-13,0.0,0.0,0.0,0.0,0.0,1.281124459797017e-10
779.5,1.277e-10,826.5262053299849,0.0004541,0.0,0.0,0.0,0.0,1.6194418678424343e-14,5.690064391213307e-13,0.0,0.0,0.0,0.0,0.0,1.2711479914220026e-10
780.5,1.268e-10,826.9358813484357,0.0004512,0.0,0.0,0.0,0.0,1.556413230585415e-14,5.676796131779613e-13,0.0,0.0,0.0,0.0,0.0,1.2621675625451618e-10
781.5,1.258e-10,827.3339367906847,0.0004484,0.0,0.0,0.0,0.0,1.4959576605188863e-14,5.658013517649734e-13,0.0,0.0,0.0,0.0,0.0,1.2521923907162985e-10
782.5,1.249e-10,827.7488374865871,0.0004455,0.0,0.0,0.0,0.0,1.4369822269055278e-14,5.644553344074396e-13,0.0,0.0,0.0,0.0,0.0,1.243211748433235e-10
783.5,1.24e-10,828.1520019830083,0.0004427,0.0,0.0,0.0,0.0,1.3815504600660062e-14,5.630067380139821e-13,0.0,0.0,0.0,0.0,0.0,1.2342317775738538e-10
784.5,1.23e-10,828.5577245309598,0.0004399,0.0,0.0,0.0,0.0,1.3268374458877281e-14,5.610925934639035e-13,0.0,0.0,0.0,0.0,0.0,1.2242563903207722e-10
785.5,1.222e-10,828.9660377991618,0.0004371,0.0,0.0,0.0,0.0,1.2760322730490385e-14,5.600812895218224e-13,0.0,0.0,0.0,0.0,0.0,1.2162715838774768e-10
786.5,1.213e-10,829.3622531896991,0.0004344,0.0,0.0,0.0,0.0,1.227290672867504e-14,5.585090993104578e-13,0.0,0.0,0.0,0.0,0.0,1.2072921799396086e-10
787.5,1.204e-10,829.7757529210146,0.0004316,0.0,0.0,0.0,0.0,1.1787220245110962e-14,5.570218539421276e-13,0.0,0.0,0.0,0.0,0.0,1.1983119092581274e-10
788.5,1.195e-10,830.1770332711355,0.0004289,0.0,0.0,0.0,0.0,1.1331140882160793e-14,5.554289382211771e-13,0.0,0.0,0.0,0.0,0.0,1.1893323992089665e-10
789.5,1.187e-10,830.5808477438718,0.0004262,0.0,0.0,0.0,0.0,1.0899072477628926e-14,5.542922475031681e-13,0.0,0.0,0.0,0.0,0.0,1.1813480868001918e-10
790.5,1.178e-10,830.9872285491783,0.0004235,0.0,0.0,0.0,0.0,1.0471969061862591e-14,5.526798899500505e-13,0.0,0.0,0.0,0.0,0.0,1.172368481409881e-10
791.5,1.169e-10,831.3810143704934,0.0004209,0.0,0.0,0.0,0.0,1.007111045113683e-14,5.50959725080739e-13,0.0,0.0,0.0,0.0,0.0,1.1633896916446812e-10
792.5,1.161e-10,831.7925288500755,0.0004182,0.0,0.0,0.0,0.0,9.679692788513631e-15,5.497983757379309e-13,0.0,0.0,0.0,0.0,0.0,1.1554052193147357e-10
793.5,1.152e-10,832.1913208558407,0.0004156,0.0,0.0,0.0,0.0,9.304398530208881e-15,5.480569017379851e-13,0.0,0.0,0.0,0.0,0.0,1.1464263869973182e-10
794.5,1.144e-10,832.5926155553053,0.000413,0.0,0.0,0.0,0.0,8.949147701755007e-15,5.467812573757724e-13,0.0,0.0,0.0,0.0,0.0,1.1384426959492248e-10
795.5,1.136e-10,832.9964445591962,0.0004104,0.0,0.0,0.0,0.0,8.605301110957405e-15,5.454977837460025e-13,0.0,0.0,0.0,0.0,0.0,1.1304589691514306e-10
796.5,1.128e-10,833.4028400809459,0.0004078,0.0,0.0,0.0,0.0,8.272562852019982e-15,5.442063756618035e-13,0.0,0.0,0.0,0.0,0.0,1.1224752106148617e-10
797.5,1.121e-10,833.7960559126615,0.0004053,0.0,0.0,0.0,0.0,7.967748529556764e-15,5.432925814629798e-13,0.0,0.0,0.0,0.0,0.0,1.1154873967000746e-10
798.5,1.113e-10,834.2075817101016,0.0004027,0.0,0.0,0.0,0.0,7.655803839266229e-15,5.419868950764245e-13,0.0,0.0,0.0,0.0,0.0,1.1075035730108433e-10
799.5,1.105e-10,834.6057929674552,0.0004002,0.0,0.0,0.0,0.0,7.363495086182027e-15,5.405731318325967e-13,0.0,0.0,0.0,0.0,0.0,1.0995206337308123e-10
800.5,1.098e-10,835.0064996117961,0.0003977,0.0,0.0,0.0,0.0,7.0870217372589626e-15,5.396417275256516e-13,0.0,0.0,0.0,0.0,0.0,1.092532712507371e-10
801.5,1.09e-10,835.4097331150836,0.0003952,0.0,0.0,0.0,0.0,6.8130275592122315e-15,5.382118971951371e-13,0.0,0.0,0.0,0.0,0.0,1.0845497507524564e-10
802.5,1.082e-10,835.7992443116802,0.0003928,0.0,0.0,0.0,0.0,6.556434287262893e-15,5.366717469790595e-13,0.0,0.0,0.0,0.0,0.0,1.0765677181873367e-10
803.5,1.075e-10,836.2075240606783,0.0003903,0.0,0.0,0.0,0.0,6.305600354407083e-15,5.357210651608847e-13,0.0,0.0,0.0,0.0,0.0,1.0695797333448472e-10
804.5,1.068e-10,836.6019404664511,0.0003879,0.0,0.0,0.0,0.0,6.070804119969963e-15,5.346636521819006e-13,0.0,0.0,0.0,0.0,0.0,1.0625926554369814e-10
805.5,1.061e-10,836.9988047786942,0.0003855,0.0,0.0,0.0,0.0,5.843359375013258e-15,5.336004085470449e-13,0.0,0.0,0.0,0.0,0.0,1.0556055623207793e-10
806.5,1.054e-10,837.3981475726486,0.0003831,0.0,0.0,0.0,0.0,5.623080055627635e-15,5.325312617004096e-13,0.0,0.0,0.0,0.0,0.0,1.0486184565824396e-10
807.5,1.047e-10,837.8,0.0003807,0.0,0.0,0.0,0.0,5.40978367603512e-15,5.314561376460618e-13,0.0,0.0,0.0,0.0,0.0,1.041631340786779e-10
808.5,1.04e-10,838.114628139946,0.0003784,0.0,0.0,0.0,0.0,5.1802387539914936e-15,5.300806827100887e-13,0.0,0.0,0.0,0.0,0.0,1.0346473907853593e-10
809.5,1.033e-10,838.4449812626095,0.000376,0.0,0.0,0.0,0.0,4.951130721112108e-15,5.287935385296431e-13,0.0,0.0,0.0,0.0,0.0,1.0276625533074924e-10
810.5,1.026e-10,838.7635543444765,0.0003737,0.0,0.0,0.0,0.0,4.738435164769645e-15,5.274039179153815e-13,0.0,0.0,0.0,0.0,0.0,1.0206785764691984e-10
811.5,1.019e-10,839.0980757096954,0.0003713,0.0,0.0,0.0,0.0,4.526248430355887e-15,5.261031427959395e-13,0.0,0.0,0.0,0.0,0.0,1.0136937060877371e-10
812.5,1.012e-10,839.4206939166726,0.000369,0.0,0.0,0.0,0.0,4.3293574771043065e-15,5.246990097336781e-13,0.0,0.0,0.0,0.0,0.0,1.0067097163278921e-10
813.5,1.005e-10,839.7453293227686,0.0003667,0.0,0.0,0.0,0.0,4.139859580558656e-15,5.232873156303214e-13,0.0,0.0,0.0,0.0,0.0,9.997257282478913e-11
814.5,9.985e-11,840.0577610989451,0.0003645,0.0,0.0,0.0,0.0,3.9660807657186844e-15,5.220321270183384e-13,0.0,0.0,0.0,0.0,0.0,9.932400179221595e-11
815.5,9.921e-11,840.386417061044,0.0003622,0.0,0.0,0.0,0.0,3.7926434459536455e-15,5.209208450699032e-13,0.0,0.0,0.0,0.0,0.0,9.868528651148415e-11
816.5,9.858e-11,840.7027423615546,0.00036,0.0,0.0,0.0,0.0,3.632220576977909e-15,5.197591107565488e-13,0.0,0.0,0.0,0.0,0.0,9.805660866866648e-11
817.5,9.795e-11,841.0355197166944,0.0003577,0.0,0.0,0.0,0.0,3.4717807123818713e-15,5.186903208069197e-13,0.0,0.0,0.0,0.0,0.0,9.742783789848069e-11
818.5,9.732e-11,841.3558368086404,0.0003555,0.0,0.0,0.0,0.0,3.3231099111832792e-15,5.175178859684521e-13,0.0,0.0,0.0,0.0,0.0,9.679915900412037e-11
819.5,9.67e-11,841.6781423377038,0.0003533,0.0,0.0,0.0,0.0,3.1802640487757386e-15,5.163932200815708e-13,0.0,0.0,0.0,0.0,0.0,9.618042651586965e-11
820.5,9.608e-11,842.0024611454745,0.0003511,0.0,0.0,0.0,0.0,3.042719260192672e-15,5.152633106119763e-13,0.0,0.0,0.0,0.0,0.0,9.556169397012783e-11
821.5,9.547e-11,842.3139395265712,0.000349,0.0,0.0,0.0,0.0,2.915664540728352e-15,5.140819104705899e-13,0.0,0.0,0.0,0.0,0.0,9.495300242498868e-11
822.5,9.486e-11,842.6422669003415,0.0003468,0.0,0.0,0.0,0.0,2.7883225696070812e-15,5.129952386984055e-13,0.0,0.0,0.0,0.0,0.0,9.434421643873198e-11
823.5,9.426e-11,842.957619078179,0.0003447,0.0,0.0,0.0,0.0,2.670748375724809e-15,5.11857073658844e-13,0.0,0.0,0.0,0.0,0.0,9.374547217796544e-11
824.5,9.365e-11,843.2748983437006,0.0003426,0.0,0.0,0.0,0.0,2.557180652718299e-15,5.106590151671243e-13,0.0,0.0,0.0,0.0,0.0,9.313678380418016e-11
825.5,9.307e-11,843.5941283942982,0.0003405,0.0,0.0,0.0,0.0,2.448570880477379e-15,5.096193442507848e-13,0.0,0.0,0.0,0.0,0.0,9.255793208486874e-11
826.5,9.248e-11,843.9153333671801,0.0003384,0.0,0.0,0.0,0.0,2.3436899157691087e-15,5.085201178723237e-13,0.0,0.0,0.0,0.0,0.0,9.19691361922119e-11
827.5,9.19e-11,844.2385378503213,0.0003363,0.0,0.0,0.0,0.0,2.2429313776709265e-15,5.07471028425623e-13,0.0,0.0,0.0,0.0,0.0,9.139028604019672e-11
828.5,9.132e-11,844.5637668937592,0.0003342,0.0,0.0,0.0,0.0,2.145912630067461e-15,5.06417269641015e-13,0.0,0.0,0.0,0.0,0.0,9.081143681772891e-11
829.5,9.074e-11,844.8910460212431,0.0003321,0.0,0.0,0.0,0.0,2.0525171130647792e-15,5.053587909279894e-13,0.0,0.0,0.0,0.0,0.0,9.023258869195896e-11
830.5,9.018e-11,845.2046701941271,0.0003301,0.0,0.0,0.0,0.0,1.9666673835997653e-15,5.043036735542918e-13,0.0,0.0,0.0,0.0,0.0,8.967372965906211e-11
831.5,8.961e-11,845.5360272838527,0.000328,0.0,0.0,0.0,0.0,1.8802370505773634e-15,5.032918101826343e-13,0.0,0.0,0.0,0.0,0.0,8.910482795276679e-11
832.5,8.906e-11,845.8535837719543,0.000326,0.0,0.0,0.0,0.0,1.8008288142754635e-15,5.022837693905315e-13,0.0,0.0,0.0,0.0,0.0,8.855591540179519e-11
833.5,8.85e-11,846.1730944661252,0.000324,0.0,0.0,0.0,0.0,1.724120820570271e-15,5.01214738816325e-13,0.0,0.0,0.0,0.0,0.0,8.79970611403631e-11
834.5,8.795e-11,846.4945835672906,0.000322,0.0,0.0,0.0,0.0,1.6504212404249218e-15,5.001977028556072e-13,0.0,0.0,0.0,0.0,0.0,8.744815187590396e-11
835.5,8.741e-11,846.8180757287348,0.00032,0.0,0.0,0.0,0.0,1.57962215551972e-15,4.992333303523765e-13,0.0,0.0,0.0,0.0,0.0,8.69091870474921e-11
836.5,8.687e-11,847.1435960674464,0.000318,0.0,0.0,0.0,0.0,1.511445120873865e-15,4.9826494683543e-13,0.0,0.0,0.0,0.0,0.0,8.637022360804369e-11
837.5,8.634e-11,847.4547422927693,0.0003161,0.0,0.0,0.0,0.0,1.4487460650891149e-15,4.972433250092375e-13,0.0,0.0,0.0,0.0,0.0,8.584130792892566e-11
838.5,8.581e-11,847.7842916311419,0.0003141,0.0,0.0,0.0,0.0,1.3856215708441184e-15,4.963244195905674e-13,0.0,0.0,0.0,0.0,0.0,8.531228995883859e-11
839.5,8.529e-11,848.099312924893,0.0003122,0.0,0.0,0.0,0.0,1.3275972591270245e-15,4.953522633750221e-13,0.0,0.0,0.0,0.0,0.0,8.479332013936585e-11
840.5,8.477e-11,848.4162572521034,0.0003103,0.0,0.0,0.0,0.0,1.2716704113282478e-15,4.943760011804324e-13,0.0,0.0,0.0,0.0,0.0,8.427435232840823e-11
841.5,8.425e-11,848.7519863491564,0.0003083,0.0,0.0,0.0,0.0,1.2153908642563316e-15,4.935041879509063e-13,0.0,0.0,0.0,0.0,0.0,8.375528042118485e-11
842.5,8.374e-11,849.0729524453592,0.0003064,0.0,0.0,0.0,0.0,1.1636960849651953e-15,4.9257886016382e-13,0.0,0.0,0.0,0.0,0.0,8.324625744375123e-11
843.5,8.323e-11,849.3959150696462,0.0003045,0.0,0.0,0.0,0.0,1.1138994780759177e-15,4.916497991142603e-13,0.0,0.0,0.0,0.0,0.0,8.273723630140767e-11
844.5,8.273e-11,849.7037439789771,0.0003027,0.0,0.0,0.0,0.0,1.0682041707735873e-15,4.906662695589711e-13,0.0,0.0,0.0,0.0,0.0,8.223826552627025e-11
845.5,8.223e-11,850.0306667343602,0.0003008,0.0,0.0,0.0,0.0,1.0220697895185358e-15,4.897889680056858e-13,0.0,0.0,0.0,0.0,0.0,8.17391889622048e-11
846.5,8.173e-11,850.3596610501198,0.0002989,0.0,0.0,0.0,0.0,9.776556353705262e-16,4.889083318304771e-13,0.0,0.0,0.0,0.0,0.0,8.124011401253416e-11
847.5,8.124e-11,850.6732746986387,0.0002971,0.0,0.0,0.0,0.0,9.369288722724707e-16,4.879729396335258e-13,0.0,0.0,0.0,0.0,0.0,8.075109013149419e-11
848.5,8.075e-11,851.0063793884234,0.0002952,0.0,0.0,0.0,0.0,8.958293895364248e-16,4.87145622187302e-13,0.0,0.0,0.0,0.0,0.0,8.026195854842316e-11
849.5,8.027e-11,851.3239358765248,0.0002934,0.0,0.0,0.0,0.0,8.581609281091977e-16,4.862635224610327e-13,0.0,0.0,0.0,0.0,0.0,7.978287831661085e-11
850.5,7.979e-11,851.6434465706959,0.0002916,0.0,0.0,0.0,0.0,8.218597462909043e-16,4.853779995792675e-13,0.0,0.0,0.0,0.0,0.0,7.930380014067445e-11
851.5,7.931e-11,851.9649356718612,0.0002898,0.0,0.0,0.0,0.0,7.868841739636236e-16,4.844890211793448e-13,0.0,0.0,0.0,0.0,0.0,7.882472409464668e-11
852.5,7.884e-11,852.2884278333054,0.000288,0.0,0.0,0.0,0.0,7.532891119750209e-16,4.836579011683058e-13,0.0,0.0,0.0,0.0,0.0,7.835558880971972e-11
853.5,7.837e-11,852.613948172017,0.0002862,0.0,0.0,0.0,0.0,7.209322619404086e-16,4.828237823654175e-13,0.0,0.0,0.0,0.0,0.0,7.788645528537264e-11
854.5,7.79e-11,852.923269397816,0.0002845,0.0,0.0,0.0,0.0,6.912437101394257e-16,4.818717095227681e-13,0.0,0.0,0.0,0.0,0.0,7.74174370467671e-11
855.5,7.744e-11,853.252807115894,0.0002827,0.0,0.0,0.0,0.0,6.612797779300321e-16,4.810931139278548e-13,0.0,0.0,0.0,0.0,0.0,7.695824560629422e-11
856.5,7.698e-11,853.565969501226,0.000281,0.0,0.0,0.0,0.0,6.338003421255784e-16,4.801960250809397e-13,0.0,0.0,0.0,0.0,0.0,7.649917017457693e-11
857.5,7.652e-11,853.899624998322,0.0002792,0.0,0.0,0.0,0.0,6.059924680667116e-16,4.79411771767166e-13,0.0,0.0,0.0,0.0,0.0,7.603998223576477e-11
858.5,7.607e-11,854.2167251423047,0.0002775,0.0,0.0,0.0,0.0,5.805785658103968e-16,4.78570851187829e-13,0.0,0.0,0.0,0.0,0.0,7.559084857024635e-11
859.5,7.562e-11,854.5357738625643,0.0002758,0.0,0.0,0.0,0.0,5.560846734796319e-16,4.777267912052225e-13,0.0,0.0,0.0,0.0,0.0,7.514171712412131e-11
860.5,7.517e-11,854.8458542824327,0.0002741,0.0,0.0,0.0,0.0,0.0,4.768614623471057e-13,0.0,0.0,0.0,0.0,0.0,7.46931385376529e-11
861.5,7.473e-11,855.1066469588798,0.0002724,0.0,0.0,0.0,0.0,0.0,4.759527140990942e-13,0.0,0.0,0.0,0.0,0.0,7.425404728590091e-11
862.5,7.428e-11,855.3690723012703,0.0002707,0.0,0.0,0.0,0.0,0.0,4.749770227352121e-13,0.0,0.0,0.0,0.0,0.0,7.380502297726478e-11
863.5,7.385e-11,855.6331508807324,0.000269,0.0,0.0,0.0,0.0,0.0,4.741261963704002e-13,0.0,0.0,0.0,0.0,0.0,7.337587380362959e-11
864.5,7.341e-11,855.8832244178908,0.0002674,0.0,0.0,0.0,0.0,0.0,4.730956515998496e-13,0.0,0.0,0.0,0.0,0.0,7.293690434840014e-11
865.5,7.298e-11,856.1505724221665,0.0002657,0.0,0.0,0.0,0.0,0.0,4.7223897099961e-13,0.0,0.0,0.0,0.0,0.0,7.250776102900039e-11
866.5,7.255e-11,856.4037612770278,0.0002641,0.0,0.0,0.0,0.0,0.0,4.712660288737711e-13,0.0,0.0,0.0,0.0,0.0,7.207873397112623e-11
867.5,7.212e-11,856.6744606754468,0.0002624,0.0,0.0,0.0,0.0,0.0,4.704036600255693e-13,0.0,0.0,0.0,0.0,0.0,7.164959633997444e-11
868.5,7.169e-11,856.930843446202,0.0002608,0.0,0.0,0.0,0.0,0.0,4.694240060155201e-13,0.0,0.0,0.0,0.0,0.0,7.122057599398448e-11
869.5,7.127e-11,857.1888039670126,0.0002592,0.0,0.0,0.0,0.0,0.0,4.685064578660726e-13,0.0,0.0,0.0,0.0,0.0,7.080149354213392e-11
870.5,7.085e-11,857.4483617767653,0.0002576,0.0,0.0,0.0,0.0,0.0,4.675857637321805e-13,0.0,0.0,0.0,0.0,0.0,7.038241423626782e-11
871.5,7.044e-11,857.725914373968,0.0002559,0.0,0.0,0.0,0.0,0.0,4.668442973861332e-13,0.0,0.0,0.0,0.0,0.0,6.997315570261388e-11
872.5,7.002e-11,857.9888298722828,0.0002543,0.0,0.0,0.0,0.0,0.0,4.659179902834564e-13,0.0,0.0,0.0,0.0,0.0,6.955408200971654e-11
873.5,6.961e-11,858.2368198620471,0.0002528,0.0,0.0,0.0,0.0,0.0,4.649381166191032e-13,0.0,0.0,0.0,0.0,0.0,6.91450618833809e-11
874.5,6.92e-11,858.5029696599158,0.0002512,0.0,0.0,0.0,0.0,0.0,4.640721678262571e-13,0.0,0.0,0.0,0.0,0.0,6.873592783217375e-11
875.5,6.88e-11,858.7708201070067,0.0002496,0.0,0.0,0.0,0.0,0.0,4.632708223788153e-13,0.0,0.0,0.0,0.0,0.0,6.833672917762119e-11
876.5,6.839e-11,859.0234938819613,0.0002481,0.0,0.0,0.0,0.0,0.0,4.622809811768638e-13,0.0,0.0,0.0,0.0,0.0,6.792771901882314e-11
877.5,6.799e-11,859.294701960039,0.0002465,0.0,0.0,0.0,0.0,0.0,4.614743856961182e-13,0.0,0.0,0.0,0.0,0.0,6.752852561430389e-11
878.5,6.759e-11,859.5505630942441,0.000245,0.0,0.0,0.0,0.0,0.0,4.605458291126387e-13,0.0,0.0,0.0,0.0,0.0,6.712945417088737e-11
879.5,6.72e-11,859.8079955451592,0.0002435,0.0,0.0,0.0,0.0,0.0,4.596823704130034e-13,0.0,0.0,0.0,0.0,0.0,6.674031762958699e-11
880.5,6.68e-11,860.0670187319186,0.000242,0.0,0.0,0.0,0.0,0.0,4.58747439046325e-13,0.0,0.0,0.0,0.0,0.0,6.634125256095368e-11
881.5,6.641e-11,860.3276524358834,0.0002405,0.0,0.0,0.0,0.0,0.0,4.578780899708983e-13,0.0,0.0,0.0,0.0,0.0,6.59521219100291e-11
882.5,6.602e-11,860.5899168097068,0.000239,0.0,0.0,0.0,0.0,0.0,4.570058955849798e-13,0.0,0.0,0.0,0.0,0.0,6.556299410441502e-11
883.5,6.563e-11,860.8538323866846,0.0002375,0.0,0.0,0.0,0.0,0.0,4.561308331355605e-13,0.0,0.0,0.0,0.0,0.0,6.517386916686443e-11
884.5,6.524e-11,861.1194200904025,0.000236,0.0,0.0,0.0,0.0,0.0,4.552528796000786e-13,0.0,0.0,0.0,0.0,0.0,6.478474712039993e-11
885.5,6.485e-11,861.38670124469,0.0002345,0.0,0.0,0.0,0.0,0.0,4.543720116827397e-13,0.0,0.0,0.0,0.0,0.0,6.439562798831726e-11
886.5,6.447e-11,861.6556975838943,0.000233,0.0,0.0,0.0,0.0,0.0,4.535585576888417e-13,0.0,0.0,0.0,0.0,0.0,6.401644144231116e-11
887.5,6.409e-11,861.9083278504021,0.0002316,0.0,0.0,0.0,0.0,0.0,4.5261827522799954e-13,0.0,0.0,0.0,0.0,0.0,6.363738172477199e-11
888.5,6.371e-11,862.1807034178453,0.0002301,0.0,0.0,0.0,0.0,0.0,4.517994607974063e-13,0.0,0.0,0.0,0.0,0.0,6.32582005392026e-11
889.5,6.334e-11,862.436527373509,0.0002287,0.0,0.0,0.0,0.0,0.0,4.5092389232198414e-13,0.0,0.0,0.0,0.0,0.0,6.288907610767802e-11
890.5,6.297e-11,862.6939221878642,0.0002273,0.0,0.0,0.0,0.0,0.0,4.500453493978356e-13,0.0,0.0,0.0,0.0,0.0,6.251995465060217e-11
891.5,6.259e-11,862.971467578383,0.0002258,0.0,0.0,0.0,0.0,0.0,4.492186344101018e-13,0.0,0.0,0.0,0.0,0.0,6.214078136558989e-11
892.5,6.222e-11,863.2321784733396,0.0002244,0.0,0.0,0.0,0.0,0.0,4.483343167844122e-13,0.0,0.0,0.0,0.0,0.0,6.177166568321559e-11
893.5,6.184e-11,863.4945210072243,0.000223,0.0,0.0,0.0,0.0,0.0,4.473746066718749e-13,0.0,0.0,0.0,0.0,0.0,6.139262539332813e-11
894.5,6.147e-11,863.758515731697,0.0002216,0.0,0.0,0.0,0.0,0.0,4.4648387497906633e-13,0.0,0.0,0.0,0.0,0.0,6.102351612502093e-11
895.5,6.11e-11,864.0241835891742,0.0002202,0.0,0.0,0.0,0.0,0.0,4.455900386763436e-13,0.0,0.0,0.0,0.0,0.0,6.065440996132365e-11
896.5,6.074e-11,864.2915459227984,0.0002188,0.0,0.0,0.0,0.0,0.0,4.4476629528819967e-13,0.0,0.0,0.0,0.0,0.0,6.02952337047118e-11
897.5,6.038e-11,864.5413472031755,0.0002175,0.0,0.0,0.0,0.0,0.0,4.4381009185823987e-13,0.0,0.0,0.0,0.0,0.0,5.993618990814177e-11
898.5,6.002e-11,864.8120392567585,0.0002161,0.0,0.0,0.0,0.0,0.0,4.4298061722219716e-13,0.0,0.0,0.0,0.0,0.0,5.957701938277781e-11
899.5,5.966e-11,865.0649710431665,0.0002148,0.0,0.0,0.0,0.0,0.0,4.420175443365759e-13,0.0,0.0,0.0,0.0,0.0,5.921798245566344e-11
900.5,5.931e-11,865.3390767993218,0.0002134,0.0,0.0,0.0,0.0,0.0,4.412566359041684e-13,0.0,0.0,0.0,0.0,0.0,5.886874336409583e-11
901.5,5.895e-11,865.5952185506956,0.0002121,0.0,0.0,0.0,0.0,0.0,4.402868574007846e-13,0.0,0.0,0.0,0.0,0.0,5.850971314259923e-11
902.5,5.86e-11,865.8529350779884,0.0002108,0.0,0.0,0.0,0.0,0.0,4.3938825821413704e-13,0.0,0.0,0.0,0.0,0.0,5.8160611741785866e-11
903.5,5.824e-11,866.132259449388,0.0002094,0.0,0.0,0.0,0.0,0.0,4.3854433211360573e-13,0.0,0.0,0.0,0.0,0.0,5.780145566788639e-11
904.5,5.789e-11,866.3933093376039,0.0002081,0.0,0.0,0.0,0.0,0.0,4.3763945838767657e-13,0.0,0.0,0.0,0.0,0.0,5.745236054161232e-11
905.5,5.754e-11,866.6559951239589,0.0002068,0.0,0.0,0.0,0.0,0.0,4.3673127864372134e-13,0.0,0.0,0.0,0.0,0.0,5.710326872135628e-11
906.5,5.72e-11,866.9203374408911,0.0002055,0.0,0.0,0.0,0.0,0.0,4.358959676969796e-13,0.0,0.0,0.0,0.0,0.0,5.6764104032303016e-11
907.5,5.685e-11,867.1863573136513,0.0002042,0.0,0.0,0.0,0.0,0.0,4.3498139142682617e-13,0.0,0.0,0.0,0.0,0.0,5.641501860857318e-11
908.5,5.65e-11,867.4540761703377,0.0002029,0.0,0.0,0.0,0.0,0.0,4.3406341865328255e-13,0.0,0.0,0.0,0.0,0.0,5.606593658134672e-11
909.5,5.616e-11,867.7027281244061,0.0002017,0.0,0.0,0.0,0.0,0.0,4.3308251303542304e-13,0.0,0.0,0.0,0.0,0.0,5.572691748696458e-11
910.5,5.582e-11,867.9737760125621,0.0002004,0.0,0.0,0.0,0.0,0.0,4.322348136060509e-13,0.0,0.0,0.0,0.0,0.0,5.538776518639394e-11
911.5,5.548e-11,868.2255392459067,0.0001992,0.0,0.0,0.0,0.0,0.0,4.312464942459917e-13,0.0,0.0,0.0,0.0,0.0,5.5048753505754005e-11
912.5,5.514e-11,868.5,0.0001979,0.0,0.0,0.0,0.0,0.0,4.303924352200721e-13,0.0,0.0,0.0,0.0,0.0,5.470960756477993e-11
913.5,5.48e-11,868.7037130178271,0.0001967,0.0,0.0,0.0,0.0,0.0,4.2926676253982705e-13,0.0,0.0,0.0,0.0,0.0,5.437073323746017e-11
914.5,5.446e-11,868.9086726299553,0.0001955,0.0,0.0,0.0,0.0,0.0,4.281368529205398e-13,0.0,0.0,0.0,0.0,0.0,5.4031863147079456e-11
915.5,5.413e-11,869.1321367677111,0.0001942,0.0,0.0,0.0,0.0,0.0,4.2721049128349164e-13,0.0,0.0,0.0,0.0,0.0,5.370278950871651e-11
916.5,5.38e-11,869.339743085885,0.000193,0.0,0.0,0.0,0.0,0.0,4.261519273653946e-13,0.0,0.0,0.0,0.0,0.0,5.3373848072634604e-11
917.5,5.346e-11,869.5486442543291,0.0001918,0.0,0.0,0.0,0.0,0.0,4.2501008201189577e-13,0.0,0.0,0.0,0.0,0.0,5.303498991798811e-11
918.5,5.313e-11,869.7588565265532,0.0001906,0.0,0.0,0.0,0.0,0.0,4.2394362679400014e-13,0.0,0.0,0.0,0.0,0.0,5.270605637320601e-11
919.5,5.281e-11,869.9703964640324,0.0001894,0.0,0.0,0.0,0.0,0.0,4.229534038197244e-13,0.0,0.0,0.0,0.0,0.0,5.238704659618028e-11
920.5,5.248e-11,870.1832809440368,0.0001882,0.0,0.0,0.0,0.0,0.0,4.2187949505358583e-13,0.0,0.0,0.0,0.0,0.0,5.205812050494642e-11
921.5,5.216e-11,870.3975271677117,0.000187,0.0,0.0,0.0,0.0,0.0,4.2088234648780017e-13,0.0,0.0,0.0,0.0,0.0,5.1739117653512196e-11
922.5,5.183e-11,870.6131526684177,0.0001858,0.0,0.0,0.0,0.0,0.0,4.1980084304442167e-13,0.0,0.0,0.0,0.0,0.0,5.1410199156955575e-11
923.5,5.151e-11,870.8301753203418,0.0001846,0.0,0.0,0.0,0.0,0.0,4.1879663781522955e-13,0.0,0.0,0.0,0.0,0.0,5.109120336218477e-11
924.5,5.118e-11,871.0303556679515,0.0001835,0.0,0.0,0.0,0.0,0.0,4.175739493602669e-13,0.0,0.0,0.0,0.0,0.0,5.076242605063974e-11
925.5,5.086e-11,871.2317396214926,0.0001824,0.0,0.0,0.0,0.0,0.0,4.1642812564463477e-13,0.0,0.0,0.0,0.0,0.0,5.044357187435537e-11
926.5,5.054e-11,871.4528210320826,0.0001812,0.0,0.0,0.0,0.0,0.0,4.1541213066853077e-13,0.0,0.0,0.0,0.0,0.0,5.012458786933147e-11
927.5,5.022e-11,871.656768981956,0.0001801,0.0,0.0,0.0,0.0,0.0,4.1425772915620735e-13,0.0,0.0,0.0,0.0,0.0,4.980574227084379e-11
928.5,4.991e-11,871.8619664118851,0.000179,0.0,0.0,0.0,0.0,0.0,4.1318153620659597e-13,0.0,0.0,0.0,0.0,0.0,4.94968184637934e-11
929.5,4.959e-11,872.0872612889065,0.0001778,0.0,0.0,0.0,0.0,0.0,4.1215402755210373e-13,0.0,0.0,0.0,0.0,0.0,4.9177845972447896e-11
930.5,4.928e-11,872.2951213822989,0.0001767,0.0,0.0,0.0,0.0,0.0,4.1106992025164663e-13,0.0,0.0,0.0,0.0,0.0,4.886893007974836e-11
931.5,4.896e-11,872.5042795034187,0.0001756,0.0,0.0,0.0,0.0,0.0,4.098979852377754e-13,0.0,0.0,0.0,0.0,0.0,4.8550102014762224e-11
932.5,4.865e-11,872.7147519658279,0.0001745,0.0,0.0,0.0,0.0,0.0,4.0880531355199196e-13,0.0,0.0,0.0,0.0,0.0,4.824119468644801e-11
933.5,4.834e-11,872.9265553925765,0.0001734,0.0,0.0,0.0,0.0,0.0,4.077084472061978e-13,0.0,0.0,0.0,0.0,0.0,4.7932291552793805e-11
934.5,4.803e-11,873.1397067240811,0.0001723,0.0,0.0,0.0,0.0,0.0,4.066073426515278e-13,0.0,0.0,0.0,0.0,0.0,4.762339265734847e-11
935.5,4.772e-11,873.3542232262554,0.0001712,0.0,0.0,0.0,0.0,0.0,4.055019555989447e-13,0.0,0.0,0.0,0.0,0.0,4.731449804440105e-11
936.5,4.742e-11,873.570122498903,0.0001701,0.0,0.0,0.0,0.0,0.0,4.044775378253721e-13,0.0,0.0,0.0,0.0,0.0,4.7015522462174627e-11
937.5,4.711e-11,873.787422484382,0.000169,0.0,0.0,0.0,0.0,0.0,4.0336377472584134e-13,0.0,0.0,0.0,0.0,0.0,4.670663622527416e-11
938.5,4.681e-11,873.9861988072552,0.000168,0.0,0.0,0.0,0.0,0.0,4.0219121338664883e-13,0.0,0.0,0.0,0.0,0.0,4.640780878661335e-11
939.5,4.65e-11,874.206223983724,0.0001669,0.0,0.0,0.0,0.0,0.0,4.010683750465837e-13,0.0,0.0,0.0,0.0,0.0,4.609893162495342e-11
940.5,4.62e-11,874.407508917024,0.0001659,0.0,0.0,0.0,0.0,0.0,3.9988632341170657e-13,0.0,0.0,0.0,0.0,0.0,4.580011367658829e-11
941.5,4.589e-11,874.630328506903,0.0001648,0.0,0.0,0.0,0.0,0.0,3.9875421012453766e-13,0.0,0.0,0.0,0.0,0.0,4.549124578987547e-11
942.5,4.559e-11,874.8341861788107,0.0001638,0.0,0.0,0.0,0.0,0.0,3.9756246023543124e-13,0.0,0.0,0.0,0.0,0.0,4.519243753976457e-11
943.5,4.529e-11,875.0392922214603,0.0001628,0.0,0.0,0.0,0.0,0.0,3.963657184101166e-13,0.0,0.0,0.0,0.0,0.0,4.489363428158988e-11
944.5,4.5e-11,875.2456620184932,0.0001618,0.0,0.0,0.0,0.0,0.0,3.9525176286714956e-13,0.0,0.0,0.0,0.0,0.0,4.460474823713284e-11
945.5,4.47e-11,875.4533112396734,0.0001608,0.0,0.0,0.0,0.0,0.0,3.9404518921459826e-13,0.0,0.0,0.0,0.0,0.0,4.4305954810785405e-11
946.5,4.441e-11,875.6622558480268,0.0001598,0.0,0.0,0.0,0.0,0.0,3.9292193325308577e-13,0.0,0.0,0.0,0.0,0.0,4.4017078066746916e-11
947.5,4.412e-11,875.8725121072049,0.0001588,0.0,0.0,0.0,0.0,0.0,3.9179411231053676e-13,0.0,0.0,0.0,0.0,0.0,4.372820588768947e-11
948.5,4.383e-11,876.0840965890817,0.0001578,0.0,0.0,0.0,0.0,0.0,3.9066167657653095e-13,0.0,0.0,0.0,0.0,0.0,4.343933832342347e-11
949.5,4.354e-11,876.2970261815916,0.0001568,0.0,0.0,0.0,0.0,0.0,3.89524575356096e-13,0.0,0.0,0.0,0.0,0.0,4.31504754246439e-11
950.5,4.325e-11,876.5113180968181,0.0001558,0.0,0.0,0.0,0.0,0.0,3.883827570479268e-13,0.0,0.0,0.0,0.0,0.0,4.286161724295207e-11
951.5,4.296e-11,876.7053601000324,0.0001549,0.0,0.0,0.0,0.0,0.0,3.87089740468233e-13,0.0,0.0,0.0,0.0,0.0,4.2572910259531763e-11
952.5,4.267e-11,876.922289045493,0.0001539,0.0,0.0,0.0,0.0,0.0,3.8593782116143613e-13,0.0,0.0,0.0,0.0,0.0,4.228406217883856e-11
953.5,4.239e-11,877.1406321400863,0.0001529,0.0,0.0,0.0,0.0,0.0,3.8487181260511327e-13,0.0,0.0,0.0,0.0,0.0,4.200512818739489e-11
954.5,4.211e-11,877.3383653538452,0.000152,0.0,0.0,0.0,0.0,0.0,3.8365368107048186e-13,0.0,0.0,0.0,0.0,0.0,4.172634631892951e-11
955.5,4.183e-11,877.5594467644353,0.000151,0.0,0.0,0.0,0.0,0.0,3.825785919913392e-13,0.0,0.0,0.0,0.0,0.0,4.144742140800866e-11
956.5,4.154e-11,877.759675463614,0.0001501,0.0,0.0,0.0,0.0,0.0,3.812585374553892e-13,0.0,0.0,0.0,0.0,0.0,4.1158741462544606e-11
957.5,4.127e-11,877.9835647471233,0.0001491,0.0,0.0,0.0,0.0,0.0,3.8026594190659406e-13,0.0,0.0,0.0,0.0,0.0,4.088973405809341e-11
958.5,4.099e-11,878.1863527254009,0.0001482,0.0,0.0,0.0,0.0,0.0,3.7902729896196917e-13,0.0,0.0,0.0,0.0,0.0,4.0610972701038026e-11
959.5,4.071e-11,878.3903759680148,0.0001473,0.0,0.0,0.0,0.0,0.0,3.777831754807686e-13,0.0,0.0,0.0,0.0,0.0,4.0332216824519234e-11
960.5,4.044e-11,878.5956496162424,0.0001464,0.0,0.0,0.0,0.0,0.0,3.7662664038360575e-13,0.0,0.0,0.0,0.0,0.0,4.006337335961639e-11
961.5,4.016e-11,878.8021890914702,0.0001455,0.0,0.0,0.0,0.0,0.0,3.7537170164973657e-13,0.0,0.0,0.0,0.0,0.0,3.9784628298350256e-11
962.5,3.988e-11,879.0100101021461,0.0001446,0.0,0.0,0.0,0.0,0.0,3.7411109230051015e-13,0.0,0.0,0.0,0.0,0.0,3.950588890769949e-11
963.5,3.961e-11,879.2191286509493,0.0001437,0.0,0.0,0.0,0.0,0.0,3.729388982264382e-13,0.0,0.0,0.0,0.0,0.0,3.923706110177356e-11
964.5,3.934e-11,879.4295610421833,0.0001428,0.0,0.0,0.0,0.0,0.0,3.717615924911064e-13,0.0,0.0,0.0,0.0,0.0,3.89682384075089e-11
965.5,3.907e-11,879.6114149697329,0.0001419,0.0,0.0,0.0,0.0,0.0,3.7050056082469916e-13,0.0,0.0,0.0,0.0,0.0,3.869949943917531e-11
966.5,3.88e-11,879.7794238630537,0.000141,0.0,0.0,0.0,0.0,0.0,3.6919506535931873e-13,0.0,0.0,0.0,0.0,0.0,3.843080493464068e-11
967.5,3.854e-11,879.9296678453628,0.0001402,0.0,0.0,0.0,0.0,0.0,3.678393444349958e-13,0.0,0.0,0.0,0.0,0.0,3.8172160655565e-11
968.5,3.827e-11,880.0997205102835,0.0001393,0.0,0.0,0.0,0.0,0.0,3.6652325110215005e-13,0.0,0.0,0.0,0.0,0.0,3.790347674889785e-11
969.5,3.801e-11,880.2708754327964,0.0001384,0.0,0.0,0.0,0.0,0.0,3.65297908966089e-13,0.0,0.0,0.0,0.0,0.0,3.764470209103391e-11
970.5,3.775e-11,880.4239501145385,0.0001376,0.0,0.0,0.0,0.0,0.0,3.6392623395439834e-13,0.0,0.0,0.0,0.0,0.0,3.738607376604561e-11
971.5,3.749e-11,880.5972265495832,0.0001367,0.0,0.0,0.0,0.0,0.0,3.6269090827205135e-13,0.0,0.0,0.0,0.0,0.0,3.712730909172795e-11
972.5,3.723e-11,880.7522104642226,0.0001359,0.0,0.0,0.0,0.0,0.0,3.613084086799434e-13,0.0,0.0,0.0,0.0,0.0,3.686869159132005e-11
973.5,3.698e-11,880.9276616655552,0.000135,0.0,0.0,0.0,0.0,0.0,3.601602656158305e-13,0.0,0.0,0.0,0.0,0.0,3.6619839734384166e-11
974.5,3.672e-11,881.0846030407922,0.0001342,0.0,0.0,0.0,0.0,0.0,3.5876701041530845e-13,0.0,0.0,0.0,0.0,0.0,3.636123298958469e-11
975.5,3.647e-11,881.2424827855812,0.0001334,0.0,0.0,0.0,0.0,0.0,3.5746600238489484e-13,0.0,0.0,0.0,0.0,0.0,3.6112533997615103e-11
976.5,3.622e-11,881.4013121886798,0.0001326,0.0,0.0,0.0,0.0,0.0,3.561597917786403e-13,0.0,0.0,0.0,0.0,0.0,3.5863840208221354e-11
977.5,3.597e-11,881.5811447247511,0.0001317,0.0,0.0,0.0,0.0,0.0,3.5499242467401417e-13,0.0,0.0,0.0,0.0,0.0,3.561500757532598e-11
978.5,3.572e-11,881.7420305760235,0.0001309,0.0,0.0,0.0,0.0,0.0,3.5367597323887256e-13,0.0,0.0,0.0,0.0,0.0,3.536632402676113e-11
979.5,3.547e-11,881.9039027068724,0.0001301,0.0,0.0,0.0,0.0,0.0,3.523541455797224e-13,0.0,0.0,0.0,0.0,0.0,3.511764585442028e-11
980.5,3.523e-11,882.0463594381879,0.0001294,0.0,0.0,0.0,0.0,0.0,3.5098138391208054e-13,0.0,0.0,0.0,0.0,0.0,3.4879018616087915e-11
981.5,3.498e-11,882.210113815112,0.0001286,0.0,0.0,0.0,0.0,0.0,3.4964860812881705e-13,0.0,0.0,0.0,0.0,0.0,3.463035139187118e-11
982.5,3.474e-11,882.3748900668344,0.0001278,0.0,0.0,0.0,0.0,0.0,3.48410562948932e-13,0.0,0.0,0.0,0.0,0.0,3.439158943705107e-11
983.5,3.45e-11,882.5407010270733,0.000127,0.0,0.0,0.0,0.0,0.0,3.4716756825293325e-13,0.0,0.0,0.0,0.0,0.0,3.415283243174707e-11
984.5,3.426e-11,882.7075597728432,0.0001262,0.0,0.0,0.0,0.0,0.0,3.4591956864753003e-13,0.0,0.0,0.0,0.0,0.0,3.391408043135247e-11
985.5,3.403e-11,882.875479630644,0.0001254,0.0,0.0,0.0,0.0,0.0,3.4476782063520874e-13,0.0,0.0,0.0,0.0,0.0,3.368523217936479e-11
986.5,3.379e-11,883.0232906208205,0.0001247,0.0,0.0,0.0,0.0,0.0,3.433626491432316e-13,0.0,0.0,0.0,0.0,0.0,3.344663735085677e-11
987.5,3.356e-11,883.1932368785833,0.0001239,0.0,0.0,0.0,0.0,0.0,3.4220120891437454e-13,0.0,0.0,0.0,0.0,0.0,3.321779879108562e-11
988.5,3.333e-11,883.3642840104675,0.0001231,0.0,0.0,0.0,0.0,0.0,3.4103524002755674e-13,0.0,0.0,0.0,0.0,0.0,3.2988964759972443e-11
989.5,3.311e-11,883.5148645900786,0.0001224,0.0,0.0,0.0,0.0,0.0,3.398188255677963e-13,0.0,0.0,0.0,0.0,0.0,3.2770181174432204e-11
990.5,3.288e-11,883.6663088073951,0.0001217,0.0,0.0,0.0,0.0,0.0,3.3849474076140464e-13,0.0,0.0,0.0,0.0,0.0,3.254150525923859e-11
991.5,3.266e-11,883.8404582178769,0.0001209,0.0,0.0,0.0,0.0,0.0,3.3741764180975563e-13,0.0,0.0,0.0,0.0,0.0,3.232258235819024e-11
992.5,3.243e-11,883.9937868615289,0.0001202,0.0,0.0,0.0,0.0,0.0,3.360832716745259e-13,0.0,0.0,0.0,0.0,0.0,3.2093916728325474e-11
993.5,3.221e-11,884.1480110467663,0.0001195,0.0,0.0,0.0,0.0,0.0,3.3484733407126993e-13,0.0,0.0,0.0,0.0,0.0,3.187515266592873e-11
994.5,3.199e-11,884.3253773469038,0.0001187,0.0,0.0,0.0,0.0,0.0,3.337566899472137e-13,0.0,0.0,0.0,0.0,0.0,3.165624331005279e-11
995.5,3.177e-11,884.4815562226207,0.000118,0.0,0.0,0.0,0.0,0.0,3.3251115449187105e-13,0.0,0.0,0.0,0.0,0.0,3.1437488845508125e-11
996.5,3.155e-11,884.6386643448835,0.0001173,0.0,0.0,0.0,0.0,0.0,3.312605788795711e-13,0.0,0.0,0.0,0.0,0.0,3.121873942112043e-11
997.5,3.134e-11,884.7967128377347,0.0001166,0.0,0.0,0.0,0.0,0.0,3.301102391059168e-13,0.0,0.0,0.0,0.0,0.0,3.100988976089408e-11
998.5,3.113e-11,884.9557130261693,0.0001159,0.0,0.0,0.0,0.0,0.0,3.289554255146283e-13,0.0,0.0,0.0,0.0,0.0,3.080104457448537e-11
999.5,3.092e-11,885.1386076701066,0.0001151,0.0,0.0,0.0,0.0,0.0,3.279482886065669e-13,0.0,0.0,0.0,0.0,0.0,3.059205171139344e-11
