Altitude (km),Total (kg/m3),Neutral Temp. (K),Pressure (Pa),C (kg/m3),N2 (kg/m3),CH3 (kg/m3),C2H4 (kg/m3),He (kg/m3),H (kg/m3),CH4 (kg/m3),C2H6 (kg/m3),Ar (kg/m3),C2H2 (kg/m3),C3H4 (kg/m3),H2 (kg/m3)
0.5,0.1678,164.89880540299438,98040.0,0.0,0.00024871366429145855,0.0,0.0,0.045293647397142825,0.0,0.004845647170277115,0.0,8.566220587176184e-5,0.0,0.0,0.11732632956241683
1.5,0.1633,162.915030801002,94180.0,0.0,0.0002420240079384758,0.0,0.0,0.04407538326628678,0.0,0.004715313702394264,0.0,8.33581478243157e-5,0.0,0.0,0.11418392087555616
2.5,0.1589,160.8890444373618,90430.0,0.0,0.00023548350015890267,0.0,0.0,0.042884280823201476,0.0,0.004587886071489658,0.0,8.110545967581461e-5,0.0,0.0,0.11111124414547414
3.5,0.1545,158.76003377262845,86790.0,0.0,0.00022894420121430137,0.0,0.0,0.04169339852300672,0.0,0.0044604819921168,0.0,7.885318787544827e-5,0.0,0.0,0.10803832209578675
4.5,0.1502,156.59882185966757,83240.0,0.0,0.0002225539216887779,0.0,0.0,0.040529654390078586,0.0,0.0043359812334297105,0.0,7.665224149056444e-5,0.0,0.0,0.10503515821331237
5.5,0.146,154.43314676862147,79800.0,0.0,0.00021631316431413097,0.0,0.0,0.03939313997771751,0.0,0.004214393590068845,0.0,7.45027936725457e-5,0.0,0.0,0.10210165047422695
6.5,0.1418,152.22693563405292,76450.0,0.0,0.00021007382299799744,0.0,0.0,0.03825688344606107,0.0,0.004092833535541701,0.0,7.235298147365617e-5,0.0,0.0,0.0991678562139256
7.5,0.1377,149.92411987215618,73200.0,0.0,0.00020399152668778536,0.0,0.0,0.03714922663426302,0.0,0.003974333162880921,0.0,7.024712668304342e-5,0.0,0.0,0.09630220154948521
8.5,0.1336,147.5898316851652,70040.0,0.0,0.00019790943822483928,0.0,0.0,0.03604167633252881,0.0,0.0038558395934168463,0.0,6.814190283756538e-5,0.0,0.0,0.09343643273299194
9.5,0.1296,145.99352648073682,66970.0,0.0,0.00019195225103409443,0.0,0.0,0.0349672570075808,0.0,0.003740195934230377,0.0,6.609079262080171e-5,0.0,0.0,0.09063450401453392
10.5,0.1256,144.37799210289373,64000.0,0.0,0.0001859966572356112,0.0,0.0,0.033892604178188054,0.0,0.0036245622398662055,0.0,6.404023102254582e-5,0.0,0.0,0.08783279669368758
11.5,0.1214,143.1048152119603,61130.0,0.0,0.0001797547083054198,0.0,0.0,0.03275566500451837,0.0,0.003502943046495255,0.0,6.188177958850372e-5,0.0,0.0,0.08489975546109244
12.5,0.1174,141.83627387343444,58360.0,0.0,0.00017381057127040082,0.0,0.0,0.031672499154257516,0.0,0.0033871075632941347,0.0,5.982593190521245e-5,0.0,0.0,0.08210675677927276
13.5,0.1134,140.52094214996097,55670.0,0.0,0.00016781011106258576,0.0,0.0,0.03058960699037624,0.0,0.0032713013485508573,0.0,5.777122960204993e-5,0.0,0.0,0.07931351032040825
14.5,0.1097,139.19010394864395,53080.0,0.0,0.0001622516146630489,0.0,0.0,0.029587869021475196,0.0,0.003164173892824095,0.0,5.587035540840953e-5,0.0,0.0,0.07672983511562925
15.5,0.106,137.97563967738373,50570.0,0.0,0.00015674525151070624,0.0,0.0,0.02859286714378754,0.0,0.003056960543945407,0.0,5.396849705269052e-5,0.0,0.0,0.07413945856370366
16.5,0.1023,136.7691959597323,48150.0,0.0,0.0001512484949572019,0.0,0.0,0.027598740387775537,0.0,0.002949758777118114,0.0,5.206736662994956e-5,0.0,0.0,0.0715481849735192
17.5,0.09872,135.49103801394162,45810.0,0.0,0.00014593638914765398,0.0,0.0,0.02663058537049167,0.0,0.0028461582041595,0.0,5.023050599453283e-5,0.0,0.0,0.06904708953020663
18.5,0.0949,134.19041498259074,43560.0,0.0,0.0001402716344746496,0.0,0.0,0.02559687654842603,0.0,0.002735680015125991,0.0,4.8272829860077196e-5,0.0,0.0,0.06637889897211324
19.5,0.09155,133.01141730178668,41660.0,0.0,0.00013530918235963565,0.0,0.0,0.0246913244413217,0.0,0.002638898644267175,0.0,4.65527886968672e-5,0.0,0.0,0.06403791494335462
20.5,0.08825,131.81843704259092,39830.0,0.0,0.00013042216749353406,0.0,0.0,0.02379953818185145,0.0,0.0025435885058141014,0.0,4.4858449967225714e-5,0.0,0.0,0.06173159269487368
21.5,0.08509,130.56584325314597,38070.0,0.0,0.00012573774860209132,0.0,0.0,0.02294818917896945,0.0,0.0024522295422446383,0.0,4.3234889542554315e-5,0.0,0.0,0.05952060864064126
22.5,0.08205,129.27517971822007,36390.0,0.0,0.00012122808895029609,0.0,0.0,0.02213101696924742,0.0,0.0023642788611918284,0.0,4.167250175809781e-5,0.0,0.0,0.05739180357885236
23.5,0.07913,127.97522181707481,34790.0,0.0,0.00011688876596056525,0.0,0.0,0.021344837791015012,0.0,0.0022798329013802555,0.0,4.0172841956514424e-5,0.0,0.0,0.055348267699687655
24.5,0.07624,126.43223789776036,33040.0,0.0,0.00011256325550749053,0.0,0.0,0.02056279164553412,0.0,0.002196302890502615,0.0,3.8688736341428735e-5,0.0,0.0,0.05332965347211435
25.5,0.07256,124.81396187331151,31310.0,0.0,0.0001070734740957604,0.0,0.0,0.01956867873091027,0.0,0.0020900136129918022,0.0,3.6804335724955765e-5,0.0,0.0,0.05075742984627721
26.5,0.07079,123.13432135907591,29660.0,0.0,0.00010440361655051595,0.0,0.0,0.0190940072287162,0.0,0.002038695192835234,0.0,3.588901023743992e-5,0.0,0.0,0.049517004951660615
27.5,0.06895,121.41014377691934,28050.0,0.0,0.00010163205151836884,0.0,0.0,0.01859941753525696,0.0,0.0019853309836966103,0.0,3.493768287384089e-5,0.0,0.0,0.04822868174665422
28.5,0.06702,119.67876726859026,26490.0,0.0,9.873098372984403e-5,0.0,0.0,0.018075778515528742,0.0,0.001929209221272255,0.0,3.393704760947658e-5,0.0,0.0,0.04688234423185968
29.5,0.06268,117.94049522014875,24990.0,0.0,9.22834594116852e-5,0.0,0.0,0.01690337060963208,0.0,0.0018037885837259696,0.0,3.171766377191641e-5,0.0,0.0,0.043848839683458346
30.5,0.05911,116.28758099267955,23570.0,0.0,8.697472007602455e-5,0.0,0.0,0.015942220294029,0.0,0.0017006971047152748,0.0,2.98901557601791e-5,0.0,0.0,0.041350217725419525
31.5,0.05476,114.71741496249328,22260.0,0.0,8.052867201731679e-5,0.0,0.0,0.014769930070679737,0.0,0.0015752238975015199,0.0,2.7671370501888836e-5,0.0,0.0,0.038306645989299545
32.5,0.05199,113.31104689442287,21010.0,0.0,7.641990833958694e-5,0.0,0.0,0.014021718259458854,0.0,0.0014952584408269526,0.0,2.6252848682157678e-5,0.0,0.0,0.03637035054269245
33.5,0.05034,111.95468878821926,19830.0,0.0,7.395713766896357e-5,0.0,0.0,0.013575754265974516,0.0,0.0014474947240416282,0.0,2.5401149844543908e-5,0.0,0.0,0.035217392722470355
34.5,0.04802,110.89377020601877,18700.0,0.0,7.049269876145102e-5,0.0,0.0,0.012949714089820643,0.0,0.0013802808903414674,0.0,2.4210554149403228e-5,0.0,0.0,0.03359530176692703
35.5,0.04508,109.8649528018082,17630.0,0.0,6.612432496506696e-5,0.0,0.0,0.012156552217310391,0.0,0.0012952940333260967,0.0,2.2709102846056123e-5,0.0,0.0,0.0315393203215524
36.5,0.04165,109.34317563874383,16620.0,0.0,6.10479820832967e-5,0.0,0.0,0.01123175786905685,0.0,0.001196229205499822,0.0,2.095856047493969e-5,0.0,0.0,0.02914000638288509
37.5,0.03784,108.82260550553954,15670.0,0.0,5.542263092130423e-5,0.0,0.0,0.010204460557874762,0.0,0.0010863402890326506,0.0,1.9020810994304695e-5,0.0,0.0,0.026474755711176974
38.5,0.03541,108.7561810094006,14800.0,0.0,5.1826396214792036e-5,0.0,0.0,0.009549285814289982,0.0,0.0010161587904046218,0.0,1.777811210440755e-5,0.0,0.0,0.02477495088698619
39.5,0.03404,108.70983234165946,13970.0,0.0,4.9785224358553585e-5,0.0,0.0,0.009179956430116562,0.0,0.0009764370141108809,0.0,1.7069573866865315e-5,0.0,0.0,0.02381675175754714
40.5,0.03273,109.16892845226138,13200.0,0.0,4.7821333377591166e-5,0.0,0.0,0.008826822644808139,0.0,0.0009383960039971743,0.0,1.6389046738769666e-5,0.0,0.0,0.022900570971078324
41.5,0.03023,109.76908106293384,12470.0,0.0,4.4120667881971703e-5,0.0,0.0,0.008152752504759156,0.0,0.000866269148049717,0.0,1.5114310511490433e-5,0.0,0.0,0.021151743368797667
42.5,0.02859,110.54196665098542,11780.0,0.0,4.16816817950649e-5,0.0,0.0,0.007710612044948168,0.0,0.0008187939605316853,0.0,1.42712916835863e-5,0.0,0.0,0.0200046410210415
43.5,0.02763,111.43395007352215,11120.0,0.0,4.0237636603606785e-5,0.0,0.0,0.0074518623307940415,0.0,0.0007907982716305771,0.0,1.3768687441624236e-5,0.0,0.0,0.01933333307353015
44.5,0.02491,112.42591072912288,10510.0,0.0,3.623618119153039e-5,0.0,0.0,0.006718291083696413,0.0,0.0007124882252366901,0.0,1.239214732677408e-5,0.0,0.0,0.017430592362548594
45.5,0.02473,113.57144606360646,9925.0,0.0,3.59324395804652e-5,0.0,0.0,0.006669621610173477,0.0,0.0007068544834863897,0.0,1.2280808867814443e-5,0.0,0.0,0.01730531065789185
46.5,0.02302,114.80883534517054,9378.0,0.0,3.340449306656142e-5,0.0,0.0,0.006208424202416626,0.0,0.0006575080059488266,0.0,1.1410100057022388e-5,0.0,0.0,0.01610925319851096
47.5,0.0218,116.22974123977218,8862.0,0.0,3.1585131451179155e-5,0.0,0.0,0.0058795481614489975,0.0,0.0006221791163685204,0.0,1.0782559507167334e-5,0.0,0.0,0.015255905031224135
48.5,0.02065,117.63383826905796,8380.0,0.0,2.987313735316017e-5,0.0,0.0,0.005569532779568916,0.0,0.0005889062676567092,0.0,1.0192424922877595e-5,0.0,0.0,0.014451495390498342
49.5,0.0193,119.06397948838018,7916.0,0.0,2.787663319016139e-5,0.0,0.0,0.0052055601074563525,0.0,0.000549976876595623,0.0,9.505829460497675e-6,0.0,0.0,0.013507080553297366
50.5,0.01817,120.48131850836779,7480.0,0.0,2.6203257265655478e-5,0.0,0.0,0.004900766871499341,0.0,0.000517354043185417,0.0,8.92946636150086e-6,0.0,0.0,0.012716746361688083
51.5,0.01744,121.89567770143418,7065.0,0.0,2.510937588577208e-5,0.0,0.0,0.004703498305304214,0.0,0.0004961083251659416,0.0,8.549351753599803e-6,0.0,0.0,0.012206734641890473
52.5,0.01628,123.3064157430572,6674.0,0.0,2.3401016684050437e-5,0.0,0.0,0.0043903018368414365,0.0,0.00046268195785241744,0.0,7.960860104843066e-6,0.0,0.0,0.011395654328517253
53.5,0.01537,124.7078770793028,6307.0,0.0,2.2057166859139182e-5,0.0,0.0,0.004144570439719372,0.0,0.0004364181341042218,0.0,7.497309486461951e-6,0.0,0.0,0.010759456949830805
54.5,0.01489,126.13504904022889,5954.0,0.0,2.133305997202976e-5,0.0,0.0,0.00401481361702885,0.0,0.00042239331330214943,0.0,7.2449022285712525e-6,0.0,0.0,0.010424215107468403
55.5,0.01402,127.40428998396058,5621.0,0.0,2.005090608942785e-5,0.0,0.0,0.0037801301900619315,0.0,0.00039732789334470447,0.0,6.803476417609079e-6,0.0,0.0,0.009815687534086326
56.5,0.01318,128.50495548053647,5303.0,0.0,1.8812853390131187e-5,0.0,0.0,0.0035537673006018123,0.0,0.0003731406603347156,0.0,6.377595598921887e-6,0.0,0.0,0.00922790159007442
57.5,0.0121,129.57538727532423,5011.0,0.0,1.72385663298249e-5,0.0,0.0,0.0032626715481500427,0.0,0.0003422242940212772,0.0,5.83874777001006e-6,0.0,0.0,0.008472026843728843
58.5,0.0112,130.61821224858974,4742.0,0.0,1.592691022228488e-5,0.0,0.0,0.003020091001907868,0.0,0.0003164629753262598,0.0,5.389844835042084e-6,0.0,0.0,0.007842129267708544
59.5,0.01029,131.64184338692442,4492.0,0.0,1.4606338815137854e-5,0.0,0.0,0.0027747964458580314,0.0,0.00029047409228388614,0.0,4.938773879169136e-6,0.0,0.0,0.007205184349163776
60.5,0.009602,132.6396424976684,4261.0,0.0,1.3605673435892915e-5,0.0,0.0,0.0025893505099958115,0.0,0.00027080163278629123,0.0,4.596636026533046e-6,0.0,0.0,0.006723645547755472
61.5,0.008991,133.48212204437942,4045.0,0.0,1.2715253895254641e-5,0.0,0.0,0.002424445073787282,0.0,0.00025332086407859494,0.0,4.292424368671728e-6,0.0,0.0,0.006296226383870198
62.5,0.008408,134.28473455724762,3843.0,0.0,1.186765682314135e-5,0.0,0.0,0.0022670721406630834,0.0,0.00023666268272496278,0.0,4.003199967717836e-6,0.0,0.0,0.005888394319821094
63.5,0.007897,135.0748541280698,3654.0,0.0,1.112507079711477e-5,0.0,0.0,0.002129136653221681,0.0,0.00022206491449111105,0.0,3.749859515929412e-6,0.0,0.0,0.005530923501974164
64.5,0.007635,135.8708149787116,3473.0,0.0,1.0735243265583797e-5,0.0,0.0,0.002058348715519044,0.0,0.00021448872215401558,0.0,3.6156932068940883e-6,0.0,0.0,0.005347811625854463
65.5,0.007264,136.67136043655037,3300.0,0.0,1.0193798495525038e-5,0.0,0.0,0.001958186538775733,0.0,0.0002038667581879544,0.0,3.430688455118886e-6,0.0,0.0,0.005088322216085668
66.5,0.006892,137.47499219831647,3135.0,0.0,9.65293921683492e-6,0.0,0.0,0.0018577688129795438,0.0,0.00019323658581476937,0.0,3.2461536482096944e-6,0.0,0.0,0.004828095508340641
67.5,0.006399,138.15393971189042,2981.0,0.0,8.944733196957537e-6,0.0,0.0,0.0017247771878689411,0.0,0.0001792302820239035,0.0,3.0052156269578187e-6,0.0,0.0,0.00448304258128324
68.5,0.006019,138.81304192750912,2838.0,0.0,8.39731286457688e-6,0.0,0.0,0.0016222601575543148,0.0,0.00016841805987066684,0.0,2.8187378746649223e-6,0.0,0.0,0.0042171057318357765
69.5,0.005593,139.47144833759563,2702.0,0.0,7.7879362646283e-6,0.0,0.0,0.0015073574641705477,0.0,0.00015634162304082946,0.0,2.6118201640132654e-6,0.0,0.0,0.003918901156359981
70.5,0.005345,140.11692142502886,2575.0,0.0,7.4285373171711285e-6,0.0,0.0,0.0014404390686576596,0.0,0.0001492627726677531,0.0,2.489077651004492e-6,0.0,0.0,0.003745380543706412
71.5,0.005118,140.75676426881083,2455.0,0.0,7.099717441415822e-6,0.0,0.0,0.0013791877938141288,0.0,0.00014278473306918548,0.0,2.376806462978935e-6,0.0,0.0,0.003586550949212291
72.5,0.0049,141.40966401764652,2338.0,0.0,6.784243565961152e-6,0.0,0.0,0.0013203667444027498,0.0,0.00013656662537573855,0.0,2.269147311994012e-6,0.0,0.0,0.0034340132393435563
73.5,0.004668,141.9594019686204,2227.0,0.0,6.449265241503429e-6,0.0,0.0,0.0012577818257992646,0.0,0.0001299569403624851,0.0,2.155104680813028e-6,0.0,0.0,0.003271656863915934
74.5,0.00444,142.51057797118963,2121.0,0.0,6.1211631881704195e-6,0.0,0.0,0.0011962813277778528,0.0,0.00012347256119455444,0.0,2.043562415337857e-6,0.0,0.0,0.0031120813854240846
75.5,0.004219,143.05641402319623,2021.0,0.0,5.8041828150412305e-6,0.0,0.0,0.0011366741359665634,0.0,0.00011719808315164654,0.0,1.9359528018160717e-6,0.0,0.0,0.0029573876452649323
76.5,0.003924,143.60057610200923,1926.0,0.0,5.386962163062083e-6,0.0,0.0,0.0010571378013140252,0.0,0.00010888421361879158,0.0,1.7951410079384832e-6,0.0,0.0,0.0027507958818961836
77.5,0.003662,144.12299574519295,1839.0,0.0,5.017105580289277e-6,0.0,0.0,0.000986502132825121,0.0,0.00010150750640060067,0.0,1.6704165644816514e-6,0.0,0.0,0.0025673028386295075
78.5,0.003467,144.63928434528182,1756.0,0.0,4.740181948484079e-6,0.0,0.0,0.0009339224000958723,0.0,9.599993094931097e-5,0.0,1.576813262375995e-6,0.0,0.0,0.0024307606737439566
79.5,0.003263,145.0879359136228,1678.0,0.0,4.4506987460397435e-6,0.0,0.0,0.0008789283528096944,0.0,9.024136938665232e-5,0.0,1.4790966579222162e-6,0.0,0.0,0.0022879004823996908
80.5,0.003068,145.53329152421955,1604.0,0.0,4.174879817360072e-6,0.0,0.0,0.0008263638912591685,0.0,8.474602564277046e-5,0.0,1.3861125690035418e-6,0.0,0.0,0.0021513290907116973
81.5,0.002888,145.96746962216727,1535.0,0.0,3.920928723984566e-6,0.0,0.0,0.0007778452976304383,0.0,7.968006842989059e-5,0.0,1.300588845235019e-6,0.0,0.0,0.0020252531163704518
82.5,0.002741,146.40143399335884,1469.0,0.0,3.7128242975030497e-6,0.0,0.0,0.0007382188466076901,0.0,7.553535905405857e-5,0.0,1.2304167280914031e-6,0.0,0.0,0.0019223025533126566
83.5,0.00258,146.820222967094,1408.0,0.0,3.4870124036624116e-6,0.0,0.0,0.0006948267429089829,0.0,7.101785926508014e-5,0.0,1.154548483088926e-6,0.0,0.0,0.0018095138369391853
84.5,0.002449,147.24291272938285,1349.0,0.0,3.3025698891451555e-6,0.0,0.0,0.0006595172050024411,0.0,6.733465618152478e-5,0.0,1.0924911523300758e-6,0.0,0.0,0.0017177530777745585
85.5,0.002332,147.65393788369175,1294.0,0.0,3.137964208641132e-6,0.0,0.0,0.0006279816182754038,0.0,6.404631108879688e-5,0.0,1.0371270582130816e-6,0.0,0.0,0.001635796979368945
86.5,0.002221,148.07319564383855,1241.0,0.0,2.9817313213599638e-6,0.0,0.0,0.0005980420785809068,0.0,6.0925195449215565e-5,0.0,9.844629421956903e-7,0.0,0.0,0.0015580665317063216
87.5,0.002113,148.4888637338232,1191.0,0.0,2.83014700500856e-6,0.0,0.0,0.0005689044848596108,0.0,5.789256293204395e-5,0.0,9.333766879821419e-7,0.0,0.0,0.0014824394285153546
88.5,0.002017,148.90466008663063,1143.0,0.0,2.695284450892449e-6,0.0,0.0,0.0005430032080223613,0.0,5.519552846455018e-5,0.0,8.879111342154037e-7,0.0,0.0,0.0014152180679279807
89.5,0.001929,149.31985299368716,1097.0,0.0,2.5717075863458487e-6,0.0,0.0,0.0005192606324904624,0.0,5.2723675612713415e-5,0.0,8.462606048004547e-7,0.0,0.0,0.0013535977237056779
90.5,0.001846,149.7240238168513,1054.0,0.0,2.4554917282024774e-6,0.0,0.0,0.0004968698733863785,0.0,5.039581838226701e-5,0.0,8.071448136119692e-7,0.0,0.0,0.0012954716716895402
91.5,0.001764,150.13503899785246,1012.0,0.0,2.341025341920478e-6,0.0,0.0,0.00047475178559864764,0.0,4.8099666690846655e-5,0.0,7.686729450986535e-7,0.0,0.0,0.0012380388494234865
92.5,0.001689,150.54890089682445,971.4,0.0,2.236304781167168e-6,0.0,0.0,0.0004545214775318995,0.0,4.599919097090493e-5,0.0,7.334755830758381e-7,0.0,0.0,0.0011855095511329526
93.5,0.00162,150.95657297944103,933.0,0.0,2.140056252019141e-6,0.0,0.0,0.0004359102994855793,0.0,4.406770279822157e-5,0.0,7.011424101269333e-7,0.0,0.0,0.001137180799054053
94.5,0.001553,151.39541163247415,896.2,0.0,2.0464704288289887e-6,0.0,0.0,0.0004178673397529433,0.0,4.2189690338685615e-5,0.0,6.696825061418849e-7,0.0,0.0,0.0010902268169734
95.5,0.001489,151.83746628434736,860.9,0.0,1.9572379489443025e-6,0.0,0.0,0.00040063583645450987,0.0,4.039736979310656e-5,0.0,6.397125808466675e-7,0.0,0.0,0.0010453698432225924
96.5,0.001435,152.28072368097077,826.9,0.0,1.8815369970014863e-6,0.0,0.0,0.0003860957845209764,0.0,3.888053266212382e-5,0.0,6.14229101590651e-7,0.0,0.0,0.0010075279167183078
97.5,0.001383,152.7231886089541,794.3,0.0,1.8088264066192059e-6,0.0,0.0,0.00037209462330395473,0.0,3.7421862888432764e-5,0.0,5.897824089984221e-7,0.0,0.0,0.0009710849049919949
98.5,0.001333,153.16832449220976,762.8,0.0,1.7390502124424991e-6,0.0,0.0,0.00035863223174173193,0.0,3.602075225539076e-5,0.0,5.663451565753003e-7,0.0,0.0,0.0009360416206338597
99.5,0.001284,153.61419941589102,732.5,0.0,1.6709075295272512e-6,0.0,0.0,0.0003454395818449708,0.0,3.4650225544048595e-5,0.0,5.43494001845545e-7,0.0,0.0,0.0009016957910796077
100.5,0.001241,154.0648229886527,703.1,0.0,1.6108418611379906e-6,0.0,0.0,0.00033386170367201787,0.0,3.344452356736363e-5,0.0,5.233146673064674e-7,0.0,0.0,0.0008715596162321737
101.5,0.0012,154.51946662515408,675.0,0.0,1.5535819473668263e-6,0.0,0.0,0.00032282176072146335,0.0,3.22950344129836e-5,0.0,5.040872835455522e-7,0.0,0.0,0.0008428255356346407
102.5,0.001159,154.9993202034203,647.6,0.0,1.4962697799711893e-6,0.0,0.0,0.00031178007493748623,0.0,3.114506719363172e-5,0.0,4.84852059081989e-7,0.0,0.0,0.000814093736029829
103.5,0.001121,155.48126577393293,621.2,0.0,1.4431126944504412e-6,0.0,0.0,0.00030154615177769667,0.0,3.0078759101720026e-5,0.0,4.6700857611808266e-7,0.0,0.0,0.000787464967850015
104.5,0.00108,155.96663632136705,595.7,0.0,1.3863655729998754e-6,0.0,0.0,0.00029050595205144,0.0,2.893489152316699e-5,0.0,4.480469848922986e-7,0.0,0.0,0.0007587247438675009
105.5,0.001039,156.45498228076602,571.1,0.0,1.3299070569725494e-6,0.0,0.0,0.0002794665206961295,0.0,2.779414964074376e-5,0.0,4.29224715202935e-7,0.0,0.0,0.0007299801978909512
106.5,0.0009972,156.94366410742361,547.5,0.0,1.2727375304309438e-6,0.0,0.0,0.00026821275241075386,0.0,2.6635408602129882e-5,0.0,4.102225382569903e-7,0.0,0.0,0.0007006688789184284
107.5,0.0009541,157.43179971675173,524.9,0.0,1.2142347961199938e-6,0.0,0.0,0.0002566102169721144,0.0,2.5445497191291092e-5,0.0,3.9084200135936323e-7,0.0,0.0,0.0006704392090391151
108.5,0.0009128,157.91813664916845,503.2,0.0,1.158330517474061e-6,0.0,0.0,0.00024549278148521187,0.0,2.430697051190144e-5,0.0,3.7234551629858177e-7,0.0,0.0,0.000641469571969114
109.5,0.0008769,158.3465868870234,482.4,0.0,1.1094476578881186e-6,0.0,0.0,0.00023583108600365376,0.0,2.3314541577766615e-5,0.0,3.5611676351679984e-7,0.0,0.0,0.0006162888079971747
110.5,0.0008429,158.77415441031948,462.5,0.0,1.0632498305351012e-6,0.0,0.0,0.00022668088886872363,0.0,2.23756588189354e-5,0.0,3.407957625472426e-7,0.0,0.0,0.0005924394067192586
111.5,0.0008108,159.2044899648619,443.3,0.0,1.0196874887409741e-6,0.0,0.0,0.00021804209602162216,0.0,2.148978462204849e-5,0.0,3.263586748683732e-7,0.0,0.0,0.0005699220731927201
112.5,0.0007809,159.6371442325064,424.8,0.0,9.791196810487334e-7,0.0,0.0,0.00020999535145513172,0.0,2.0664675039313998e-5,0.0,3.129173605631872e-7,0.0,0.0,0.0005489479364639422
113.5,0.0007521,160.06910166404225,407.1,0.0,9.401670550333034e-7,0.0,0.0,0.0002022448530397991,0.0,1.987122519752723e-5,0.0,3.0003072805585935e-7,0.0,0.0,0.0005287437239795846
114.5,0.0007217,160.50203470887217,390.1,0.0,8.99440063159778e-7,0.0,0.0,0.0001940645272954846,0.0,1.9037945394891645e-5,0.0,2.8661461644164654e-7,0.0,0.0,0.0005074114726300223
115.5,0.0006915,160.92695401772147,373.7,0.0,8.591716965270385e-7,0.0,0.0,0.00018593819585457347,0.0,1.821222696961674e-5,0.0,2.7338080604235725e-7,0.0,0.0,0.0004862170246732403
116.5,0.0006626,161.23633532032235,358.0,0.0,8.206590240680638e-7,0.0,0.0,0.00017815989090676622,0.0,1.7422430522970776e-5,0.0,2.607491573057449e-7,0.0,0.0,0.00046593627038888914
117.5,0.0006352,161.5469692526279,342.9,0.0,7.842232834259262e-7,0.0,0.0,0.00017078548568593668,0.0,1.6674441934222768e-5,0.0,2.4881093334196876e-7,0.0,0.0,0.0004467070381630727
118.5,0.000609,161.856218438189,328.5,0.0,7.494981741724892e-7,0.0,0.0,0.00016373433626495706,0.0,1.596043673983092e-5,0.0,2.3745027760271016e-7,0.0,0.0,0.0004283182785434368
119.5,0.0005836,162.16557583647534,314.7,0.0,7.15965490671161e-7,0.0,0.0,0.00015689883073921729,0.0,1.5269651676455246e-5,0.0,2.2649903033705034e-7,0.0,0.0,0.00041048905306331925
120.5,0.0005584,162.4744485080545,301.5,0.0,6.828854372036131e-7,0.0,0.0,0.00015011765536549753,0.0,1.4586352389176201e-5,0.0,2.1572240179053212e-7,0.0,0.0,0.0003927973844063322
121.5,0.0005343,162.7846606286094,288.8,0.0,6.513392484846789e-7,0.0,0.0,0.00014363271047272724,0.0,1.3933838693158502e-5,0.0,2.0545895004624624e-7,0.0,0.0,0.00037587665263558336
122.5,0.0005105,163.055159602402,276.7,0.0,6.203238601656647e-7,0.0,0.0,0.00013723004792095484,0.0,1.3290753633478568e-5,0.0,1.9538057776011622e-7,0.0,0.0,0.0003591634940076408
123.5,0.0004861,163.2362984798884,265.2,0.0,5.887077990019362e-7,0.0,0.0,0.00013066890999659993,0.0,1.2633044504941357e-5,0.0,1.8511738293684328e-7,0.0,0.0,0.00034202422031651993
124.5,0.0004628,163.41706727215504,254.2,0.0,5.586269182503523e-7,0.0,0.0,0.00012440365574348822,0.0,1.2006207028950586e-5,0.0,1.75369976103062e-7,0.0,0.0,0.00032565614033320774
125.5,0.000441,163.59882144875368,243.6,0.0,5.305343532465359e-7,0.0,0.0,0.00011854177943825832,0.0,1.1420283759697577e-5,0.0,1.6627577219903826e-7,0.0,0.0,0.00031034112667659847
126.5,0.0004208,163.77586243743738,233.7,0.0,5.045854380056559e-7,0.0,0.0,0.00011311020205087459,0.0,1.0878271513750973e-5,0.0,1.5788863549711047e-7,0.0,0.0,0.0002961490523618716
127.5,0.0004016,163.9548516630472,224.1,0.0,4.799777648459218e-7,0.0,0.0,0.00010794755864054456,0.0,1.0363713058987e-5,0.0,1.4994440939577782e-7,0.0,0.0,0.0002826588061262268
128.5,0.0003837,164.13174355067753,215.0,0.0,4.570927958577797e-7,0.0,0.0,0.00010313451467213966,0.0,9.88461770671184e-6,0.0,1.4256562431106458e-7,0.0,0.0,0.00027008120920097965
129.5,0.0003677,164.30800499000554,206.3,0.0,4.3661270344937766e-7,0.0,0.0,9.883231069979737e-5,0.0,9.456071588974351e-6,0.0,1.3595982167519825e-7,0.0,0.0,0.0002588390451861037
130.5,0.0003524,164.43579981838528,198.0,0.0,4.170796428324753e-7,0.0,0.0,9.471489869564492e-5,0.0,9.046903326725544e-6,0.0,1.2966984206713216e-7,0.0,0.0,0.0002480914484927299
131.5,0.0003377,164.51149594676514,190.0,0.0,3.9835316876913807e-7,0.0,0.0,9.075543129692524e-5,0.0,8.654291696324168e-6,0.0,1.2364845644218819e-7,0.0,0.0,0.00023776827538153926
132.5,0.0003235,164.58742596003034,182.3,0.0,3.803304582036545e-7,0.0,0.0,8.693103281762631e-5,0.0,8.275776705794019e-6,0.0,1.1786362723488202e-7,0.0,0.0,0.0002277949963911411
133.5,0.0003098,164.662433364039,175.0,0.0,3.630240659550866e-7,0.0,0.0,8.324178958150567e-5,0.0,7.911506016491156e-6,0.0,1.1232098710797344e-7,0.0,0.0,0.0002181713593489401
134.5,0.0002967,164.7384496752797,167.9,0.0,3.465129024205057e-7,0.0,0.0,7.971432770991483e-5,0.0,7.563596263497132e-6,0.0,1.0703908306482095e-7,0.0,0.0,0.0002089685240411027
135.5,0.0002846,164.81319099867744,161.2,0.0,3.312904592475493e-7,0.0,0.0,7.645629107577064e-5,0.0,7.242550756486629e-6,0.0,1.0217417907453345e-7,0.0,0.0,0.00020046769352942062
136.5,0.000273,164.88873132968362,154.7,0.0,3.16733163001615e-7,0.0,0.0,7.333309018723447e-5,0.0,6.935168996413012e-6,0.0,9.752762309385721e-8,0.0,0.0,0.00019231748003025706
137.5,0.0002619,164.96380313975024,148.5,0.0,3.028531883133524e-7,0.0,0.0,7.034480867484577e-5,0.0,6.641594092500469e-6,0.0,9.310488244546996e-8,0.0,0.0,0.00018451763916189497
138.5,0.0002497,165.01927447553362,142.6,0.0,2.877990943251412e-7,0.0,0.0,6.706164117216641e-5,0.0,6.321350796041439e-6,0.0,8.833756008263866e-8,0.0,0.0,0.00017594087137738436
139.5,0.0002375,165.05703976918448,136.9,0.0,2.728323585894374e-7,0.0,0.0,6.377898494577655e-5,0.0,6.002193619062358e-6,0.0,8.361158646830502e-8,0.0,0.0,0.00016736237749010333
140.5,0.0002259,165.09429690469074,131.5,0.0,2.5865995034794884e-7,0.0,0.0,6.065814003149613e-5,0.0,5.699380265321779e-6,0.0,7.914502278797532e-8,0.0,0.0,0.00015920467473004614
141.5,0.0002155,165.13091662803197,126.4,0.0,2.459603869164209e-7,0.0,0.0,5.786016428577848e-5,0.0,5.427954834819262e-6,0.0,7.514411716109902e-8,0.0,0.0,0.00015189077637532477
142.5,0.0002065,165.16675789885687,121.6,0.0,2.349484030410125e-7,0.0,0.0,5.543866863196579e-5,0.0,5.192803278323102e-6,0.0,7.16723830297232e-8,0.0,0.0,0.00014556190730364036
143.5,0.0001979,165.20325054091026,116.9,0.0,2.244439619396927e-7,0.0,0.0,5.3124898776556836e-5,0.0,4.968297329048843e-6,0.0,6.836360876728077e-8,0.0,0.0,0.00013951399632368736
144.5,0.0001897,165.23959212277697,112.4,0.0,2.144592913602343e-7,0.0,0.0,5.091894097431383e-5,0.0,4.754578511651609e-6,0.0,6.52232399612999e-8,0.0,0.0,0.00013374679798271302
145.5,0.0001822,165.2757043711267,108.1,0.0,2.0532886555622672e-7,0.0,0.0,4.890129126172217e-5,0.0,4.559114050229408e-6,0.0,6.235224859091853e-8,0.0,0.0,0.00012847191357390127
146.5,0.0001749,165.30382817535096,104.0,0.0,1.964883006076672e-7,0.0,0.0,4.6937855859653223e-5,0.0,4.369409407230346e-6,0.0,5.957845622622646e-8,0.0,0.0,0.00012333666797628254
147.5,0.000168,165.31600705630794,99.97,0.0,1.8814435279343903e-7,0.0,0.0,4.508229439060276e-5,0.0,4.190281810509953e-6,0.0,5.6961315052049626e-8,0.0,0.0,0.0001184823181310418
148.5,0.000161,165.32794924380354,96.17,0.0,1.797501617044818e-7,0.0,0.0,4.320028094877162e-5,0.0,4.00935389537036e-6,0.0,5.433845419500546e-8,0.0,0.0,0.00011355627653995856
149.5,0.0001542,165.3398729226848,92.52,0.0,1.716292607581345e-7,0.0,0.0,4.1372241674587396e-5,0.0,3.83396796629603e-6,0.0,5.1805933103298106e-8,0.0,0.0,0.00010877035516525517
150.5,0.0001476,165.35179151471002,89.01,0.0,1.6377868973626762e-7,0.0,0.0,3.9598159275372374e-5,0.0,3.6640914798197016e-6,0.0,4.936237156678556e-8,0.0,0.0,0.00010412460818350487
151.5,0.0001416,165.36364951667306,85.65,0.0,1.5664088158120365e-7,0.0,0.0,3.798533852010492e-5,0.0,3.509639332543437e-6,0.0,4.714085999207954e-8,0.0,0.0,9.990124040577835e-5
152.5,0.0001361,165.3754209154329,82.44,0.0,1.500999305915443e-7,0.0,0.0,3.6506920931670176e-5,0.0,3.368073649579215e-6,0.0,4.5105692156484356e-8,0.0,0.0,9.602979979600259e-5
153.5,0.0001309,165.38723233614556,79.34,0.0,1.4392558071989351e-7,0.0,0.0,3.5109197316911595e-5,0.0,3.234334889469066e-6,0.0,4.3186215459959344e-8,0.0,0.0,9.236935599743949e-5
154.5,0.0001258,165.39898955856486,76.37,0.0,1.3789896335639621e-7,0.0,0.0,3.37385331411464e-5,0.0,3.1034942115004824e-6,0.0,4.131686949992052e-8,0.0,0.0,8.87787568144968e-5
155.5,0.0001211,165.4,73.51,0.0,1.3237060300106727e-7,0.0,0.0,3.247525944395712e-5,0.0,2.983176711140658e-6,0.0,3.96049920035704e-8,0.0,0.0,8.54695882498976e-5
156.5,0.0001166,165.4,70.77,0.0,1.270945303244643e-7,0.0,0.0,3.1265831896167275e-5,0.0,2.8681684808770725e-6,0.0,3.797372559792229e-8,0.0,0.0,8.230093136703327e-5
157.5,0.0001122,165.4,68.12,0.0,1.219540778190514e-7,0.0,0.0,3.0083408512685806e-5,0.0,2.755924133183091e-6,0.0,3.638713117635114e-8,0.0,0.0,7.920232614513568e-5
158.5,0.000108,165.4,65.58,0.0,1.1705975850863546e-7,0.0,0.0,2.8954816321835552e-5,0.0,2.648921788180574e-6,0.0,3.487842451947785e-8,0.0,0.0,7.624432370695576e-5
159.5,0.0001041,165.4,63.13,0.0,1.1251555599832849e-7,0.0,0.0,2.790683329440258e-5,0.0,2.5495634350236286e-6,0.0,3.3477912467196496e-8,0.0,0.0,7.349760980210828e-5
160.5,0.0001003,165.4,60.77,0.0,1.0810353786412434e-7,0.0,0.0,2.6885831644678962e-5,0.0,2.4529307603961883e-6,0.0,3.212046846046038e-8,0.0,0.0,7.082101358860026e-5
161.5,9.658e-5,165.4,58.5,0.0,1.0380164850423142e-7,0.0,0.0,2.588644746446103e-5,0.0,2.3585293879435955e-6,0.0,3.079944280848643e-8,0.0,0.0,6.820042205628265e-5
162.5,9.279e-5,165.4,56.31,0.0,9.944742349190913e-8,0.0,0.0,2.4868467526274547e-5,0.0,2.2626821936289423e-6,0.0,2.9466424516898978e-8,0.0,0.0,6.55299364320877e-5
163.5,8.911e-5,165.4,54.2,0.0,9.523716296956136e-8,0.0,0.0,2.3880659926671637e-5,0.0,2.16980466241003e-6,0.0,2.8181078318795535e-8,0.0,0.0,6.293611716962998e-5
164.5,8.557e-5,165.4,52.18,0.0,9.120415779255237e-8,0.0,0.0,2.293120009633235e-5,0.0,2.0806389870286976e-6,0.0,2.6953649909167673e-8,0.0,0.0,6.0440003108937225e-5
165.5,8.245e-5,165.4,50.22,0.0,8.763696452068466e-8,0.0,0.0,2.2094345315319777e-5,0.0,2.0018976857596245e-6,0.0,2.5866500042719976e-8,0.0,0.0,5.824025353435719e-5
166.5,7.995e-5,165.4,48.33,0.0,8.474543724013316e-8,0.0,0.0,2.1423681975732293e-5,0.0,1.9384046929357343e-6,0.0,2.498118192275958e-8,0.0,0.0,5.647818671216909e-5
167.5,7.753e-5,165.4,46.51,0.0,8.195360138505889e-8,0.0,0.0,2.077449892575894e-5,0.0,1.8770252317478754e-6,0.0,2.412740781134803e-8,0.0,0.0,5.4772394833296764e-5
168.5,7.519e-5,165.4,44.76,0.0,7.926103491560042e-8,0.0,0.0,2.01467951601714e-5,0.0,1.8177546207772306e-6,0.0,2.330498333610891e-8,0.0,0.0,5.312288420079966e-5
169.5,7.27e-5,165.4,43.04,0.0,7.642041849023736e-8,0.0,0.0,1.9478928173655087e-5,0.0,1.7549745753402016e-6,0.0,2.24405186331009e-8,0.0,0.0,5.136723631388138e-5
170.5,7.023e-5,165.4,41.38,0.0,7.36153502799497e-8,0.0,0.0,1.8816462764685503e-5,0.0,1.6928477528503026e-6,0.0,2.1588583891054816e-8,0.0,0.0,4.9625485548293175e-5
171.5,6.786e-5,165.4,39.78,0.0,7.092997616617053e-8,0.0,0.0,1.8180779560327073e-5,0.0,1.6333063358941634e-6,0.0,2.077390663087878e-8,0.0,0.0,4.795421022098173e-5
172.5,6.557e-5,165.4,38.24,0.0,6.83503291393258e-8,0.0,0.0,1.7565615250644697e-5,0.0,1.5759529852354447e-6,0.0,1.9993718726025602e-8,0.0,0.0,4.63400877162545e-5
173.5,6.34e-5,165.4,36.74,0.0,6.590648659189863e-8,0.0,0.0,1.6982686753151296e-5,0.0,1.5216096650327609e-6,0.0,1.9254777121362617e-8,0.0,0.0,4.4810542318102683e-5
174.5,6.13e-5,165.4,35.3,0.0,6.354828082277654e-8,0.0,0.0,1.64186172157775e-5,0.0,1.4690983939451471e-6,0.0,1.8542656585499397e-8,0.0,0.0,4.333019345286908e-5
175.5,5.927e-5,165.4,33.91,0.0,6.127410533832781e-8,0.0,0.0,1.5873392933616554e-5,0.0,1.4184001008362477e-6,0.0,1.7856665635803062e-8,0.0,0.0,4.1899076194573064e-5
176.5,5.714e-5,165.4,32.57,0.0,5.8908319155711244e-8,0.0,0.0,1.5301486804027364e-5,0.0,1.3654480495506657e-6,0.0,1.7145623653756446e-8,0.0,0.0,4.0397011203612493e-5
177.5,5.497e-5,165.4,31.27,0.0,5.651244022806348e-8,0.0,0.0,1.47189636307382e-5,0.0,1.3116721902423353e-6,0.0,1.6427382471775257e-8,0.0,0.0,3.886642435631962e-5
178.5,5.289e-5,165.4,30.02,0.0,5.4221547329048793e-8,0.0,0.0,1.416064597044549e-5,0.0,1.260192111386749e-6,0.0,1.574138766612528e-8,0.0,0.0,3.739919898317258e-5
179.5,5.089e-5,165.4,28.82,0.0,5.2025009005393526e-8,0.0,0.0,1.3623891405202361e-5,0.0,1.2107652636358738e-6,0.0,1.508447114131918e-8,0.0,0.0,3.598823385101506e-5
180.5,4.873e-5,165.4,27.67,0.0,4.968037302437427e-8,0.0,0.0,1.3045107478949158e-5,0.0,1.1577173602541681e-6,0.0,1.4386350231233957e-8,0.0,0.0,3.446310843754106e-5
181.5,4.665e-5,165.4,26.57,0.0,4.7430020004156776e-8,0.0,0.0,1.2487786484387716e-5,0.0,1.1067225229944005e-6,0.0,1.3717312841696353e-8,0.0,0.0,3.2994343659772036e-5
182.5,4.466e-5,165.4,25.51,0.0,4.5282385380841374e-8,0.0,0.0,1.1954598936300738e-5,0.0,1.0579972188991195e-6,0.0,1.3079556090499388e-8,0.0,0.0,3.15890419033288e-5
183.5,4.284e-5,165.4,24.49,0.0,4.331778049870277e-8,0.0,0.0,1.1466956394319253e-5,0.0,1.0134271209947132e-6,0.0,1.249616094461948e-8,0.0,0.0,3.0303802543242715e-5
184.5,4.124e-5,165.4,23.52,0.0,4.1586558858232223e-8,0.0,0.0,1.103824180869182e-5,0.0,9.741928177399472e-7,0.0,1.1981616614071857e-8,0.0,0.0,2.9173997198095925e-5
185.5,3.97e-5,165.4,22.58,0.0,3.992376538913741e-8,0.0,0.0,1.0625615908783517e-5,0.0,9.364708471447221e-7,0.0,1.148790651799505e-8,0.0,0.0,2.808650157216463e-5
186.5,3.821e-5,165.4,21.68,0.0,3.8320215189063545e-8,0.0,0.0,1.0226405840696763e-5,0.0,9.000361761169414e-7,0.0,1.1012497503757133e-8,0.0,0.0,2.703422527049348e-5
187.5,3.655e-5,165.4,20.82,0.0,3.655599197790515e-8,0.0,0.0,9.781744521462405e-6,0.0,8.597134922552743e-7,0.0,1.0492226674665041e-8,0.0,0.0,2.586149376762975e-5
188.5,3.486e-5,165.4,20.0,0.0,3.477454466185879e-8,0.0,0.0,9.329172723062752e-6,0.0,8.188247506770187e-7,0.0,9.968412196501704e-9,0.0,0.0,2.4667259569401867e-5
189.5,3.325e-5,165.4,19.21,0.0,3.3081499609100274e-8,0.0,0.0,8.898035868691011e-6,0.0,7.799210236733143e-7,0.0,9.471168193712777e-9,0.0,0.0,2.3529490439832864e-5
190.5,3.173e-5,165.4,18.45,0.0,3.1486269308931416e-8,0.0,0.0,8.491008556454299e-6,0.0,7.432303622301101e-7,0.0,9.003108967348891e-9,0.0,0.0,2.2455271703039314e-5
191.5,3.064e-5,165.4,17.72,0.0,3.032475882849187e-8,0.0,0.0,8.199070941947724e-6,0.0,7.166984112981353e-7,0.0,8.660072835214304e-9,0.0,0.0,2.168524581509043e-5
192.5,2.959e-5,165.4,17.03,0.0,2.9209860013332146e-8,0.0,0.0,7.91785811855178e-6,0.0,6.911888558948767e-7,0.0,8.331350433651518e-9,0.0,0.0,2.094341181510636e-5
193.5,2.857e-5,165.4,16.36,0.0,2.8129289485812944e-8,0.0,0.0,7.644686729745549e-6,0.0,6.664380134694285e-7,0.0,8.01310324519012e-9,0.0,0.0,2.0222732864054016e-5
194.5,2.754e-5,165.4,15.72,0.0,2.7044751782101223e-8,0.0,0.0,7.368857241435197e-6,0.0,6.415265953063877e-7,0.0,7.694566620416035e-9,0.0,0.0,1.94948768448559e-5
195.5,2.643e-5,165.4,15.09,0.0,2.5885644977576712e-8,0.0,0.0,7.07162355186055e-6,0.0,6.148011086847371e-7,0.0,7.355402044976998e-9,0.0,0.0,1.8710334292432158e-5
196.5,2.537e-5,165.4,14.49,0.0,2.478205021038789e-8,0.0,0.0,6.787722099398181e-6,0.0,5.893224782986612e-7,0.0,7.032976599468988e-9,0.0,0.0,1.79611403954933e-5
197.5,2.436e-5,165.4,13.91,0.0,2.3732371441791265e-8,0.0,0.0,6.517219283071391e-6,0.0,5.650680134014967e-7,0.0,6.726573062768904e-9,0.0,0.0,1.7247253759022553e-5
198.5,2.341e-5,165.4,13.36,0.0,2.274713280798625e-8,0.0,0.0,6.262794075802874e-6,0.0,5.422796435996493e-7,0.0,6.439275486229412e-9,0.0,0.0,1.657573987230326e-5
199.5,2.253e-5,165.4,12.83,0.0,2.1834536109308114e-8,0.0,0.0,6.027115180622162e-6,0.0,5.211700764992578e-7,0.0,6.1731964366178305e-9,0.0,0.0,1.5953707010332652e-5
200.5,2.168e-5,165.4,12.32,0.0,2.095546049771748e-8,0.0,0.0,5.799480527490571e-6,0.0,5.008096445622432e-7,0.0,5.917223895048924e-9,0.0,0.0,1.535283714355442e-5
201.5,2.086e-5,165.4,11.83,0.0,2.010975186562689e-8,0.0,0.0,5.579889542124637e-6,0.0,4.81196506772043e-7,0.0,5.671290077598879e-9,0.0,0.0,1.4773132909160097e-5
202.5,2.0e-5,165.4,11.36,0.0,1.9229948671669067e-8,0.0,0.0,5.349617973603565e-6,0.0,4.607162800625108e-7,0.0,5.416368899602313e-9,0.0,0.0,1.4165019428762655e-5
203.5,1.916e-5,165.4,10.9,0.0,1.8373112602537216e-8,0.0,0.0,5.124722398753096e-6,0.0,4.407430493321483e-7,0.0,5.168578061011707e-9,0.0,0.0,1.3570992861251204e-5
204.5,1.836e-5,165.4,10.47,0.0,1.7561015278759415e-8,0.0,0.0,4.910586859938696e-6,0.0,4.217694138424686e-7,0.0,4.93467309742092e-9,0.0,0.0,1.3005148037842657e-5
205.5,1.759e-5,165.4,10.05,0.0,1.678082716283383e-8,0.0,0.0,4.70448591661176e-6,0.0,4.0352509369513665e-7,0.0,4.710145273987466e-9,0.0,0.0,1.246049801725628e-5
206.5,1.687e-5,165.4,9.653,0.0,1.605279836768814e-8,0.0,0.0,4.51177287263554e-6,0.0,3.86483871833616e-7,0.0,4.500818040561305e-9,0.0,0.0,1.1951189639122595e-5
207.5,1.618e-5,165.4,9.271,0.0,1.535678394145917e-8,0.0,0.0,4.327094963031863e-6,0.0,3.701734755714154e-7,0.0,4.3009051886628945e-9,0.0,0.0,1.14630738722666e-5
208.5,1.552e-5,165.4,8.904,0.0,1.4692617623935411e-8,0.0,0.0,4.1504516650739974e-6,0.0,3.5459186443694956e-7,0.0,4.1103376991010815e-9,0.0,0.0,1.0996153515166014e-5
209.5,1.491e-5,165.4,8.552,0.0,1.4079016052991715e-8,0.0,0.0,3.987190788761351e-6,0.0,3.401932926876597e-7,0.0,3.934323104192529e-9,0.0,0.0,1.0564602579393803e-5
210.5,1.436e-5,165.4,8.213,0.0,1.352487322215935e-8,0.0,0.0,3.839984583275662e-6,0.0,3.2719898277041874e-7,0.0,3.7752784134952144e-9,0.0,0.0,1.0175516282318266e-5
211.5,1.383e-5,165.4,7.888,0.0,1.299246863063704e-8,0.0,0.0,3.6981363381784064e-6,0.0,3.146936481031591e-7,0.0,3.622660160667575e-9,0.0,0.0,9.80055488492713e-6
212.5,1.332e-5,165.4,7.575,0.0,1.248168333111842e-8,0.0,0.0,3.561645314780175e-6,0.0,3.026713062644976e-7,0.0,3.4764097371860665e-9,0.0,0.0,9.439725285887024e-6
213.5,1.277e-5,165.4,7.275,0.0,1.1936071561032853e-8,0.0,0.0,3.414468024749612e-6,0.0,2.897745951808708e-7,0.0,3.320794740290959e-9,0.0,0.0,9.050500513768192e-6
214.5,1.222e-5,165.4,6.986,0.0,1.1393046013379929e-8,0.0,0.0,3.267299899384548e-6,0.0,2.7691157594303154e-7,0.0,3.166225203239615e-9,0.0,0.0,8.6612292534558e-6
215.5,1.169e-5,165.4,6.708,0.0,1.08712457682204e-8,0.0,0.0,3.1254884313650357e-6,0.0,2.6453541848965986e-7,0.0,3.0178784917450794e-9,0.0,0.0,8.28608702588534e-6
216.5,1.118e-5,165.4,6.442,0.0,1.0370667138780008e-8,0.0,0.0,2.989033667560657e-6,0.0,2.526461353248952e-7,0.0,2.8757513673272622e-9,0.0,0.0,7.92507377860834e-6
217.5,1.079e-5,165.4,6.187,0.0,9.98362792697568e-9,0.0,0.0,2.8846695398492816e-6,0.0,2.434977185014662e-7,0.0,2.765388125197984e-9,0.0,0.0,7.649083725597079e-6
218.5,1.043e-5,165.4,5.942,0.0,9.62615495438543e-9,0.0,0.0,2.788332261991933e-6,0.0,2.3504991495326537e-7,0.0,2.663443170455713e-9,0.0,0.0,7.394328224929962e-6
219.5,1.007e-5,165.40903497299865,5.707,0.0,9.270354547406993e-9,0.0,0.0,2.6919531229237036e-6,0.0,2.266226344154485e-7,1.394814829860699e-10,2.5621324243584996e-9,0.0,0.0,7.139452274206098e-6
220.5,9.72e-6,165.43420452853601,5.482,0.0,8.92572017169696e-9,0.0,0.0,2.5982735051115726e-6,0.0,2.1844775167821282e-7,1.3727785595966106e-10,2.464046193342351e-9,0.0,0.0,6.8917516989892165e-6
221.5,9.267e-6,165.45971530018585,5.263,0.0,8.488119642952139e-9,0.0,0.0,2.4770686939293326e-6,0.0,2.079792077363764e-7,1.3348578246691942e-10,2.34051078390561e-9,0.0,0.0,6.570989982124965e-6
222.5,8.836e-6,165.4853188133882,5.052,0.0,8.072709435376383e-9,0.0,0.0,2.3617546763752546e-6,0.0,1.9803123494055355e-7,1.2982079955841094e-10,2.2233621597990933e-9,0.0,0.0,6.2657881962894584e-6
223.5,8.425e-6,165.5107235490139,4.851,0.0,7.677739784709524e-9,0.0,0.0,2.2517973447911642e-6,0.0,1.88560092834643e-7,1.2623636137944533e-10,2.1121266617348503e-9,0.0,0.0,5.974726459566369e-6
224.5,8.061e-6,165.53612788577607,4.658,0.0,7.327439759989407e-9,0.0,0.0,2.1544112316194926e-6,0.0,1.8016509832752542e-7,1.2317691001969183e-10,2.013420636192122e-9,0.0,0.0,5.7169596327467796e-6
225.5,7.771e-6,165.56120753840227,4.475,0.0,7.046186521996872e-9,0.0,0.0,2.0768116362076485e-6,0.0,1.7344753713838345e-7,1.2106932668835095e-10,1.9339201055015347e-9,0.0,0.0,5.511639650699782e-6
226.5,7.492e-6,165.58616924435327,4.3,0.0,6.776320959337092e-9,0.0,0.0,2.0021589380886657e-6,0.0,1.6699414142983674e-7,1.1899595858589752e-10,1.8577310370741081e-9,0.0,0.0,5.3140938725265e-6
227.5,7.223e-6,165.60555736903814,4.132,0.0,6.516557746371352e-9,0.0,0.0,1.930137528493051e-6,0.0,1.6077568828579666e-7,1.1712886116761587e-10,1.7844737583991577e-9,0.0,0.0,5.123668622855215e-6
228.5,6.968e-6,165.61823698761572,3.968,0.0,6.270118667744625e-9,0.0,0.0,1.8618065846981577e-6,0.0,1.5487573672592652e-7,1.1561800800103285e-10,1.7149847893573984e-9,0.0,0.0,4.943216957110813e-6
229.5,6.727e-6,165.63104063049974,3.809,0.0,6.037330020176791e-9,0.0,0.0,1.7972279447948568e-6,0.0,1.493010910441126e-7,1.1423713465693239e-10,1.649366084410945e-9,0.0,0.0,4.772670030921785e-6
230.5,6.494e-6,165.64379043781886,3.657,0.0,5.812947786995459e-9,0.0,0.0,1.7348003063570243e-6,0.0,1.4392054031218356e-7,1.1285591435673202e-10,1.5862014820570447e-9,0.0,0.0,4.607767148147383e-6
231.5,6.27e-6,165.65654609778264,3.511,0.0,5.597727750284264e-9,0.0,0.0,1.674789251124585e-6,0.0,1.387543662693766e-7,1.1150910145003399e-10,1.5256792975098983e-9,0.0,0.0,4.449221466456795e-6
232.5,6.017e-6,165.66947166442634,3.369,0.0,5.357585620614975e-9,0.0,0.0,1.60704273951674e-6,0.0,1.329594796703306e-7,1.0954362296853999e-10,1.4584896560960604e-9,0.0,0.0,4.27007216191325e-6
233.5,5.758e-6,165.6823723513626,3.233,0.0,5.1133772746454215e-9,0.0,0.0,1.5377081688920374e-6,0.0,1.2704931632247608e-7,1.0730586631669912e-10,1.3903553678448986e-9,0.0,0.0,4.086631476276679e-6
234.5,5.511e-6,165.6953224953224,3.102,0.0,4.881004429988279e-9,0.0,0.0,1.471591636773781e-6,0.0,1.2141992988619728e-7,1.0513947147045167e-10,1.325589183043494e-9,0.0,0.0,3.911676700255519e-6
235.5,5.274e-6,165.72500564146515,2.976,0.0,4.6582982288267424e-9,0.0,0.0,1.4081499913184224e-6,0.0,1.1601802663275018e-7,1.0323513888600233e-10,1.2636429800316535e-9,0.0,0.0,3.7438068057010825e-6
236.5,5.068e-6,165.76347359902613,2.857,0.0,4.46409765560865e-9,0.0,0.0,1.3529961931214176e-6,0.0,1.1131173914517882e-7,1.018641799145107e-10,1.2096103092709524e-9,0.0,0.0,3.5979164955886097e-6
237.5,4.874e-6,165.80220224697197,2.742,0.0,4.281386332924081e-9,0.0,0.0,1.3010569317080982e-6,0.0,1.0688191997442554e-7,1.0061106713580002e-10,1.1587976760436888e-9,0.0,0.0,3.460520353241373e-6
238.5,4.688e-6,165.84079800432573,2.632,0.0,4.106694366115786e-9,0.0,0.0,1.2512650574711652e-6,0.0,1.0264150198225142e-7,9.937643655639882e-11,1.1102701410334153e-9,0.0,0.0,3.328777099602878e-6
239.5,4.508e-6,165.8791747044814,2.527,0.0,3.938232135846932e-9,0.0,0.0,1.203086348598559e-6,0.0,9.854618510511235e-8,9.811825133775987e-11,1.0635390337016103e-9,0.0,0.0,3.201267576875443e-6
240.5,4.318e-6,165.9180134189048,2.425,0.0,3.761822791998958e-9,0.0,0.0,1.1522483116738863e-6,0.0,9.424337741471616e-8,9.65287437142219e-11,1.0147532973427456e-9,0.0,0.0,3.0666352060783412e-6
241.5,4.136e-6,165.95649457442178,2.328,0.0,3.593399813362561e-9,0.0,0.0,1.1035574317446751e-6,0.0,9.012957440146192e-8,9.494142890742991e-11,9.682381828160507e-10,0.0,0.0,2.937656414428777e-6
242.5,3.962e-6,165.9953469811378,2.234,0.0,3.4327112295931112e-9,0.0,0.0,1.0570105833135724e-6,0.0,8.620118470501269e-8,9.341182183142273e-11,9.238974701026415e-10,0.0,0.0,2.8143382114598886e-6
243.5,3.792e-6,166.04565148769552,2.144,0.0,3.27567405887013e-9,0.0,0.0,1.0115545600956884e-6,0.0,8.235955499537884e-8,9.206506542357361e-11,8.805788416059945e-10,0.0,0.0,2.6938375669430336e-6
244.5,3.617e-6,166.09668816685868,2.059,0.0,3.1152945241216005e-9,0.0,0.0,9.647771924286867e-7,0.0,7.842315519969585e-8,9.04195181190197e-11,8.364734184829532e-10,0.0,0.0,2.569757464910894e-6
245.5,3.45e-6,166.1479608583956,1.977,0.0,2.962661095459984e-9,0.0,0.0,9.201421118273101e-7,0.0,7.46726430221752e-8,8.881340895188958e-11,7.945442626051589e-10,0.0,0.0,2.4513392263834975e-6
246.5,3.291e-6,166.19874558555188,1.899,0.0,2.8178329778948514e-9,0.0,0.0,8.776499812857096e-7,0.0,7.110891631738267e-8,8.721912887581024e-11,7.548130099796777e-10,0.0,0.0,2.3385812372801574e-6
247.5,3.147e-6,166.24958384112173,1.824,0.0,2.686625937659624e-9,0.0,0.0,8.391657904910483e-7,0.0,6.788062582086041e-8,8.586541694808531e-11,7.188177642264507e-10,0.0,0.0,2.2364622745692572e-6
248.5,3.025e-6,166.2996748878511,1.753,0.0,2.5750025103689045e-9,0.0,0.0,8.065560403787261e-7,0.0,6.51385858123833e-8,8.49373693304393e-11,6.881518098276454e-10,0.0,0.0,2.1499572821193635e-6
249.5,2.908e-6,166.34958899840237,1.685,0.0,2.4682713180529354e-9,0.0,0.0,7.752857738524024e-7,0.0,6.251349153007318e-8,8.401864769748163e-11,6.588647631911859e-10,0.0,0.0,2.0669895798885827e-6
250.5,2.795e-6,166.4,1.619,0.0,2.365451218046811e-9,0.0,0.0,7.450870361826576e-7,0.0,5.998190083229093e-8,8.311787445529225e-11,6.306801424613053e-10,0.0,0.0,1.986851813750088e-6
251.5,2.697e-6,166.450059900346,1.556,0.0,2.2750731363126373e-9,0.0,0.0,7.188401828997116e-7,0.0,5.7765871166266014e-8,8.27448148796231e-11,6.057874386422883e-10,0.0,0.0,1.917430340544188e-6
252.5,2.614e-6,166.50134460212925,1.494,0.0,2.197695293264552e-9,0.0,0.0,6.965965463177592e-7,0.0,5.5876232938110825e-8,8.28026130786442e-11,5.843972552208121e-10,0.0,0.0,1.8586623255825655e-6
253.5,2.535e-6,166.5521637692502,1.435,0.0,2.124224714363334e-9,0.0,0.0,6.754273664896613e-7,0.0,5.408022332402937e-8,8.288367365229795e-11,5.641079729878505e-10,0.0,0.0,1.8027211938253057e-6
254.5,2.458e-6,166.6032849324246,1.378,0.0,2.052845908863435e-9,0.0,0.0,6.547974989273978e-7,0.0,5.233306675396706e-8,8.296733413378086e-11,5.444221460743848e-10,0.0,0.0,1.7481891989295632e-6
255.5,2.376e-6,166.6556115548339,1.322,0.0,1.977601007972654e-9,0.0,0.0,6.328403516054227e-7,0.0,5.048403313431921e-8,8.285754678058344e-11,5.237475753440709e-10,0.0,0.0,1.690091409130161e-6
256.5,2.29e-6,166.70821244456332,1.268,0.0,1.899492778089215e-9,0.0,0.0,6.098251431504304e-7,0.0,4.855698032611925e-8,8.251932070736448e-11,5.023677967065118e-10,0.0,0.0,1.6291334966279476e-6
257.5,2.208e-6,166.76102672391409,1.216,0.0,1.825177233039343e-9,0.0,0.0,5.878826494439315e-7,0.0,4.672186298369413e-8,8.222642961933075e-11,4.820449661078006e-10,0.0,0.0,1.5710060389436078e-6
258.5,2.129e-6,166.8246734507448,1.166,0.0,1.7535007897859647e-9,0.0,0.0,5.667486705200043e-7,1.767667029007465e-12,4.495214872045324e-8,8.19959013797632e-11,4.624605030427779e-10,0.0,0.0,1.5149994558983048e-6
259.5,2.049e-6,166.9182213470443,1.118,0.0,1.6806826716111056e-9,0.0,0.0,5.453638390529064e-7,1.882392676203325e-12,4.315536044477442e-8,8.176049604091586e-11,4.425989532468921e-10,0.0,0.0,1.4582738759887446e-6
260.5,1.971e-6,167.01379623226757,1.071,0.0,1.6099227345715002e-9,0.0,0.0,5.245161979181984e-7,2.007938543497093e-12,4.140700901664707e-8,8.154672398844524e-11,4.2332285601536564e-10,0.0,0.0,1.4029599928120355e-6
261.5,1.895e-6,167.10715085246974,1.027,0.0,1.5415036952767847e-9,0.0,0.0,5.042094341165112e-7,2.135627371727479e-12,3.971151702830341e-8,8.122359252471006e-11,4.04732951031219e-10,0.0,0.0,1.3490494529889808e-6
262.5,1.822e-6,167.20255741528732,0.9839,0.0,1.4759151063394406e-9,0.0,0.0,4.8470549434045e-7,2.2765693485298305e-12,3.808481231217376e-8,8.096769856044784e-11,3.869265706385535e-10,0.0,0.0,1.2972636074024892e-6
263.5,1.741e-6,167.29727654913012,0.9429,0.0,1.4044376040936056e-9,0.0,0.0,4.630805828184651e-7,2.4100414420161405e-12,3.629996847068326e-8,8.019355660921791e-11,3.676355841907682e-10,0.0,0.0,1.239764771924516e-6
264.5,1.661e-6,167.3917703728555,0.9037,0.0,1.3343451451759914e-9,0.0,0.0,4.4172881048186613e-7,2.5467285405004684e-12,3.454487601377216e-8,7.929584954755765e-11,3.4876487382969034e-10,0.0,0.0,1.1829613609072682e-6
265.5,1.585e-6,167.4865974463376,0.866,0.0,1.2679911069925496e-9,0.0,0.0,4.2144731449376166e-7,2.69268780429211e-12,3.288106197935466e-8,7.843409793444947e-11,3.3092375086600153e-10,0.0,0.0,1.1289915818832863e-6
266.5,1.512e-6,167.59305286346842,0.83,0.0,1.2036787195844875e-9,0.0,0.0,4.0194471243828053e-7,2.7836083132267213e-12,3.12719557687634e-8,7.766894452798299e-11,3.135840643092839e-10,0.0,0.0,1.077185616456221e-6
267.5,1.432e-6,167.6985879642037,0.7964,0.0,1.1344319601569054e-9,0.0,0.0,3.8058891135601294e-7,2.8407965183734074e-12,2.952790063939192e-8,7.630174332707606e-11,2.950224790352977e-10,0.0,0.0,1.0203745910255576e-6
268.5,1.356e-6,167.80332175053564,0.7644,0.0,1.0690247171456442e-9,0.0,0.0,3.603064294092559e-7,2.897017447831207e-12,2.7876957529084494e-8,7.492489160582325e-11,2.7752587193765216e-10,0.0,0.0,9.663922405635227e-7
269.5,1.284e-6,167.90800606092375,0.7337,0.0,1.0073642940736461e-9,0.0,0.0,3.410958677925938e-7,2.954169457258711e-12,2.6317662281463777e-8,7.356967735695815e-11,2.610608310341733e-10,0.0,0.0,9.152415209540204e-7
270.5,1.216e-6,168.01280997352103,0.7042,0.0,9.493929962309593e-10,0.0,0.0,3.229563734940212e-7,3.013141532068437e-12,2.484910934202284e-8,7.225246434012324e-11,2.456064406592918e-10,0.0,0.0,8.669242521211937e-7
271.5,1.168e-6,168.11416308863497,0.6768,0.0,9.076439430969477e-10,0.0,0.0,3.1013813262620934e-7,3.1094494298665636e-12,2.3798955138084994e-8,7.188318374705694e-11,2.344082419528261e-10,0.0,0.0,8.328458674174792e-7
272.5,1.124e-6,168.21538317924345,0.6505,0.0,8.693641807824783e-10,0.0,0.0,2.9838752720027167e-7,3.2145533340656376e-12,2.283603350253122e-8,7.164666329426835e-11,2.2414224059718975e-10,0.0,0.0,8.016080716591891e-7
273.5,1.081e-6,168.32255423158298,0.6253,0.0,8.32066651424795e-10,0.0,0.0,2.8690510466179096e-7,3.315346827442517e-12,2.1896402893222076e-8,7.137567498143435e-11,2.1415147570284933e-10,0.0,0.0,7.710775832960503e-7
274.5,1.04e-6,168.46275108111732,0.601,0.0,7.959399257609973e-10,0.0,0.0,2.759452671582853e-7,3.3939677316978178e-12,2.09896862009982e-8,7.122156269817063e-11,2.044309465056734e-10,0.0,0.0,7.4199006023802e-7
275.5,1.009e-6,168.60689552494034,0.577,0.0,7.676839361345678e-10,0.0,0.0,2.676419189056632e-7,3.509909044762869e-12,2.0288257876494244e-8,7.174128324422358e-11,1.967555311234987e-10,0.0,0.0,7.200301325582955e-7
276.5,9.796e-7,168.75077437740683,0.554,0.0,7.4094998944658e-10,0.0,0.0,2.597676855707651e-7,3.631888383064934e-12,1.962393611810796e-8,7.230966030715873e-11,1.8950175629387638e-10,0.0,0.0,6.992019850166961e-7
277.5,9.509e-7,168.89476501935124,0.5319,0.0,7.1502562202226e-10,0.0,0.0,2.5208340937123484e-7,3.7576720712364975e-12,1.8978176356189027e-8,7.287262104030635e-11,1.8248412058002494e-10,0.0,0.0,6.788642742368623e-7
278.5,9.223e-7,169.03862826751026,0.5107,0.0,6.894577334016399e-10,0.0,0.0,2.44430046669244e-7,3.884470510052879e-12,1.8338986945945853e-8,7.337855064020741e-11,1.7558647808763752e-10,0.0,0.0,6.585886591521707e-7
279.5,8.834e-7,169.18642479567805,0.4898,0.0,6.564044788288516e-10,0.0,0.0,2.3405021474779908e-7,3.97236404395352e-12,1.74984511189724e-8,7.304091834917433e-11,1.6680526238422874e-10,0.0,0.0,6.309511111096223e-7
280.5,8.461e-7,169.33388489030682,0.4698,0.0,6.24914030280473e-10,0.0,0.0,2.2410042444486245e-7,4.061443530879782e-12,1.669577337502002e-8,7.269493675644916e-11,1.584584598100969e-10,0.0,0.0,6.044436733097396e-7
281.5,8.105e-7,169.51200112392226,0.4506,0.0,5.945518898526549e-10,0.0,0.0,2.1459960968515014e-7,4.137718025040451e-12,1.5924089692363156e-8,7.241874753452181e-11,1.5039358204082097e-10,0.0,0.0,5.791547986850338e-7
282.5,7.766e-7,169.71584047894285,0.4321,0.0,5.654287002985465e-10,0.0,0.0,2.0554918808481286e-7,4.204751367628164e-12,1.5185315211116548e-8,7.221997903597715e-11,1.4264801444832204e-10,0.0,0.0,5.5508099525892e-7
283.5,7.467e-7,169.91803194173994,0.4145,0.0,5.396303037909022e-10,0.0,0.0,1.9756406290524004e-7,4.2856567982565285e-12,1.45316140725229e-8,7.224826451931531e-11,1.3578189494298457e-10,0.0,0.0,5.338523769021857e-7
284.5,7.179e-7,170.1192069740057,0.3977,0.0,5.149911463258704e-10,0.0,0.0,1.8987580650764724e-7,4.366523914617074e-12,1.3905383194421735e-8,7.225694909084451e-11,1.2924349495005821e-10,0.0,0.0,5.133979521836497e-7
285.5,6.903e-7,170.3214131845734,0.3815,0.0,4.915214882696429e-10,0.0,0.0,1.8250984818893283e-7,4.4508120960456365e-12,1.330752699626957e-8,7.228953619227194e-11,1.2302942929600592e-10,0.0,0.0,4.937913335489436e-7
286.5,6.622e-7,170.52308657130516,0.366,0.0,4.680269081327816e-10,0.0,0.0,1.7501708391945458e-7,4.525358447034749e-12,1.2705572256240255e-8,7.214445029980402e-11,1.168417096393002e-10,0.0,0.0,4.738158053977862e-7
287.5,6.278e-7,170.72240302329612,0.3513,0.0,4.4047098813896537e-10,0.0,0.0,1.658658297728572e-7,4.544142860890242e-12,1.1989349502645601e-8,7.112301990575611e-11,1.0967768759591475e-10,0.0,0.0,4.4931900488599566e-7
288.5,5.953e-7,170.92951165084804,0.3371,0.0,4.1451719193047543e-10,0.0,0.0,1.5721807544627848e-7,4.5631241445619624e-12,1.1313663189086644e-8,7.015385870168804e-11,1.0293969666683895e-10,7.355815927726824e-12,0.0,4.2616873167726363e-7
289.5,5.646e-7,171.1842420697051,0.3236,0.0,3.8967671531150215e-10,0.0,0.0,1.490369242079418e-7,4.562310208597857e-12,1.0668138375165792e-8,6.924371500357822e-11,9.646894004652609e-11,7.273287911330577e-12,0.0,4.043277124484109e-7
290.5,5.351e-7,171.43778165936598,0.3107,0.0,3.660774194686516e-10,0.0,0.0,1.4118055746637635e-7,4.557102670212606e-12,1.0052507946151566e-8,6.828365850623244e-11,9.034519334631593e-11,7.185131582859619e-12,0.0,3.8333048608189776e-7
291.5,5.054e-7,171.67701069077242,0.299,0.0,3.4289656010734525e-10,0.0,0.0,1.3328267634665052e-7,4.5228389717446945e-12,9.442947145482526e-9,6.695542409038895e-11,8.437631400388215e-11,7.0571266715135944e-12,0.0,3.6216856824402205e-7
292.5,4.776e-7,171.91711887473286,0.2877,0.0,3.2134268204325383e-10,0.0,0.0,1.2589258253524803e-7,4.4920118786424715e-12,8.874836466087495e-9,6.569660102500084e-11,7.883997196952444e-11,6.936045181197135e-12,0.0,3.4235527368656685e-7
293.5,4.515e-7,172.15783624611035,0.2768,0.0,3.012509525757457e-10,0.0,0.0,1.1895699622155724e-7,4.463642389833856e-12,8.343937715372224e-9,6.44919317966239e-11,7.369259604843774e-11,6.820294183513188e-12,0.0,3.2374834664607635e-7
294.5,4.289e-7,172.39651708146036,0.2664,0.0,2.8380732989166004e-10,0.0,0.0,1.1294993434860546e-7,4.455116930509159e-12,7.883268725538286e-9,6.35965869563979e-11,6.922249787682494e-11,6.736806519949785e-12,0.0,3.0763897858768085e-7
295.5,4.148e-7,172.62768507157557,0.2567,0.0,2.7228028646163186e-10,0.0,0.0,1.0918735425391448e-7,4.519984793506069e-12,7.584029029893857e-9,6.377278190320519e-11,6.622288854749406e-11,6.766365115574714e-12,0.0,2.976150544093702e-7
296.5,4.011e-7,172.88022462918428,0.2474,0.0,2.6106437897575953e-10,0.0,0.0,1.0552852462561446e-7,4.581321408621571e-12,7.292546162858586e-9,6.394543046138184e-11,6.330533163830745e-11,6.795104100846509e-12,0.0,2.8787923764494205e-7
297.5,3.88e-7,173.20148358144814,0.2384,0.0,2.50033831675355e-10,0.0,0.0,1.0201620190261222e-7,4.638189520259278e-12,7.007157983833087e-9,6.420671045469599e-11,6.041785830384068e-11,6.831990392890415e-12,0.0,2.7859051153320757e-7
298.5,3.715e-7,173.52000338399688,0.2298,0.0,2.370468873808528e-10,0.0,0.0,9.761537836637915e-8,4.646062012847619e-12,6.664643430271825e-9,6.379118797171055e-11,5.708049087762359e-11,6.7967735014755944e-12,0.0,2.668506168016045e-7
299.5,3.445e-7,173.82718982018562,0.2218,0.0,2.177334631954903e-10,0.0,0.0,9.046487059602826e-8,4.500145188001388e-12,6.1406956630241845e-9,6.130169845461299e-11,5.225397742110246e-11,6.539874680374656e-12,0.0,2.4755210458200796e-7
300.5,3.199e-7,174.13350574868466,0.2141,0.0,2.0027275698115107e-10,0.0,0.0,8.395305301961251e-8,4.364238746997678e-12,5.665786130531226e-9,5.898403733165987e-11,4.790280175205222e-11,6.300639820532546e-12,0.0,2.2996333637522385e-7
301.5,2.975e-7,174.43845060323093,0.2067,0.0,1.8449483230925248e-10,0.0,0.0,7.802636574500475e-8,4.2379246153408016e-12,5.2355509372271084e-9,5.682959266924759e-11,4.398196454762239e-11,6.0782066847906344e-12,0.0,2.139424607969419e-7
302.5,2.788e-7,174.73713177160528,0.1997,0.0,1.7130241663408217e-10,0.0,0.0,7.307760244993151e-8,4.143285825239654e-12,4.875891509474039e-9,5.51355187118067e-11,4.0703808108444115e-11,5.90434648456028e-12,0.0,2.0056931666483032e-7
303.5,2.668e-7,175.01055456991753,0.1935,0.0,1.6254367071120467e-10,0.0,0.0,6.989340770120963e-8,4.12162540204118e-12,4.6394017991513715e-9,5.446309909014627e-11,3.850727072428887e-11,5.8389741323400074e-12,0.0,1.9200171585957896e-7
304.5,2.554e-7,175.27900759959985,0.1876,0.0,1.543068520268606e-10,0.0,0.0,6.687042630645176e-8,4.0985269578796855e-12,4.416280784280579e-9,5.3785396786398263e-11,3.644874822533158e-11,5.7727590736815545e-12,0.0,1.8385888062619755e-7
305.5,2.445e-7,175.60079814351212,0.1819,0.0,1.463369341903189e-10,0.0,0.0,6.397762909235577e-8,4.072661300430698e-12,4.200605122026346e-9,5.313569743907538e-11,3.445410828008733e-11,5.708809599195644e-12,0.0,1.7607805757480878e-7
306.5,2.349e-7,175.97236178282506,0.1763,0.0,1.391265483497667e-10,0.0,0.0,6.142448211316736e-8,4.061292790592789e-12,4.006495448252491e-9,5.272217054975389e-11,3.264005574006546e-11,5.669731558194237e-12,0.0,1.6923480263959176e-7
307.5,2.285e-7,176.33505562281883,0.171,0.0,1.3395935218188423e-10,0.0,0.0,5.971180594055221e-8,4.096966568412196e-12,3.869822781572389e-9,5.292541965375298e-11,3.131876646801813e-11,5.696836816557178e-12,0.0,1.6469037393618677e-7
308.5,2.222e-7,176.7020007704521,0.1658,0.0,1.2892526861470746e-10,0.0,0.0,5.802693051380957e-8,4.133326414223332e-12,3.736245969532619e-9,5.3131193257952357e-11,3.0036041281734204e-11,5.7243210622250935e-12,0.0,1.6021487336602697e-7
309.5,2.162e-7,177.06585140161835,0.1608,0.0,1.24163540928989e-10,0.0,0.0,5.642279184735517e-8,4.171145875660134e-12,3.6096014116707976e-9,5.33545386852464e-11,2.8826017903355465e-11,5.753701328068023e-12,0.0,1.559513377962527e-7
310.5,2.103e-7,177.43357207858787,0.1559,0.0,1.195292092968086e-10,0.0,0.0,5.484635875558673e-8,4.2096974120947415e-12,3.485952752922901e-9,5.3580936368315624e-11,2.7652501199834085e-11,5.783517379984259e-12,0.0,1.517569326298333e-7
311.5,2.048e-7,177.8051703036806,0.1511,0.0,1.1518951542964316e-10,0.0,0.0,5.337580086224584e-8,4.255216512112698e-12,3.3702123747848206e-9,5.388920395450998e-11,2.6553819550984265e-11,5.8222868010250375e-12,0.0,1.4784827672072107e-7
312.5,1.995e-7,178.1806464911484,0.1464,0.0,1.1102632067107251e-10,0.0,0.0,5.1958850357477465e-8,4.304105345169791e-12,3.258980115289966e-9,5.423266448849308e-11,2.5502193340233275e-11,5.864988005979329e-12,0.0,1.4408123925538162e-7
313.5,1.943e-7,178.55161626119684,0.1419,0.0,1.0700656864454333e-10,0.0,0.0,5.05701826334348e-8,4.350750688614551e-12,3.1510892623447515e-9,5.454646622810363e-11,2.4491665209749092e-11,5.904487304443129e-12,0.0,1.4038242816614502e-7
314.5,1.892e-7,178.93584669381144,0.1375,0.0,1.030773837700729e-10,0.0,0.0,4.9208056746462017e-8,4.398353390227131e-12,3.045424514482229e-9,5.487096261501784e-11,2.3505735597428074e-11,5.945250135321676e-12,0.0,1.367547210535477e-7
315.5,1.845e-7,179.45842409245145,0.1332,0.0,9.908916145002177e-11,0.0,0.0,4.793877665604002e-8,4.4519331962083844e-12,2.9398608425455336e-9,5.534064286712469e-11,2.248451452371299e-11,6.001680987629937e-12,0.0,1.3343399456838977e-7
316.5,1.799e-7,179.99815127903128,0.1289,0.0,9.520140763703548e-11,0.0,0.0,4.6696257778664884e-8,4.511246780880101e-12,2.8367414929965744e-9,5.587070536479454e-11,2.1492007030838476e-11,6.064949400932184e-12,0.0,1.3018386041212406e-7
317.5,1.754e-7,180.51663870289218,0.1249,0.0,9.151148414184628e-11,0.0,0.0,4.5483824294585257e-8,4.564038353742546e-12,2.738129246768233e-9,5.6323825157930974e-11,2.055762579114812e-11,6.11974300806339e-12,0.0,1.2699896974219378e-7
318.5,1.708e-7,181.05200415896908,0.1209,0.0,8.781440305543797e-11,0.0,0.0,4.4246276811359724e-8,4.617248424195754e-12,2.6387892774102942e-9,5.67715956719568e-11,1.962715374038772e-11,6.174234442331003e-12,0.0,1.2373992927589568e-7
319.5,1.648e-7,181.5772679199086,0.1171,0.0,8.351912692438047e-11,0.0,0.0,4.264956875010793e-8,4.6250274454670025e-12,2.520289368893628e-9,5.666270093885577e-11,1.857433827060437e-11,6.1681156013914285e-12,0.0,1.1946059257181772e-7
320.5,1.591e-7,182.11986118227284,0.1133,0.0,7.944057272131582e-11,0.0,0.0,4.113208484634635e-8,4.641135992649332e-12,2.4076455982205805e-9,5.664880089965477e-11,1.75765731129776e-11,6.172519550423373e-12,0.0,1.1539578995315604e-7
321.5,1.535e-7,182.6509525720588,0.1097,0.0,7.553698918559345e-11,0.0,0.0,3.9644257868919604e-8,4.650527630049899e-12,2.2990881422433276e-9,5.655700366398239e-11,1.6628892741368293e-11,6.168304952643088e-12,0.0,1.1139711227066341e-7
322.5,1.482e-7,183.16879177949477,0.1063,0.0,7.190103945256667e-11,0.0,0.0,3.823765740923273e-8,4.658760864044397e-12,2.1975098035064845e-9,5.645622051963992e-11,1.5750895666365102e-11,6.162951674678092e-12,0.0,1.076099029190835e-7
323.5,1.437e-7,183.70346615455114,0.1029,0.0,6.87033334413733e-11,0.0,0.0,3.7038711336693435e-8,4.69274811042902e-12,2.1087819313839496e-9,5.66598848628152e-11,1.4974245735131042e-11,6.191032595893309e-12,0.0,1.0440128548717698e-7
324.5,1.393e-7,184.25192992745937,0.09962,0.0,6.561349915465623e-11,0.0,0.0,3.586721175914875e-8,4.725557261023607e-12,2.0226425833510467e-9,5.683965097538984e-11,1.4227261808456888e-11,6.217171722433215e-12,0.0,1.0126252251657825e-7
325.5,1.35e-7,185.01075567919779,0.09646,0.0,6.238832410062291e-11,0.0,0.0,3.471412874613452e-8,4.762709514124372e-12,1.9327200328716736e-9,5.695832009346495e-11,1.3440267200916662e-11,6.245451013486261e-12,0.0,9.820935614907119e-8
326.5,1.309e-7,185.76964113978755,0.0934,0.0,5.935182141874553e-11,0.0,0.0,3.361523408735441e-8,4.80261484867382e-12,1.8477343380491908e-9,5.710647408024241e-11,1.2703250771346559e-11,6.2770738536031525e-12,0.0,9.529679033962378e-8
327.5,1.271e-7,186.53297095576332,0.09042,0.0,5.6534606814683614e-11,0.0,0.0,3.259572854915384e-8,4.850641116810055e-12,1.7687735539104053e-9,5.73451410613151e-11,1.2021395787577022e-11,6.318878629011383e-12,0.0,9.259842723352634e-8
328.5,1.235e-7,187.29497746816327,0.08754,0.0,5.38917984133386e-11,0.0,0.0,3.163004394883623e-8,4.902350963772428e-12,1.6944516733231173e-9,5.762303478451489e-11,1.1384863292907955e-11,6.365157497176911e-12,0.0,9.004133717288894e-8
329.5,1.199e-7,188.05746504559409,0.08475,0.0,5.13280300507581e-11,0.0,0.0,3.066672496751256e-8,4.950502774296113e-12,1.621851600687367e-9,5.785404111855987e-11,1.0772650586340058e-11,6.4064440978305826e-12,0.0,8.748011176317228e-8
330.5,1.165e-7,188.8196429023365,0.08205,0.0,4.892631102319903e-11,0.0,0.0,2.9756908823673863e-8,5.003107672799238e-12,1.5536318738433431e-9,5.81323559030922e-11,1.0201744321731388e-11,6.453140843578489e-12,0.0,8.50607426427184e-8
331.5,1.126e-7,189.586568064086,0.07942,0.0,4.6385506666063515e-11,0.0,0.0,2.8721581573081385e-8,5.0308407686800275e-12,1.4803025083316296e-9,5.811613415502165e-11,9.608610513843939e-12,6.467351729571126e-12,0.0,8.227250747475382e-8
332.5,1.088e-7,190.3578729564174,0.07686,0.0,4.39592625575738e-11,0.0,0.0,2.7714151197336523e-8,5.058427463330501e-12,1.4099166453375613e-9,5.809454333549181e-11,9.046044255099576e-12,6.481086180529442e-12,0.0,7.95532927935339e-8
333.5,1.051e-7,191.126810126667,0.07439,0.0,4.1651026430512086e-11,0.0,0.0,2.6734865794435878e-8,5.0841550240677226e-12,1.342570007181046e-9,5.8051046784244755e-11,8.514768667194374e-12,6.492349290658361e-12,0.0,7.690277085218638e-8
334.5,1.016e-7,192.0619711022402,0.072,0.0,3.9371423758737895e-11,0.0,0.0,2.5802428132041017e-8,5.11930760531596e-12,1.2758274315101893e-9,5.7790927536546246e-11,7.989143109131986e-12,6.502436084482706e-12,0.0,7.440497119835459e-8
335.5,9.782e-8,193.13821708765886,0.06972,0.0,3.6972206703638955e-11,0.0,0.0,2.479659550673503e-8,5.136063676666645e-12,1.2046888914868591e-9,5.70378176556796e-11,7.441691708367625e-12,6.477427160533336e-12,0.0,7.170565039487323e-8
336.5,9.414e-8,194.2155529761302,0.06751,0.0,3.470309157414551e-11,0.0,0.0,2.3819478255848998e-8,5.150829851581057e-12,1.1369957368934094e-9,5.6271249764069123e-11,6.928482460478305e-12,6.4499074502111694e-12,0.0,6.907402244615711e-8
337.5,9.059e-8,195.29291601686612,0.06537,0.0,3.256995702576994e-11,0.0,0.0,2.2878571789831325e-8,5.165126455690748e-12,1.0729983463665624e-9,5.55094586211324e-11,6.450014724482017e-12,6.4218668997227505e-12,0.0,6.65323134400753e-8
338.5,8.719e-8,196.36385231928523,0.06331,0.0,3.057794908453021e-11,0.0,0.0,2.197899280831766e-8,5.179112353409272e-12,1.0129013577037383e-9,5.4759633685337395e-11,6.006845678732728e-12,6.3937875915402144e-12,0.0,6.409518850558506e-8
339.5,8.412e-8,197.4211090870417,0.06134,0.0,2.8785959583319084e-11,0.0,0.0,2.1166072389113134e-8,5.202903741833666e-12,9.587074069823044e-10,5.413281454541301e-11,5.60993991431217e-12,6.3783816758259894e-12,0.0,6.189511020444384e-8
340.5,8.12e-8,198.47347015279524,0.05944,0.0,2.7115886713777953e-11,0.0,0.0,2.0393785667057833e-8,5.228490524644369e-12,9.079561772459582e-10,5.3534423093306744e-11,5.242720568353221e-12,6.36527170277151e-12,0.0,5.980077136309335e-8
341.5,7.839e-8,199.51935875156147,0.05761,0.0,2.554920087579863e-11,0.0,0.0,1.9651941904875445e-8,5.2534489978600064e-12,8.600817600293696e-10,5.294026384021639e-11,4.901023763694661e-12,6.351548951610794e-12,0.0,5.7782980848665996e-8
342.5,7.567e-8,200.57503687415806,0.05582,0.0,2.406510540766732e-11,0.0,0.0,1.8934826428611004e-8,5.279963670751069e-12,8.145040583025351e-10,5.2359147673057684e-11,4.579750300962891e-12,6.33917060949549e-12,0.0,5.5828046375424534e-8
343.5,7.297e-8,201.71610336934742,0.05412,0.0,2.2601284898415988e-11,0.0,3.2000184614651307e-12,1.8221544370074954e-8,5.296286564349562e-12,7.694144854518627e-10,5.1510152470069154e-11,4.2642547126786856e-12,6.306940916196372e-12,1.7260932210462726e-12,5.388413611322897e-8
344.5,7.035e-8,203.26927531183415,0.05248,0.0,2.103389277836544e-11,0.0,3.4349254905944496e-12,1.75204794535441e-8,5.309748392550765e-12,7.216736735608882e-10,4.992576559399222e-11,3.921942520709605e-12,6.238866561557584e-12,1.7209011284844696e-12,5.201626083042877e-8
345.5,6.782e-8,204.83206594999302,0.05088,0.0,1.9569506708167726e-11,0.0,3.68926356233136e-12,1.684489341952118e-8,5.324149432426438e-12,6.767310173457833e-10,4.838821534320734e-11,3.6057967872260352e-12,6.172064322803842e-12,1.7159573498781231e-12,5.020991060962698e-8
346.5,6.538e-8,206.38337788454237,0.04934,0.0,1.8211333416934634e-11,0.0,3.959183567955433e-12,1.6195241849847556e-8,5.3369034270926486e-12,6.34699072184918e-10,4.689491063301668e-11,3.3162007756133047e-12,6.104653007110356e-12,1.7105575486694161e-12,4.846452533559114e-8
347.5,6.307e-8,207.92056820873006,0.04786,0.0,1.6964024588419215e-11,0.0,4.247499741143275e-12,1.5581275791842392e-8,5.351307563527973e-12,5.958186135716933e-10,4.547541460579813e-11,3.0531791962502635e-12,6.040541316485193e-12,1.7057770620558647e-12,4.681006785051222e-8
348.5,6.086e-8,209.44079403616644,0.04644,0.0,1.5812845956485992e-11,0.0,4.552795317341545e-12,1.4995390246807175e-8,5.365022031855135e-12,5.596508894397709e-10,4.4109170424238385e-11,2.8132853656173345e-12,5.977165539912089e-12,1.7008821014317256e-12,4.522462769701618e-8
349.5,5.873e-8,210.95220680601344,0.04507,0.0,1.4743225596553303e-11,0.0,4.877222126136021e-12,1.4432229490031921e-8,5.377755619601351e-12,5.25777982613937e-10,4.2784091320942713e-11,2.5930190265447905e-12,5.91378679448156e-12,1.6957342311404974e-12,4.369400769263874e-8
350.5,5.668e-8,212.4756400421336,0.04373,0.0,1.3743367917394963e-11,0.0,5.229555841062639e-12,1.3891110617761001e-8,5.392608720294057e-12,4.938920678304278e-10,4.150405110269855e-11,2.389329913876202e-12,5.8527413006219585e-12,1.6911845380840873e-12,4.221919447507454e-8
351.5,5.415e-8,213.95132224186375,0.04247,0.0,1.2695811060097391e-11,0.0,5.53245915059753e-12,1.3236444779518723e-8,5.3465033636797835e-12,4.596465209324045e-10,3.9849491918643466e-11,2.1825832748002763e-12,5.729343682869999e-12,1.6679054099444823e-12,4.038090460168824e-8
352.5,5.128e-8,215.38578739071883,0.04128,0.0,1.1636229439752673e-11,0.0,5.785107525353934e-12,1.250299722355478e-8,5.248893339344897e-12,4.2433649412347186e-10,3.792026593315799e-11,1.9787283138619107e-12,5.555609589562062e-12,1.629081380631408e-12,3.828291236680009e-8
353.5,4.86e-8,216.82445879549704,0.04012,0.0,1.0672275063780015e-11,0.0,6.055714773464391e-12,1.1819203559007775e-8,5.157581233410715e-12,3.9201157507448194e-10,3.6112757842174444e-11,1.7950664649230216e-12,5.391669208639166e-12,1.592531530546465e-12,3.63220072698008e-8
354.5,4.609e-8,219.02289947155094,0.03899,0.0,9.618095451588226e-12,6.969587485385596e-13,6.0056353966983276e-12,1.116740421025723e-8,5.049642767891832e-12,3.5800717383175004e-10,3.3437632285989024e-11,0.0,5.154221254009954e-12,1.5298088480790938e-12,3.4503096621158224e-8
355.5,4.418e-8,221.18419962090846,0.03793,0.0,8.76826151465054e-12,7.026847634258994e-13,5.9927712350715714e-12,1.0665424250655953e-8,4.990203770852147e-12,3.3068390213109425e-10,3.127097293818353e-11,0.0,4.9744631688285626e-12,1.4831982536889325e-12,3.3125709291568253e-8
356.5,4.299e-8,223.25803211522316,0.03694,0.0,8.130847815871548e-12,7.176987912770842e-13,6.0604678027206615e-12,1.0341520787395703e-8,4.9998392314107545e-12,3.1052870447040127e-10,2.97164366145452e-11,0.0,4.872202428509922e-12,1.4590732641585705e-12,3.2281993942185404e-8
357.5,4.184e-8,225.3445939588171,0.03597,0.0,7.538859904122752e-12,7.333798017921211e-13,6.1314506255754015e-12,1.0028989235313533e-8,5.01126807842097e-12,2.915892468256192e-10,2.8240009331243355e-11,0.0,4.773069423090401e-12,1.4356876733605506e-12,3.146555779302324e-8
358.5,4.071e-8,227.42101720231702,0.03503,0.0,6.989668852790887e-12,7.490169238911084e-13,6.200365856598136e-12,9.723357282490004e-9,5.0206041402803594e-12,2.737761553576202e-10,2.6832556092008975e-11,0.0,4.674499561358534e-12,1.4122074745639963e-12,3.066098764325088e-8
359.5,3.95e-8,229.4849487069118,0.03412,0.0,6.464188125552781e-12,7.626197223290127e-13,6.251022085897942e-12,9.400804521096227e-9,5.014969539116682e-12,2.5638538697036433e-10,2.5427383097732315e-11,0.0,4.564948211874222e-12,1.3851249811673798e-12,2.9792939836169748e-8
360.5,3.802e-8,231.53387484555037,0.03324,0.0,5.932475136870347e-12,7.699905370854821e-13,6.249954280539592e-12,9.016502337741632e-9,4.968232889939414e-12,2.382406785865463e-10,2.3907210433080126e-11,0.0,4.422106992229813e-12,1.3475917354344366e-12,2.871765942166665e-8
361.5,3.66e-8,233.58933040836814,0.03238,0.0,5.4442746938501376e-12,7.776371764942816e-13,6.2503360854845615e-12,8.64877044686396e-9,4.9229292283351085e-12,2.2137977436429264e-10,2.2478730639377316e-11,0.0,4.2842972802274336e-12,1.3112655608843129e-12,2.7684380308107087e-8
362.5,3.525e-8,235.65038038265777,0.03154,0.0,4.99793867984648e-12,7.858300331123116e-13,6.254293717930305e-12,8.299840039717694e-9,4.880706719866216e-12,2.0578868904655926e-10,2.1144145413751328e-11,0.0,4.152798202493944e-12,1.2765533540594678e-12,2.670087900511469e-8
363.5,3.392e-8,237.690481294639,0.03073,0.0,4.586344152054788e-12,7.930146251830373e-13,6.250253201288935e-12,7.958186060140366e-9,4.833114502907022e-12,1.9119417852752188e-10,1.987585881979544e-11,0.0,4.0214891289394505e-12,1.2415177916173562e-12,2.5729018169110327e-8
364.5,3.251e-8,239.60184114733008,0.02999,0.0,4.204391422985134e-12,7.946753997052938e-13,6.2064046393595745e-12,7.601790685551913e-9,4.75823004951646e-12,1.7731654803877204e-10,1.8636414867312496e-11,0.0,3.877206770525516e-12,1.2018078649560463e-12,2.4691213635394954e-8
365.5,3.117e-8,242.0241084309135,0.02925,7.394913914855587e-13,3.8061148779283315e-12,7.930044395416644e-13,6.057735867953849e-12,7.258787172006902e-9,4.6817943827987635e-12,1.6325633823282788e-10,1.72496910070739e-11,0.0,3.710649043291587e-12,1.1476788429486693e-12,2.370977032990725e-8
366.5,2.99e-8,245.54185365245792,0.02854,7.618635702990339e-13,3.352259415915664e-12,7.803401654293859e-13,5.652689534343681e-12,6.9249371112973216e-9,4.589077033213246e-12,1.480083359938616e-10,1.5492681320450496e-11,0.0,3.485385078009646e-12,1.0591952483376615e-12,2.279188106134282e-8
367.5,2.868e-8,249.04538128692033,0.02785,7.846151985335845e-13,2.9532754923151806e-12,7.677296292680691e-13,5.274838243979632e-12,6.605991175999975e-9,4.497396828850929e-12,1.3420297730487855e-10,1.3917081112178214e-11,0.0,3.273778743200466e-12,9.775978579445386e-13,2.1907359533588876e-8
368.5,2.774e-8,252.3735106759267,0.02721,8.118926871843514e-13,2.6346787009922325e-12,7.606573435505109e-13,4.970150623952948e-12,6.356053189287215e-9,4.439540495246337e-12,1.230464840970543e-10,1.2647473826758926e-11,0.0,3.103929619514247e-12,9.115691976298459e-13,2.1230620434120904e-8
369.5,2.684e-8,255.67314274278675,0.02659,8.399002037761692e-13,2.3528275052068567e-12,7.537346253857359e-13,4.6856024333365055e-12,6.117792066661519e-9,4.383057939835117e-12,1.1290501780229616e-10,1.1503483533011384e-11,0.0,2.9443318065998666e-12,8.50537215301873e-13,2.058098944027373e-8
370.5,2.597e-8,258.9955144951249,0.02598,8.692807293785105e-13,2.0999825354013373e-12,7.470029364088479e-13,4.416585799367325e-12,5.888292188132734e-9,4.327926540981338e-12,1.035622884591368e-10,1.0458586823093145e-11,0.0,2.7925788693274187e-12,7.933985289198425e-13,1.9951640180645254e-8
371.5,2.513e-8,262.28401882629714,0.02539,8.991157099614528e-13,1.8759444447247715e-12,7.401866589481367e-13,4.1643292078617255e-12,5.667984434051e-9,4.272813858294377e-12,9.504905488604093e-11,9.515105297725906e-12,0.0,2.649316201523695e-12,7.404107522538178e-13,1.9342109288931667e-8
372.5,2.436e-8,265.4767782474574,0.02483,9.297878568480687e-13,1.6826361715367347e-12,7.342019813989519e-13,3.936284949044925e-12,5.4662508405247574e-9,4.223276970490301e-12,8.752216659520353e-11,8.687385300322808e-12,0.0,2.5192281381131958e-12,6.928950902798176e-13,1.8782821296422005e-8
373.5,2.363e-8,268.6834003997136,0.02428,9.624252854911013e-13,1.509756877518489e-12,7.288298631963112e-13,3.722831871994878e-12,5.275137006307447e-9,4.177483871601104e-12,8.062771708910042e-11,7.934956901381988e-12,0.0,2.3969439348654394e-12,6.487670687675131e-13,1.8252153280928637e-8
374.5,2.292e-8,271.90318476047213,0.02374,9.96372785199113e-13,1.3540687855340284e-12,7.234921960513098e-13,3.5202305363929607e-12,5.090080667023423e-9,4.132099216900392e-12,7.425309787249596e-11,7.245172664039313e-12,0.0,2.2801831326255845e-12,6.072995784317852e-13,1.7734807316208905e-8
375.5,2.223e-8,275.0737002691714,0.02322,1.0304085424608786e-12,1.2157963367253236e-12,7.178827542638499e-13,3.329689906441357e-12,4.911521326891834e-9,4.08566187580762e-12,6.843137504088835e-11,6.620951375287431e-12,0.0,2.1695845566160425e-12,5.687471576201262e-13,1.723030857556206e-8
376.5,2.152e-8,278.1899556226374,0.02272,1.0624061004441793e-12,1.0909998432078284e-12,7.106801808026936e-13,3.144801484479035e-12,4.730597318215175e-9,4.030707353314571e-12,6.300078626358239e-11,6.045119107751353e-12,0.0,2.0610861322379094e-12,5.319442668770977e-13,1.6707724151052128e-8
377.5,2.082e-8,281.3111474598959,0.02223,1.0948215595996738e-12,9.782833832871024e-13,7.031347985162494e-13,2.9682058776624185e-12,4.553451850419048e-9,3.974124222556982e-12,5.7960273961296125e-11,5.5154045176945556e-12,0.0,1.9567306521134956e-12,4.971845722820953e-13,1.6190899986035944e-8
378.5,2.014e-8,284.6303108292957,0.02176,1.093730098440191e-12,0.0,6.835639245863908e-13,2.7321322888092388e-12,4.379044601123018e-9,3.909109121511227e-12,5.2950101352525244e-11,4.887737703383871e-12,0.0,1.8346791444775745e-12,0.0,1.5692864345243248e-8
379.5,1.948e-8,288.19553542703267,0.0213,1.0620661353259172e-12,0.0,6.537622237387035e-13,2.4543007874740995e-12,4.2068319795668524e-9,3.837445121270698e-12,4.8000924177974584e-11,4.208461955826941e-12,0.0,1.6992459096956407e-12,0.0,1.5211251814121843e-8
380.5,1.886e-8,291.67854292278184,0.02086,1.0322029075000067e-12,0.0,6.260151548177641e-13,2.2105776713227423e-12,4.045858378398426e-9,3.769378636153539e-12,4.3620745743453595e-11,3.636766447025558e-12,0.0,1.576878577258484e-12,0.0,1.4757669056464043e-8
381.5,1.826e-8,295.07245648414965,0.02044,1.0030713078516955e-12,0.0,5.996088504342633e-13,1.9947203566054257e-12,3.891669866660607e-9,3.7011146524435235e-12,3.970415373170735e-11,3.151851449485621e-12,0.0,1.464896383794479e-12,0.0,1.4316710716607069e-8
382.5,1.768e-8,298.5368369296051,0.02002,9.748636385491809e-13,0.0,5.742038405775937e-13,1.7973606633582872e-12,3.742953441393516e-9,3.635247606239825e-12,3.609391395642237e-11,2.725393123201955e-12,0.0,1.3597366890183901e-12,0.0,1.3889885839089115e-8
383.5,1.713e-8,301.9044923907399,0.01962,9.479692787683065e-13,0.0,5.504039686277095e-13,1.6238435583640243e-12,3.6029460890555314e-9,3.5714588246431636e-12,3.2891252233347174e-11,2.365635304626941e-12,0.0,1.264440647822062e-12,0.0,1.3483838907128269e-8
384.5,1.657e-8,305.2547232869928,0.01923,9.20274355395474e-13,0.0,5.267468486392573e-13,1.4651803131541339e-12,3.4625541243832755e-9,3.50273176195566e-12,2.993266831383039e-11,2.051135460322731e-12,0.0,1.1741272271023768e-12,0.0,1.3067873011336324e-8
385.5,1.597e-8,308.4965588202804,0.01886,8.900179223587141e-13,0.0,5.024367474226078e-13,1.32015353455117e-12,3.3161609705086952e-9,3.421234897697808e-12,2.719422207763869e-11,1.7782266656891822e-12,0.0,1.0877144396968693e-12,0.0,1.2617645023206251e-8
386.5,1.54e-8,311.71240777279087,0.0185,8.61179283347745e-13,0.0,4.795372478418669e-13,1.190742013419984e-12,3.177766870823191e-9,3.3430114982e-12,2.4730840265793305e-11,1.5437392742335182e-12,0.0,1.0085043387566977e-12,0.0,1.2189075575255213e-8
387.5,1.486e-8,314.89949415490804,0.01815,8.337768363316645e-13,0.0,4.580131834395396e-13,1.0753383840445102e-12,3.047246118425352e-9,3.2682568083126278e-12,2.2516631493496342e-11,1.3422813375436915e-12,0.0,9.359827133756195e-13,0.0,1.1782323600818103e-8
388.5,1.434e-8,318.0549255504161,0.01781,8.072658421673277e-13,0.0,4.375248425275477e-13,9.718144639782645e-13,2.9224356445126844e-9,3.194942478235511e-12,2.0513679995799726e-11,1.168388716837201e-12,0.0,8.690620825555037e-13,0.0,1.1389601677065215e-8
389.5,1.387e-8,321.0802623920472,0.01749,7.832753496254625e-13,0.0,4.190824227688916e-13,8.826461220399538e-13,2.8098540263233523e-9,3.1287344409866267e-12,1.8776057222332863e-11,1.023688921893278e-12,0.0,8.100551777476507e-13,0.0,1.1034322434019254e-8
390.5,1.341e-8,324.064311684862,0.01718,7.596481044039113e-13,0.0,4.0130330080760667e-13,8.02013347334128e-13,2.7007022630476962e-9,3.062102921903486e-12,1.7191395117340502e-11,8.977462053358168e-13,0.0,7.551208237620335e-13,0.0,1.0685428407131417e-8
391.5,1.298e-8,327.00381807635625,0.01688,7.375273054410093e-13,0.0,3.847655063753982e-13,7.302418181992616e-13,2.598936058898046e-9,2.9997116051344624e-12,1.5770974686793946e-11,7.893312445119968e-13,0.0,7.050868651588066e-13,0.0,1.035894630207034e-8
392.5,1.256e-8,329.99603808199,0.01658,7.15864136699367e-13,0.0,3.687302708803779e-13,6.639550577229764e-13,2.4999559396485027e-9,2.938298482976021e-12,1.4449450439569792e-11,6.925955246774325e-13,0.0,6.577364140639382e-13,0.0,1.0039557430024906e-8
393.5,1.219e-8,332.83840448464446,0.0163,6.810293169947407e-13,0.0,0.0,0.0,2.4098483788269927e-9,2.8838149327529357e-12,1.3147722503746084e-11,0.0,0.0,6.087606510493787e-13,0.0,9.762830293768465e-9
394.5,1.183e-8,335.6259613340641,0.01603,6.448456398989145e-13,0.0,0.0,0.0,2.3221331262009148e-9,2.8287708479004665e-12,1.194323130730682e-11,0.0,0.0,5.622953946080122e-13,0.0,9.491887730609372e-9
395.5,1.148e-8,338.46087120291133,0.01576,6.102848206359037e-13,0.0,0.0,0.0,2.2371782021943375e-9,2.7750804739632703e-12,1.0836122607322048e-11,0.0,0.0,5.189031816008387e-13,0.0,9.22808140672214e-9
396.5,1.115e-8,341.3447707316599,0.01549,5.778158244237856e-13,0.0,0.0,0.0,2.1568890403288054e-9,2.7252293500896628e-12,9.828548231734731e-12,0.0,0.0,4.788493387807462e-13,0.0,8.979500516926166e-9
397.5,1.087e-8,344.0602257085491,0.01524,5.499306568286022e-13,0.0,0.0,0.0,2.088127280406487e-9,2.6845110066363e-12,8.983701023486514e-12,0.0,0.0,4.448606681125317e-13,0.0,8.769209716238448e-9
398.5,1.062e-8,346.8205959647415,0.01499,5.24308959712947e-13,0.0,0.0,0.0,2.025674013897134e-9,2.6505460026163973e-12,8.220376819598248e-12,0.0,0.0,4.138437584790731e-13,0.0,8.58251691056246e-9
399.5,1.038e-8,349.5142094773852,0.01475,5.003739675389915e-13,0.0,0.0,0.0,1.9662015854520398e-9,2.6173765586915073e-12,7.536813238174283e-12,0.0,0.0,3.855980758621231e-13,0.0,8.402758252707692e-9
400.5,1.014e-8,352.13703637685023,0.01452,4.775691047866712e-13,0.0,0.0,0.0,1.90777623341864e-9,2.5825075994721153e-12,6.91791834424031e-12,0.0,0.0,3.595348035789114e-13,0.0,8.221886236729282e-9
401.5,9.922e-9,354.9185704477659,0.01428,4.559118448085835e-13,0.0,0.0,0.0,1.8533740799855977e-9,2.5538391327798084e-12,6.336367663716922e-12,0.0,0.0,3.348396328844133e-13,0.0,8.058944961740212e-9
402.5,9.735e-9,357.5096881155086,0.01406,4.371482682931166e-13,0.0,0.0,0.0,1.8062685112799695e-9,2.530467745440353e-12,5.845738505658512e-12,0.0,0.0,3.137414079625779e-13,0.0,7.919604392792676e-9
403.5,9.551e-9,360.14167096850395,0.01384,4.1897641106645354e-13,0.0,0.0,0.0,1.7600539651459173e-9,2.5075285474826756e-12,5.387498623436382e-12,0.0,0.0,2.9373914901906046e-13,0.0,7.78233829212308e-9
404.5,9.371e-9,362.8158286802909,0.01362,4.0142657437243495e-13,0.0,0.0,0.0,1.7149066804375307e-9,2.4852998804999734e-12,4.9604157826863545e-12,0.0,0.0,2.7481762591986925e-13,0.0,7.64797135969899e-9
405.5,9.196e-9,365.5335349110217,0.0134,3.8452505210597685e-13,0.0,0.0,0.0,1.670997578665932e-9,2.4640716975241747e-12,4.5631996094804385e-12,0.0,0.0,2.5695733696106464e-13,0.0,7.517333667637995e-9
406.5,9.034e-9,368.16965726423945,0.01319,3.689951931179814e-13,0.0,0.0,0.0,1.6302944482080862e-9,2.444873875357456e-12,4.210423257289751e-12,0.0,0.0,2.4086310275327654e-13,0.0,7.396440396363394e-9
407.5,8.874e-9,370.7195644854353,0.01299,3.543259286505422e-13,0.0,0.0,0.0,1.5907691057065038e-9,2.4247740670226834e-12,3.8924719574587435e-12,0.0,0.0,2.2609910825995688e-13,0.0,7.276333223232104e-9
408.5,8.717e-9,373.3090373971976,0.01279,3.4012250443739136e-13,0.0,0.0,0.0,1.5520525893747844e-9,2.4052157728227727e-12,3.5951721178900364e-12,0.0,0.0,2.1209221946764853e-13,0.0,7.158394808010598e-9
409.5,8.564e-9,375.9393232212733,0.01259,3.264124562673881e-13,0.0,0.0,0.0,1.5143142868768954e-9,2.386493905006466e-12,3.3177907316978302e-12,0.0,0.0,1.9883454106453792e-13,0.0,7.043456181489068e-9
410.5,8.408e-9,378.4770875580489,0.0124,3.132979927533821e-13,0.0,0.0,0.0,1.4768372666092496e-9,2.3654675096013348e-12,3.0664499505995473e-12,0.0,0.0,1.8658468411326656e-13,0.0,6.925230933253684e-9
411.5,8.256e-9,381.2404337372991,0.0122,2.980707027601988e-13,0.0,0.0,0.0,1.4386048940981123e-9,2.3474910879171805e-12,2.7830180922193987e-12,0.0,0.0,0.0,0.0,6.8119665260189895e-9
412.5,8.107e-9,383.9792169985561,0.01201,2.8089161486375513e-13,0.0,0.0,0.0,1.400017668777779e-9,2.3301487760736734e-12,2.481656231571224e-12,0.0,0.0,0.0,0.0,6.701889634599711e-9
413.5,7.96e-9,386.6141188574941,0.01183,2.6508816949817536e-13,0.0,0.0,0.0,1.3627858458780942e-9,2.311743972237367e-12,2.2207996654872507e-12,0.0,0.0,0.0,0.0,6.592416522314683e-9
414.5,7.806e-9,389.28942112335926,0.01165,2.497081539910339e-13,0.0,0.0,0.0,1.3247033355135493e-9,2.290970063516938e-12,1.9820472925061226e-12,0.0,0.0,0.0,0.0,6.476773938976437e-9
415.5,7.652e-9,392.0063820154198,0.01147,2.3497725067346487e-13,0.0,0.0,0.0,1.2869832426392118e-9,2.269828087919395e-12,1.7656490943130844e-12,0.0,0.0,0.0,0.0,6.360746302927882e-9
416.5,7.502e-9,394.6118389382427,0.0113,2.2151116610170175e-13,0.0,0.0,0.0,1.2509357490801542e-9,2.2481471581791912e-12,1.5792407901204956e-12,0.0,0.0,0.0,0.0,6.2470153518054445e-9
417.5,7.354e-9,397.2567915822623,0.01113,2.0866242542545877e-13,0.0,0.0,0.0,1.215562893490251e-9,2.2266946550628413e-12,1.410344206016554e-12,0.0,0.0,0.0,0.0,6.134591405223244e-9
418.5,7.206e-9,399.94245582150523,0.01096,1.96355525899338e-13,0.0,0.0,0.0,1.1805321325520964e-9,2.204866000540496e-12,1.2571742234875217e-12,0.0,0.0,0.0,0.0,6.021809471697977e-9
419.5,7.057e-9,402.508468840959,0.0108,1.8500057221011722e-13,0.0,0.0,0.0,1.1463014220648876e-9,2.180967516481085e-12,1.1247218256225151e-12,0.0,0.0,0.0,0.0,5.907207888020798e-9
420.5,6.912e-9,405.11278197375407,0.01064,1.7422206853079166e-13,0.0,0.0,0.0,1.113051851696381e-9,2.1579025790994023e-12,1.0049845588009673e-12,0.0,0.0,0.0,0.0,5.7956110390971875e-9
421.5,6.769e-9,407.7565558950146,0.01048,1.639475821918148e-13,0.0,0.0,0.0,1.0804509010582024e-9,2.1350658702141096e-12,8.966020017787781e-13,0.0,0.0,0.0,0.0,5.685353483487613e-9
422.5,6.628e-9,410.2720113869907,0.01033,1.545532641973397e-13,0.0,0.0,0.0,1.0490866153234372e-9,2.1110816869443613e-12,8.034068022837957e-13,0.0,0.0,0.0,0.0,5.575844342923136e-9
423.5,6.482e-9,412.82426177725426,0.01018,1.4543615395497604e-13,0.0,0.0,0.0,1.0172469753032736e-9,2.085080963744241e-12,7.180752966992239e-13,0.0,0.0,0.0,0.0,5.461804432282328e-9
424.5,6.34e-9,415.41439950210287,0.01003,1.3679348481619764e-13,0.0,0.0,0.0,9.86355774960843e-10,2.0599265301702077e-12,6.410197025524072e-13,0.0,0.0,0.0,0.0,5.350806485321618e-9
425.5,6.202e-9,417.95528621922534,0.009885,1.2877674822613114e-13,0.0,0.0,0.0,9.566840209914618e-10,2.0349505097020036e-12,5.73301735742166e-13,0.0,0.0,0.0,0.0,5.242578950014867e-9
426.5,6.066e-9,420.49789613779956,0.009742,1.2120490146047373e-13,0.0,0.0,0.0,9.277328343253216e-10,2.0099296370959848e-12,5.126143100901291e-13,0.0,0.0,0.0,0.0,5.135623416826032e-9
427.5,5.921e-9,422.9509095310515,0.009606,1.1400061850210216e-13,0.0,0.0,0.0,8.9809966577968e-10,1.9804966779149724e-12,4.588676351178263e-13,0.0,0.0,0.0,0.0,5.020346969288784e-9
428.5,5.779e-9,425.3836344565318,0.009473,1.0724742817464953e-13,0.0,0.0,0.0,8.69391300645736e-10,1.9511601349500607e-12,4.1101202239132937e-13,0.0,0.0,0.0,0.0,4.907139279768748e-9
429.5,5.64e-9,427.83207664809083,0.009341,1.0086177499418323e-13,0.0,0.0,0.0,8.414847932045644e-10,1.922211713467073e-12,3.6791201391090713e-13,0.0,0.0,0.0,0.0,4.7961242212930636e-9
430.5,5.506e-9,430.2774752642737,0.009211,9.488805833552686e-14,0.0,0.0,0.0,8.147173394301235e-10,1.894216811385678e-12,3.2946198508909646e-13,0.0,0.0,0.0,0.0,4.688964093715065e-9
431.5,5.363e-9,432.64238542438864,0.009087,8.917330540197261e-14,0.0,0.0,0.0,7.872186406234399e-10,1.861802020735653e-12,2.951957809100059e-13,0.0,0.0,0.0,0.0,4.573535188269513e-9
432.5,5.219e-9,434.99337036902506,0.008967,8.347049583236495e-14,0.0,0.0,0.0,7.585570305110104e-10,1.8304992344787078e-12,0.0,0.0,0.0,0.0,0.0,4.458528999758679e-9
433.5,5.08e-9,437.33685264602457,0.008849,7.814742344272706e-14,0.0,0.0,0.0,7.31037233774383e-10,1.7999914350953249e-12,0.0,0.0,0.0,0.0,0.0,4.347084627367078e-9
434.5,4.945e-9,439.6915344014946,0.008732,7.315338643591221e-14,0.0,0.0,0.0,7.045128650018839e-10,1.770155061619048e-12,0.0,0.0,0.0,0.0,0.0,4.2386438265500605e-9
435.5,4.815e-9,441.99585866829,0.008619,6.855478344991828e-14,0.0,0.0,0.0,6.792846733863325e-10,1.7409152357285821e-12,0.0,0.0,0.0,0.0,0.0,4.133905856594488e-9
436.5,4.687e-9,444.2058482679213,0.008512,6.43256112911976e-14,0.0,0.0,0.0,6.550154701296854e-10,1.7109156019742725e-12,0.0,0.0,0.0,0.0,0.0,4.030209288657049e-9
437.5,4.564e-9,446.4227479815369,0.008406,6.037065366537865e-14,0.0,0.0,0.0,6.31806601812608e-10,1.6820473137293434e-12,0.0,0.0,0.0,0.0,0.0,3.930450980219997e-9
438.5,4.445e-9,448.62515712450625,0.008302,5.6681545098782946e-14,0.0,0.0,0.0,6.095549826258788e-10,1.653826134418493e-12,0.0,0.0,0.0,0.0,0.0,3.8337345096946035e-9
439.5,4.33e-9,450.8337523071547,0.008199,5.3222662691744365e-14,0.0,0.0,0.0,5.881849489697928e-10,1.626435649833735e-12,0.0,0.0,0.0,0.0,0.0,3.7401353927176814e-9
440.5,4.227e-9,452.91737406632285,0.008103,5.018538466584471e-14,0.0,0.0,0.0,5.690761147819883e-10,1.6020377583339685e-12,0.0,0.0,0.0,0.0,0.0,3.6562716620750125e-9
441.5,4.128e-9,455.00373605010157,0.008008,4.7336456647662267e-14,0.0,0.0,0.0,5.507814885590304e-10,1.57859734602755e-12,0.0,0.0,0.0,0.0,0.0,3.5755925776382943e-9
442.5,4.031e-9,457.0926415789535,0.007914,4.464327906936308e-14,0.0,0.0,0.0,5.330203714025488e-10,1.5553745195540638e-12,0.0,0.0,0.0,0.0,0.0,3.4963796107988278e-9
443.5,3.937e-9,459.18388591617645,0.007821,4.210887320162546e-14,0.0,0.0,0.0,5.159148370564173e-10,1.5327702482008503e-12,0.0,0.0,0.0,0.0,0.0,3.4195102838221807e-9
444.5,3.859e-9,461.2086018222334,0.007732,3.990472195669377e-14,0.0,0.0,0.0,5.012894083802926e-10,1.5154689890885325e-12,0.0,0.0,0.0,0.0,0.0,3.3561552179086628e-9
445.5,3.789e-9,463.21047145629996,0.007645,3.7894477809734996e-14,0.0,0.0,0.0,4.879524119494814e-10,1.5007563048956626e-12,0.0,0.0,0.0,0.0,0.0,3.299508937267813e-9
446.5,3.721e-9,465.21184770581937,0.007559,3.5992461012008e-14,0.0,0.0,0.0,4.750592093008603e-10,1.4864585015293247e-12,0.0,0.0,0.0,0.0,0.0,3.244418339736598e-9
447.5,3.653e-9,467.2361247126688,0.007473,3.4161057558469214e-14,0.0,0.0,0.0,4.6230117109143337e-10,1.4719324631602345e-12,0.0,0.0,0.0,0.0,0.0,3.1891927353878477e-9
448.5,3.591e-9,469.2120005423656,0.00739,3.2491732949938306e-14,0.0,0.0,0.0,4.505722523484364e-10,1.4591652044964522e-12,0.0,0.0,0.0,0.0,0.0,3.138936090714117e-9
449.5,3.536e-9,471.1617784471852,0.007309,3.0969218286082775e-14,0.0,0.0,0.0,4.3992608386858725e-10,1.4487699423233968e-12,0.0,0.0,0.0,0.0,0.0,3.094594176970803e-9
450.5,3.481e-9,473.1088110586363,0.007229,2.951195578819512e-14,0.0,0.0,0.0,4.294282765141031e-10,1.4380692338278186e-12,0.0,0.0,0.0,0.0,0.0,3.050104142296281e-9
451.5,3.427e-9,475.0527664597656,0.00715,2.8125611825032488e-14,0.0,0.0,0.0,4.1920002199510426e-10,1.4274746596666368e-12,0.0,0.0,0.0,0.0,0.0,3.006344377733404e-9
452.5,3.375e-9,477.0183202884171,0.007071,2.6803678178811667e-14,0.0,0.0,0.0,4.0931365291069987e-10,1.4175615838898615e-12,0.0,0.0,0.0,0.0,0.0,2.9642419818272314e-9
453.5,3.329e-9,478.93006864271155,0.006995,2.5606691165282913e-14,0.0,0.0,0.0,4.003770954770214e-10,1.4095894292914572e-12,0.0,0.0,0.0,0.0,0.0,2.9271877084025215e-9
454.5,3.285e-9,480.8627018251275,0.006919,2.446460591659569e-14,0.0,0.0,0.0,3.917598538661311e-10,1.402358397832839e-12,0.0,0.0,0.0,0.0,0.0,2.8918133231301198e-9
455.5,3.24e-9,482.79083031619894,0.006844,2.336358892368961e-14,0.0,0.0,0.0,3.8314489459638257e-10,1.3944437360812063e-12,0.0,0.0,0.0,0.0,0.0,2.8554372980786127e-9
456.5,3.197e-9,484.71407158827986,0.00677,2.2323394376302944e-14,0.0,0.0,0.0,3.748860561316291e-10,1.3871322064083942e-12,0.0,0.0,0.0,0.0,0.0,2.8207044882675864e-9
457.5,3.156e-9,486.6296718698625,0.006697,0.0,0.0,0.0,0.0,3.6692982340605175e-10,1.3805529601353906e-12,0.0,0.0,0.0,0.0,0.0,2.787689623633813e-9
458.5,3.117e-9,488.50775768139954,0.006625,0.0,0.0,0.0,0.0,3.5866658103169195e-10,1.3759818607749246e-12,0.0,0.0,0.0,0.0,0.0,2.7569574371075328e-9
459.5,3.079e-9,490.3798541687941,0.006554,0.0,0.0,0.0,0.0,3.5065512100039873e-10,1.371597752177492e-12,0.0,0.0,0.0,0.0,0.0,2.7269732812474234e-9
460.5,3.041e-9,492.272342075181,0.006483,0.0,0.0,0.0,0.0,3.4272706357828076e-10,1.3671353949685715e-12,0.0,0.0,0.0,0.0,0.0,2.6969058010267506e-9
461.5,3.003e-9,494.1314845395476,0.006414,0.0,0.0,0.0,0.0,3.3498308470003924e-10,1.3622364362201594e-12,0.0,0.0,0.0,0.0,0.0,2.6666546788637407e-9
462.5,2.968e-9,495.9833544945827,0.006346,0.0,0.0,0.0,0.0,3.277017220372568e-10,1.3584451212370818e-12,0.0,0.0,0.0,0.0,0.0,2.6389398328415063e-9
463.5,2.932e-9,497.85517527025786,0.006278,0.0,0.0,0.0,0.0,3.203851121421459e-10,1.3541265211203662e-12,0.0,0.0,0.0,0.0,0.0,2.610260761336734e-9
464.5,2.897e-9,499.7194050426794,0.006211,0.0,0.0,0.0,0.0,3.1330183926625747e-10,1.3500170178360176e-12,0.0,0.0,0.0,0.0,0.0,2.5823481437159065e-9
465.5,2.863e-9,501.57557740715777,0.006145,0.0,0.0,0.0,0.0,3.0644722108518143e-10,1.3461241250657191e-12,0.0,0.0,0.0,0.0,0.0,2.5552066547897526e-9
466.5,2.831e-9,503.4232146913092,0.00608,0.0,0.0,0.0,0.0,2.9992259078000846e-10,1.3429298008552891e-12,0.0,0.0,0.0,0.0,0.0,2.5297344794191362e-9
467.5,2.799e-9,505.26182793710973,0.006016,0.0,0.0,0.0,0.0,2.935104493606264e-10,1.3394971749712146e-12,0.0,0.0,0.0,0.0,0.0,2.5041500534644023e-9
468.5,2.768e-9,507.12010586861555,0.005952,0.0,0.0,0.0,0.0,2.872665714797264e-10,1.33649064402667e-12,0.0,0.0,0.0,0.0,0.0,2.4793969378762472e-9
469.5,2.737e-9,508.9984736805118,0.005888,0.0,0.0,0.0,0.0,2.81085188347081e-10,1.3334348402148818e-12,0.0,0.0,0.0,0.0,0.0,2.454581376812704e-9
470.5,2.708e-9,510.8377147725061,0.005826,0.0,0.0,0.0,0.0,2.7526155695003687e-10,1.3309334087382288e-12,0.0,0.0,0.0,0.0,0.0,2.431407509641225e-9
471.5,2.679e-9,512.6966340546168,0.005764,0.0,0.0,0.0,0.0,2.6949472543694247e-10,1.3283928138105838e-12,0.0,0.0,0.0,0.0,0.0,2.4081768817492467e-9
472.5,2.651e-9,514.5451885375383,0.005703,0.0,0.0,0.0,0.0,2.6392947947651523e-10,1.3261205006603806e-12,0.0,0.0,0.0,0.0,0.0,2.3857444000228246e-9
473.5,2.623e-9,516.3828294684082,0.005643,0.0,0.0,0.0,0.0,2.584630817042292e-10,1.323620035998978e-12,0.0,0.0,0.0,0.0,0.0,2.363213298259772e-9
474.5,2.596e-9,518.2401141806029,0.005583,0.0,0.0,0.0,0.0,2.531476822050533e-10,1.321590466501974e-12,0.0,0.0,0.0,0.0,0.0,2.341530727328445e-9
475.5,2.57e-9,520.0860111665371,0.005524,0.0,0.0,0.0,0.0,2.4802424237110563e-10,1.3198481071769782e-12,0.0,0.0,0.0,0.0,0.0,2.320655909521717e-9
476.5,2.543e-9,521.9517297930283,0.005465,0.0,0.0,0.0,0.0,2.4285418986602827e-10,1.317563345768936e-12,0.0,0.0,0.0,0.0,0.0,2.2988282467882027e-9
477.5,2.518e-9,523.8055636347581,0.005407,0.0,0.0,0.0,0.0,2.379672693966266e-10,1.3160904230352347e-12,0.0,0.0,0.0,0.0,0.0,2.2787166401803383e-9
478.5,2.492e-9,525.6469116915839,0.00535,0.0,0.0,0.0,0.0,2.330759405255092e-10,1.3138698792854564e-12,0.0,0.0,0.0,0.0,0.0,2.2576101895952054e-9
479.5,2.467e-9,527.5079832917012,0.005293,0.0,0.0,0.0,0.0,2.2832485899888665e-10,1.312149376099207e-12,0.0,0.0,0.0,0.0,0.0,2.237362991625014e-9
480.5,2.442e-9,529.3560255007086,0.005237,0.0,0.0,0.0,0.0,2.236616112822802e-10,1.3102014140611942e-12,0.0,0.0,0.0,0.0,0.0,2.2170281873036585e-9
481.5,2.418e-9,531.2239356971709,0.005181,0.0,0.0,0.0,0.0,2.1913419842032886e-10,1.3087681517018147e-12,0.0,0.0,0.0,0.0,0.0,2.1975570334279694e-9
482.5,2.394e-9,533.078247111609,0.005126,0.0,0.0,0.0,0.0,2.1469142946120872e-10,1.3071096266889631e-12,0.0,0.0,0.0,0.0,0.0,2.1780014609121023e-9
483.5,2.369e-9,534.9183027167751,0.005072,0.0,0.0,0.0,0.0,2.1024356649424361e-10,1.3046698128444899e-12,0.0,0.0,0.0,0.0,0.0,2.1574517636929117e-9
484.5,2.344e-9,536.7780540384904,0.005018,0.0,0.0,0.0,0.0,2.0583969716952414e-10,1.3021957109936106e-12,0.0,0.0,0.0,0.0,0.0,2.1368581071194825e-9
485.5,2.319e-9,538.6579272837231,0.004964,0.0,0.0,0.0,0.0,2.0147992020116848e-10,1.2996867052630839e-12,0.0,0.0,0.0,0.0,0.0,2.1162203930935685e-9
486.5,2.295e-9,540.4878887795877,0.004911,0.0,0.0,0.0,0.0,1.969706144323351e-10,1.2982026710792142e-12,0.0,0.0,0.0,0.0,0.0,2.0967311828965854e-9
487.5,2.27e-9,542.2739732739441,0.004859,0.0,0.0,0.0,0.0,1.922185802876963e-10,1.296465847561439e-12,0.0,0.0,0.0,0.0,0.0,2.076484953864742e-9
488.5,2.242e-9,544.0792752680248,0.004807,0.0,0.0,0.0,0.0,1.8727745829343094e-10,1.2929559820103245e-12,0.0,0.0,0.0,0.0,0.0,2.0534295857245586e-9
489.5,2.215e-9,545.8689300163595,0.004756,0.0,0.0,0.0,0.0,1.8253579458248638e-10,1.2897067394640728e-12,0.0,0.0,0.0,0.0,0.0,2.0311744986780495e-9
490.5,2.188e-9,547.6422218840255,0.004706,0.0,0.0,0.0,0.0,1.779068590828733e-10,1.286140686892929e-12,0.0,0.0,0.0,0.0,0.0,2.008807000230234e-9
491.5,2.161e-9,549.434455488613,0.004656,0.0,0.0,0.0,0.0,1.7334123310962317e-10,1.2824984125228936e-12,0.0,0.0,0.0,0.0,0.0,1.986376268477854e-9
492.5,2.134e-9,551.2096158277607,0.004607,0.0,0.0,0.0,0.0,1.6888557059467003e-10,1.2785297657392424e-12,0.0,0.0,0.0,0.0,0.0,1.9638358996395904e-9
493.5,2.108e-9,553.003758055714,0.004558,0.0,0.0,0.0,0.0,1.6456986167023374e-10,1.2750830833702921e-12,0.0,0.0,0.0,0.0,0.0,1.9421550552463963e-9
494.5,2.082e-9,554.7800849921326,0.00451,0.0,0.0,0.0,0.0,1.6035924514667486e-10,1.2713117888207968e-12,0.0,0.0,0.0,0.0,0.0,1.9203694430645045e-9
495.5,2.056e-9,556.5378195099222,0.004463,0.0,0.0,0.0,0.0,1.562517306506493e-10,1.2672095748422474e-12,0.0,0.0,0.0,0.0,0.0,1.8984810597745085e-9
496.5,2.03e-9,558.3141631182644,0.004416,0.0,0.0,0.0,0.0,1.5220122973817244e-10,1.2630244431597823e-12,0.0,0.0,0.0,0.0,0.0,1.876535745818668e-9
497.5,2.003e-9,560.0711144048421,0.00437,0.0,0.0,0.0,0.0,1.481771664276738e-10,1.2578707608959338e-12,0.0,0.0,0.0,0.0,0.0,1.8535649628114299e-9
498.5,1.976e-9,561.8466581137051,0.004324,0.0,0.0,0.0,0.0,1.442107125375795e-10,1.2526154218743235e-12,0.0,0.0,0.0,0.0,0.0,1.8305366720405458e-9
499.5,1.949e-9,563.6019755671086,0.004279,0.0,0.0,0.0,0.0,1.403439043481776e-10,1.246998004048643e-12,0.0,0.0,0.0,0.0,0.0,1.8074090976477738e-9
500.5,1.923e-9,565.3362268178349,0.004235,0.0,0.0,0.0,0.0,1.3664574098334123e-10,1.2416581377529473e-12,0.0,0.0,0.0,0.0,0.0,1.7851126008789061e-9
501.5,1.896e-9,567.0885906807341,0.004191,0.0,0.0,0.0,0.0,1.3293032606248e-10,1.235564449831136e-12,0.0,0.0,0.0,0.0,0.0,1.7618341094876886e-9
502.5,1.87e-9,568.8189944416524,0.004148,0.0,0.0,0.0,0.0,1.2937891977102813e-10,1.229750465060565e-12,0.0,0.0,0.0,0.0,0.0,1.7393913297639115e-9
503.5,1.844e-9,570.5674301185783,0.004105,0.0,0.0,0.0,0.0,1.2587895988071467e-10,1.2238268238580207e-12,0.0,0.0,0.0,0.0,0.0,1.7168972132954273e-9
504.5,1.819e-9,572.2929759875931,0.004063,0.0,0.0,0.0,0.0,1.2253662562249827e-10,1.2181972472740386e-12,0.0,0.0,0.0,0.0,0.0,1.6952451771302275e-9
505.5,1.794e-9,574.0364521445797,0.004021,0.0,0.0,0.0,0.0,1.192425282637945e-10,1.2124626922476896e-12,0.0,0.0,0.0,0.0,0.0,1.673545009043958e-9
506.5,1.768e-9,575.7139199005445,0.003981,0.0,0.0,0.0,0.0,1.1600634904784754e-10,1.205407799013984e-12,0.0,0.0,0.0,0.0,0.0,1.6507882431531385e-9
507.5,1.743e-9,577.4083277840036,0.003941,0.0,0.0,0.0,0.0,1.1288229049273029e-10,1.1989143540351765e-12,0.0,0.0,0.0,0.0,0.0,1.6289187951532347e-9
508.5,1.718e-9,579.1200214325766,0.003901,0.0,0.0,0.0,0.0,1.0980381476091562e-10,1.1923037300871341e-12,0.0,0.0,0.0,0.0,0.0,1.6070038815089973e-9
509.5,1.694e-9,580.8059058400597,0.003862,0.0,0.0,0.0,0.0,1.0686977665864636e-10,1.1860053423354798e-12,0.0,0.0,0.0,0.0,0.0,1.585944217999018e-9
510.5,1.67e-9,582.5089016633168,0.003823,0.0,0.0,0.0,0.0,1.0397831269600578e-10,1.179594716968008e-12,0.0,0.0,0.0,0.0,0.0,1.5648420925870261e-9
511.5,1.645e-9,584.1407007374461,0.003786,0.0,0.0,0.0,0.0,1.011372688068495e-10,1.1718175072474083e-12,0.0,0.0,0.0,0.0,0.0,1.542690913685903e-9
512.5,1.621e-9,585.8332868878607,0.003748,0.0,0.0,0.0,0.0,9.836449654834666e-11,1.1648956354957015e-12,0.0,0.0,0.0,0.0,0.0,1.521470607816158e-9
513.5,1.598e-9,587.4979018671839,0.003711,0.0,0.0,0.0,0.0,9.572634630675569e-11,1.158305235309849e-12,0.0,0.0,0.0,0.0,0.0,1.5011153484579346e-9
514.5,1.575e-9,589.1335344597244,0.003675,0.0,0.0,0.0,0.0,9.315960153222217e-11,1.1513288366365935e-12,0.0,0.0,0.0,0.0,0.0,1.4806890696311413e-9
515.5,1.551e-9,590.7391669492666,0.00364,0.0,0.0,0.0,0.0,9.060411947532879e-11,1.1432245656205226e-12,0.0,0.0,0.0,0.0,0.0,1.4592526559590508e-9
516.5,1.528e-9,592.406862437386,0.003604,0.0,0.0,0.0,0.0,8.811198449049024e-11,1.1360011421752013e-12,0.0,0.0,0.0,0.0,0.0,1.4387520143673346e-9
517.5,1.506e-9,593.9335121494142,0.003569,0.0,0.0,0.0,0.0,8.551347808884371e-11,1.1298005927288177e-12,0.0,0.0,0.0,0.0,0.0,1.4193567213184273e-9
518.5,1.483e-9,595.4243945060437,0.003535,0.0,0.0,0.0,0.0,8.292802134312351e-11,1.122466690096129e-12,0.0,0.0,0.0,0.0,0.0,1.3989495119667802e-9
519.5,1.462e-9,596.9296858409205,0.003501,0.0,0.0,0.0,0.0,8.04984778670218e-11,1.1165194311953783e-12,0.0,0.0,0.0,0.0,0.0,1.3803850027017827e-9
520.5,1.441e-9,598.4047496795163,0.003468,0.0,0.0,0.0,0.0,7.814720618931635e-11,1.1101599243058175e-12,0.0,0.0,0.0,0.0,0.0,1.361742633886378e-9
521.5,1.42e-9,599.8485808072834,0.003436,0.0,0.0,0.0,0.0,7.587190215422241e-11,1.1033834469308938e-12,0.0,0.0,0.0,0.0,0.0,1.3430247143988467e-9
522.5,1.399e-9,601.3516840153502,0.003403,0.0,0.0,0.0,0.0,7.360081888053344e-11,1.0967791332903066e-12,0.0,0.0,0.0,0.0,0.0,1.3243024019861763e-9
523.5,1.379e-9,602.8232241500225,0.003371,0.0,0.0,0.0,0.0,7.14557432666157e-11,1.0905418026338872e-12,0.0,0.0,0.0,0.0,0.0,1.3064537149307504e-9
524.5,1.36e-9,604.2621606829127,0.00334,0.0,0.0,0.0,0.0,6.943212659728255e-11,1.0846873085667083e-12,0.0,0.0,0.0,0.0,0.0,1.2894831860941507e-9
525.5,1.341e-9,605.7145150759258,0.003309,0.0,0.0,0.0,0.0,6.744249218217722e-11,1.0787260348086056e-12,0.0,0.0,0.0,0.0,0.0,1.2724787817830142e-9
526.5,1.323e-9,607.1805399252609,0.003278,0.0,0.0,0.0,0.0,6.553621171963499e-11,1.0734669210755053e-12,0.0,0.0,0.0,0.0,0.0,1.2563903213592896e-9
527.5,1.305e-9,608.6125343907386,0.003248,0.0,0.0,0.0,0.0,6.369369272159729e-11,1.0678094529333936e-12,0.0,0.0,0.0,0.0,0.0,1.2402384978254691e-9
528.5,1.288e-9,610.0578169625123,0.003218,0.0,0.0,0.0,0.0,6.193006017840561e-11,1.0628756670877995e-12,0.0,0.0,0.0,0.0,0.0,1.2250070641545066e-9
529.5,1.271e-9,611.4677884640048,0.003189,0.0,0.0,0.0,0.0,6.022613117920053e-11,1.0575496169926831e-12,0.0,0.0,0.0,0.0,0.0,1.209716319203807e-9
530.5,1.255e-9,612.8413597887054,0.003161,0.0,0.0,0.0,0.0,5.862681399424102e-11,1.0526655836715198e-12,0.0,0.0,0.0,0.0,0.0,1.1953205204220875e-9
531.5,1.239e-9,614.2768737987965,0.003132,0.0,0.0,0.0,0.0,5.702343635139503e-11,1.0480024916704716e-12,0.0,0.0,0.0,0.0,0.0,1.1809285611569345e-9
532.5,1.223e-9,615.6755556457479,0.003104,0.0,0.0,0.0,0.0,5.5475288263859835e-11,1.0429506839421929e-12,0.0,0.0,0.0,0.0,0.0,1.166481761052198e-9
533.5,1.208e-9,617.0869118050839,0.003076,0.0,0.0,0.0,0.0,5.3996979781978645e-11,1.038671595271717e-12,0.0,0.0,0.0,0.0,0.0,1.1529643486227497e-9
534.5,1.193e-9,618.4600826664837,0.003049,0.0,0.0,0.0,0.0,5.257031057770076e-11,1.0340102670875454e-12,0.0,0.0,0.0,0.0,0.0,1.1393956791552116e-9
535.5,1.178e-9,619.8454676935871,0.003022,0.0,0.0,0.0,0.0,5.116625405925604e-11,1.0292704771095287e-12,0.0,0.0,0.0,0.0,0.0,1.1258044754636345e-9
536.5,1.164e-9,621.2432861245896,0.002995,0.0,0.0,0.0,0.0,4.982750830019327e-11,1.02533139435149e-12,0.0,0.0,0.0,0.0,0.0,1.1131471603054553e-9
537.5,1.149e-9,622.6012948471142,0.002969,0.0,0.0,0.0,0.0,4.849424078357773e-11,1.0201262841144375e-12,0.0,0.0,0.0,0.0,0.0,1.099485632932308e-9
538.5,1.135e-9,623.9712483193248,0.002943,0.0,0.0,0.0,0.0,4.7223913811572377e-11,1.0157307557266907e-12,0.0,0.0,0.0,0.0,0.0,1.086760355432701e-9
539.5,1.121e-9,625.3533585340896,0.002917,0.0,0.0,0.0,0.0,4.597362331210398e-11,1.0112624196171543e-12,0.0,0.0,0.0,0.0,0.0,1.0740151142682788e-9
540.5,1.108e-9,626.7478431784506,0.002891,0.0,0.0,0.0,0.0,4.4783689743859184e-11,1.0076291187230463e-12,0.0,0.0,0.0,0.0,0.0,1.062208681137418e-9
541.5,1.095e-9,628.1005715664505,0.002866,0.0,0.0,0.0,0.0,4.3637195266629883e-11,1.003619632389701e-12,0.0,0.0,0.0,0.0,0.0,1.0503591851009804e-9
542.5,1.082e-9,629.465151589448,0.002841,0.0,0.0,0.0,0.0,4.2508436004951386e-11,9.995451952943446e-13,0.0,0.0,0.0,0.0,0.0,1.0384920187997544e-9
543.5,1.071e-9,630.7864928550937,0.002817,0.0,0.0,0.0,0.0,4.149877899192412e-11,9.96949025349367e-13,0.0,0.0,0.0,0.0,0.0,1.0285042719827264e-9
544.5,1.059e-9,632.1749150243164,0.002792,0.0,0.0,0.0,0.0,4.044189140000549e-11,9.936926506080332e-13,0.0,0.0,0.0,0.0,0.0,1.0175644159493865e-9
545.5,1.047e-9,633.5195464048243,0.002768,0.0,0.0,0.0,0.0,3.9424606282131404e-11,9.900620497773072e-13,0.0,0.0,0.0,0.0,0.0,1.0065853316680914e-9
546.5,1.036e-9,634.8758873496477,0.002744,0.0,0.0,0.0,0.0,3.845996963138292e-11,9.87326793118518e-13,0.0,0.0,0.0,0.0,0.0,9.965527035754986e-10
547.5,1.025e-9,636.1868922916408,0.002721,0.0,0.0,0.0,0.0,3.753224931751983e-11,9.842242747486684e-13,0.0,0.0,0.0,0.0,0.0,9.864835264077315e-10
548.5,1.015e-9,637.5667654812856,0.002697,0.0,0.0,0.0,0.0,3.663206457994251e-11,9.82366679662081e-13,0.0,0.0,0.0,0.0,0.0,9.773855687403954e-10
549.5,1.004e-9,638.9007151185263,0.002674,0.0,0.0,0.0,0.0,3.5731365637771945e-11,9.791765572245966e-13,0.0,0.0,0.0,0.0,0.0,9.672894578050036e-10
550.5,9.939e-10,640.246188219284,0.002651,0.0,0.0,0.0,0.0,3.487573897502974e-11,9.768214134786791e-13,0.0,0.0,0.0,0.0,0.0,9.580474396114917e-10
551.5,9.84e-10,641.5441304600862,0.002629,0.0,0.0,0.0,0.0,3.4060763325346334e-11,9.742974864454885e-13,0.0,0.0,0.0,0.0,0.0,9.48964939188208e-10
552.5,9.742e-10,642.8198928316615,0.002606,0.0,0.0,0.0,0.0,3.3160340102578417e-11,9.724617323824893e-13,0.0,0.0,0.0,0.0,0.0,9.400671981650392e-10
553.5,9.645e-10,644.0192909112169,0.002584,0.0,0.0,0.0,0.0,3.227629579226056e-11,9.704444362474644e-13,0.0,0.0,0.0,0.0,0.0,9.312532597714918e-10
554.5,9.549e-10,645.2289443650071,0.002562,0.0,0.0,0.0,0.0,3.141104132582778e-11,9.68490568918595e-13,0.0,0.0,0.0,0.0,0.0,9.225204681052538e-10
555.5,9.456e-10,646.4490300824035,0.00254,0.0,0.0,0.0,0.0,3.057075335945604e-11,9.668063752088721e-13,0.0,0.0,0.0,0.0,0.0,9.14062440265335e-10
556.5,9.365e-10,647.6235558111163,0.002519,0.0,0.0,0.0,0.0,2.9775398171310855e-11,9.649387086688968e-13,0.0,0.0,0.0,0.0,0.0,9.057596631200202e-10
557.5,9.274e-10,648.864560329552,0.002497,0.0,0.0,0.0,0.0,2.897032532856738e-11,9.633958528985448e-13,0.0,0.0,0.0,0.0,0.0,8.974662788185341e-10
558.5,9.185e-10,650.0593978224481,0.002476,0.0,0.0,0.0,0.0,2.8208686921018236e-11,9.61671003848927e-13,0.0,0.0,0.0,0.0,0.0,8.893296420751329e-10
559.5,9.097e-10,651.2644125165069,0.002455,0.0,0.0,0.0,0.0,2.7463279584879857e-11,9.600198743099087e-13,0.0,0.0,0.0,0.0,0.0,8.812767005408102e-10
560.5,9.012e-10,652.4216672959881,0.002435,0.0,0.0,0.0,0.0,2.676192597476664e-11,9.58292257140261e-13,0.0,0.0,0.0,0.0,0.0,8.734797817680931e-10
561.5,8.928e-10,653.6470598886194,0.002414,0.0,0.0,0.0,0.0,2.6053550994903405e-11,9.570084548948353e-13,0.0,0.0,0.0,0.0,0.0,8.657894405502017e-10
562.5,8.844e-10,654.8240517682303,0.002394,0.0,0.0,0.0,0.0,2.53789583900748e-11,9.553306374961435e-13,0.0,0.0,0.0,0.0,0.0,8.58065710972429e-10
563.5,8.762e-10,656.0109178561335,0.002374,0.0,0.0,0.0,0.0,2.4721555975918685e-11,9.538409498841677e-13,0.0,0.0,0.0,0.0,0.0,8.505246030741972e-10
564.5,8.681e-10,657.2078252315763,0.002354,0.0,0.0,0.0,0.0,2.407819407665467e-11,9.524342813842976e-13,0.0,0.0,0.0,0.0,0.0,8.430693716419611e-10
565.5,8.602e-10,658.4149452506807,0.002334,0.0,0.0,0.0,0.0,2.3451369392148055e-11,9.512233592315357e-13,0.0,0.0,0.0,0.0,0.0,8.357974072486204e-10
566.5,8.524e-10,659.6324536936735,0.002314,0.0,0.0,0.0,0.0,2.2838034004597196e-11,9.501015750534023e-13,0.0,0.0,0.0,0.0,0.0,8.286118644203494e-10
567.5,8.446e-10,660.7988732108687,0.002295,0.0,0.0,0.0,0.0,2.2254938320721008e-11,9.485785191401107e-13,0.0,0.0,0.0,0.0,0.0,8.213964831601389e-10
568.5,8.369e-10,662.0371621486005,0.002275,0.0,0.0,0.0,0.0,2.1665026988874595e-11,9.475253685948651e-13,0.0,0.0,0.0,0.0,0.0,8.142874476425306e-10
569.5,8.294e-10,663.2236615112764,0.002256,0.0,0.0,0.0,0.0,2.1109513810117345e-11,9.462955111346856e-13,0.0,0.0,0.0,0.0,0.0,8.07344190678748e-10
570.5,8.221e-10,664.3569675017646,0.002238,0.0,0.0,0.0,0.0,2.0587081442554357e-11,9.448868501361514e-13,0.0,0.0,0.0,0.0,0.0,8.005680317073093e-10
571.5,8.148e-10,665.5631666642822,0.002219,0.0,0.0,0.0,0.0,2.0054912484862165e-11,9.438449732179024e-13,0.0,0.0,0.0,0.0,0.0,7.938012425419199e-10
572.5,8.075e-10,666.7797383388331,0.0022,0.0,0.0,0.0,0.0,1.953188055883955e-11,9.427846829974724e-13,0.0,0.0,0.0,0.0,0.0,7.870253347581628e-10
573.5,8.004e-10,667.9420109384005,0.002182,0.0,0.0,0.0,0.0,1.904035740356711e-11,9.4154626690014e-13,0.0,0.0,0.0,0.0,0.0,7.804180963295327e-10
574.5,7.934e-10,669.1139113083611,0.002164,0.0,0.0,0.0,0.0,1.8559393534736e-11,9.404060694803778e-13,0.0,0.0,0.0,0.0,0.0,7.739002003957836e-10
575.5,7.864e-10,670.2956002866407,0.002146,0.0,0.0,0.0,0.0,1.8086507434611892e-11,9.392470545535915e-13,0.0,0.0,0.0,0.0,0.0,7.673742455108345e-10
576.5,7.795e-10,671.4872427754842,0.002128,0.0,0.0,0.0,0.0,1.762389708671341e-11,9.381892893249893e-13,0.0,0.0,0.0,0.0,0.0,7.609379136239618e-10
577.5,7.727e-10,672.62197465967,0.002111,0.0,0.0,0.0,0.0,1.7187916202475018e-11,9.36830675233804e-13,0.0,0.0,0.0,0.0,0.0,7.545752531222913e-10
578.5,7.661e-10,673.8334592002147,0.002093,0.0,0.0,0.0,0.0,1.6747226533087146e-11,9.361024526853187e-13,0.0,0.0,0.0,0.0,0.0,7.484166710142275e-10
579.5,7.596e-10,674.9872441199353,0.002076,0.0,0.0,0.0,0.0,1.63321952803255e-11,9.350751152794473e-13,0.0,0.0,0.0,0.0,0.0,7.423327296043951e-10
580.5,7.531e-10,676.2192426858232,0.002058,0.0,0.0,0.0,0.0,1.590829280960319e-11,9.34444292240432e-13,0.0,0.0,0.0,0.0,0.0,7.362572628981564e-10
581.5,7.466e-10,677.3927314022632,0.002041,0.0,0.0,0.0,0.0,1.5507172647116388e-11,9.333872870498681e-13,0.0,0.0,0.0,0.0,0.0,7.301594400658337e-10
582.5,7.403e-10,678.5760353904471,0.002024,0.0,0.0,0.0,0.0,1.5116878822798913e-11,9.32565760909976e-13,0.0,0.0,0.0,0.0,0.0,7.242505554162911e-10
583.5,7.34e-10,679.7693202296987,0.002007,0.0,0.0,0.0,0.0,1.4733135013635572e-11,9.317313951938869e-13,0.0,0.0,0.0,0.0,0.0,7.183351335911707e-10
584.5,7.278e-10,680.9727557248826,0.00199,0.0,0.0,0.0,0.0,1.4357862258477278e-11,9.310119480301172e-13,0.0,0.0,0.0,0.0,0.0,7.125111257934926e-10
585.5,7.216e-10,682.1148293977824,0.001974,0.0,0.0,0.0,0.0,1.4003414085867114e-11,9.298546550933797e-13,0.0,0.0,0.0,0.0,0.0,7.066667312590396e-10
586.5,7.155e-10,683.3384703686272,0.001957,0.0,0.0,0.0,0.0,1.3642505807265205e-11,9.292395817737844e-13,0.0,0.0,0.0,0.0,0.0,7.009282546109609e-10
587.5,7.095e-10,684.4998815741138,0.001941,0.0,0.0,0.0,0.0,1.3303648247664917e-11,9.283134389958199e-13,0.0,0.0,0.0,0.0,0.0,6.952680383133393e-10
588.5,7.035e-10,685.670906225339,0.001925,0.0,0.0,0.0,0.0,1.2970412057406711e-11,9.273737974921155e-13,0.0,0.0,0.0,0.0,0.0,6.896022141451012e-10
589.5,6.976e-10,686.8517047999122,0.001909,0.0,0.0,0.0,0.0,1.2644565495995194e-11,9.26553291454893e-13,0.0,0.0,0.0,0.0,0.0,6.840288812125499e-10
590.5,6.918e-10,687.9271627210107,0.001893,0.0,0.0,0.0,0.0,1.229369066024196e-11,9.259972773116864e-13,0.0,0.0,0.0,0.0,0.0,6.785803120624463e-10
591.5,6.86e-10,688.9952107853985,0.001877,0.0,0.0,0.0,0.0,1.1945121159623987e-11,9.25451000380865e-13,0.0,0.0,0.0,0.0,0.0,6.731294278399952e-10
592.5,6.803e-10,690.0724022296018,0.001861,0.0,0.0,0.0,0.0,1.1605202868160134e-11,9.25029948559281e-13,0.0,0.0,0.0,0.0,0.0,6.677697671832806e-10
593.5,6.746e-10,691.0907136177516,0.001846,0.0,0.0,0.0,0.0,1.1286745366494373e-11,9.24139317350056e-13,0.0,0.0,0.0,0.0,0.0,6.623891153161556e-10
594.5,6.69e-10,692.1173333222473,0.001831,0.0,0.0,0.0,0.0,1.0976073446524506e-11,9.2337171579291e-13,0.0,0.0,0.0,0.0,0.0,6.571005548376826e-10
595.5,6.634e-10,693.1523980327918,0.001816,0.0,0.0,0.0,0.0,1.0671416585877491e-11,9.225910230667274e-13,0.0,0.0,0.0,0.0,0.0,6.518059923910559e-10
596.5,6.579e-10,694.196047840346,0.001801,0.0,0.0,0.0,0.0,1.037428706390952e-11,9.219372214632908e-13,0.0,0.0,0.0,0.0,0.0,6.466037757146272e-10
597.5,6.525e-10,695.3188988574435,0.001785,0.0,0.0,0.0,0.0,1.0070968523623245e-11,9.21886774544136e-13,0.0,0.0,0.0,0.0,0.0,6.415071447018326e-10
598.5,6.471e-10,696.3096808041556,0.001771,0.0,0.0,0.0,0.0,9.800463132899577e-12,9.208804103760044e-13,0.0,0.0,0.0,0.0,0.0,6.363786564567244e-10
599.5,6.417e-10,697.379962196969,0.001756,0.0,0.0,0.0,0.0,9.522035391491273e-12,9.20338208721903e-13,0.0,0.0,0.0,0.0,0.0,6.312576263997868e-10
600.5,6.364e-10,698.4594254124747,0.001741,0.0,0.0,0.0,0.0,9.250634293224155e-12,9.19931278498441e-13,0.0,0.0,0.0,0.0,0.0,6.262294344282774e-10
601.5,6.311e-10,699.4753485780044,0.001727,0.0,0.0,0.0,0.0,8.997208512802837e-12,9.190305810825974e-13,0.0,0.0,0.0,0.0,0.0,6.211837609061145e-10
602.5,6.258e-10,700.5730175667013,0.001712,0.0,0.0,0.0,0.0,8.73639528514195e-12,9.186058960795701e-13,0.0,0.0,0.0,0.0,0.0,6.161449988187785e-10
603.5,6.206e-10,701.6062205563383,0.001698,0.0,0.0,0.0,0.0,8.494313577322367e-12,9.178284220442414e-13,0.0,0.0,0.0,0.0,0.0,6.111878580006334e-10
604.5,6.155e-10,702.6479776597689,0.001684,0.0,0.0,0.0,0.0,8.258305087469335e-12,9.17188056440462e-13,0.0,0.0,0.0,0.0,0.0,6.063245068560902e-10
605.5,6.103e-10,703.6984317030665,0.00167,0.0,0.0,0.0,0.0,8.025607749618823e-12,9.16387768266379e-13,0.0,0.0,0.0,0.0,0.0,6.013580044821147e-10
606.5,6.053e-10,704.7577291195416,0.001656,0.0,0.0,0.0,0.0,7.800115692455877e-12,9.1587792800077e-13,0.0,0.0,0.0,0.0,0.0,5.965840063795433e-10
607.5,6.002e-10,705.7494120594629,0.001643,0.0,0.0,0.0,0.0,7.588955276966294e-12,9.147009981372164e-13,0.0,0.0,0.0,0.0,0.0,5.916963437248963e-10
608.5,5.952e-10,706.8261919799064,0.001629,0.0,0.0,0.0,0.0,7.372160761786653e-12,9.14170976844474e-13,0.0,0.0,0.0,0.0,0.0,5.869136682613688e-10
609.5,5.903e-10,707.8343776770065,0.001616,0.0,0.0,0.0,0.0,7.171645290370201e-12,9.132740083098862e-13,0.0,0.0,0.0,0.0,0.0,5.822150807013199e-10
610.5,5.852e-10,708.929226846472,0.001602,0.0,0.0,0.0,0.0,6.962117349434386e-12,9.12569832092359e-13,0.0,0.0,0.0,0.0,0.0,5.773253128184733e-10
611.5,5.799e-10,709.9544738488142,0.001589,0.0,0.0,0.0,0.0,6.764848761490628e-12,9.110201382444038e-13,0.0,0.0,0.0,0.0,0.0,5.72224131100265e-10
612.5,5.747e-10,710.9881431957556,0.001576,0.0,0.0,0.0,0.0,6.572672791945684e-12,9.096063851276607e-13,0.0,0.0,0.0,0.0,0.0,5.672177208229267e-10
613.5,5.694e-10,712.0303744124219,0.001563,0.0,0.0,0.0,0.0,6.383234634246572e-12,9.080128253364796e-13,0.0,0.0,0.0,0.0,0.0,5.62108752540417e-10
614.5,5.643e-10,713.0813105199909,0.00155,0.0,0.0,0.0,0.0,6.199853432102525e-12,9.067175161749811e-13,0.0,0.0,0.0,0.0,0.0,5.571934290517225e-10
615.5,5.591e-10,714.1410981534762,0.001537,0.0,0.0,0.0,0.0,6.019122125433894e-12,9.052416941521548e-13,0.0,0.0,0.0,0.0,0.0,5.521756361804139e-10
616.5,5.539e-10,715.2098876845149,0.001524,0.0,0.0,0.0,0.0,5.8421179105914e-12,9.037444581292494e-13,0.0,0.0,0.0,0.0,0.0,5.471541376312793e-10
617.5,5.488e-10,716.2878333494128,0.001511,0.0,0.0,0.0,0.0,5.669830146293871e-12,9.023898567286404e-13,0.0,0.0,0.0,0.0,0.0,5.422277799969775e-10
618.5,5.438e-10,717.2911236384595,0.001499,0.0,0.0,0.0,0.0,5.511026492774068e-12,9.006379408995909e-13,0.0,0.0,0.0,0.0,0.0,5.373883355663264e-10
619.5,5.388e-10,718.3871255710809,0.001486,0.0,0.0,0.0,0.0,5.346671916671599e-12,8.99408428395762e-13,0.0,0.0,0.0,0.0,0.0,5.325539196549327e-10
620.5,5.342e-10,719.4073635153784,0.001474,0.0,0.0,0.0,0.0,5.198192486026001e-12,8.982836775830328e-13,0.0,0.0,0.0,0.0,0.0,5.281035238363909e-10
621.5,5.296e-10,720.4359413718876,0.001462,0.0,0.0,0.0,0.0,5.052632774726583e-12,8.97144008357054e-13,0.0,0.0,0.0,0.0,0.0,5.236502232169165e-10
622.5,5.251e-10,721.4729966140042,0.00145,0.0,0.0,0.0,0.0,4.9108951958936675e-12,8.961598507033822e-13,0.0,0.0,0.0,0.0,0.0,5.19292944953403e-10
623.5,5.206e-10,722.4311980103113,0.001439,0.0,0.0,0.0,0.0,4.780001328268719e-12,8.946020402951766e-13,0.0,0.0,0.0,0.0,0.0,5.149253966314361e-10
624.5,5.162e-10,723.4848984353606,0.001427,0.0,0.0,0.0,0.0,4.644603519019313e-12,8.937613916391051e-13,0.0,0.0,0.0,0.0,0.0,5.106616350893416e-10
625.5,5.117e-10,724.5474972099954,0.001415,0.0,0.0,0.0,0.0,4.511042521524478e-12,8.927356521166663e-13,0.0,0.0,0.0,0.0,0.0,5.062962218263589e-10
626.5,5.073e-10,725.6191459057059,0.001403,0.0,0.0,0.0,0.0,4.381068186472605e-12,8.918722687568911e-13,0.0,0.0,0.0,0.0,0.0,5.020270595447705e-10
627.5,5.029e-10,726.7,0.001391,0.0,0.0,0.0,0.0,4.2537495260743875e-12,8.90997955392653e-13,0.0,0.0,0.0,0.0,0.0,4.977552525185329e-10
628.5,4.986e-10,727.5679706926253,0.00138,0.0,0.0,0.0,0.0,4.120255232102498e-12,8.896823730336224e-13,0.0,0.0,0.0,0.0,0.0,4.93590062394864e-10
629.5,4.942e-10,728.4428877505702,0.001369,0.0,0.0,0.0,0.0,3.989083710704974e-12,8.881693411751251e-13,0.0,0.0,0.0,0.0,0.0,4.8932274694812e-10
630.5,4.899e-10,729.4053967979632,0.001357,0.0,0.0,0.0,0.0,3.853477289999437e-12,8.874009602917328e-13,0.0,0.0,0.0,0.0,0.0,4.851591217497088e-10
631.5,4.857e-10,730.2952034694137,0.001346,0.0,0.0,0.0,0.0,3.730217963425261e-12,8.862160361824165e-13,0.0,0.0,0.0,0.0,0.0,4.810835660003924e-10
632.5,4.815e-10,731.1923118811011,0.001335,0.0,0.0,0.0,0.0,3.6099067390580933e-12,8.850152968644158e-13,0.0,0.0,0.0,0.0,0.0,4.770050779640775e-10
633.5,4.773e-10,732.0968428611653,0.001324,0.0,0.0,0.0,0.0,3.4924978021358614e-12,8.837985198956017e-13,0.0,0.0,0.0,0.0,0.0,4.729237036779685e-10
634.5,4.731e-10,732.9256889828741,0.001314,0.0,0.0,0.0,0.0,3.3855103104910824e-12,8.81966452817092e-13,0.0,0.0,0.0,0.0,0.0,4.688325232366919e-10
635.5,4.689e-10,733.8447368697404,0.001303,0.0,0.0,0.0,0.0,3.2735826079576594e-12,8.807130602339316e-13,0.0,0.0,0.0,0.0,0.0,4.6474570433180843e-10
636.5,4.648e-10,734.7715763923292,0.001292,0.0,0.0,0.0,0.0,3.165105471078282e-12,8.796321087062919e-13,0.0,0.0,0.0,0.0,0.0,4.607552624202154e-10
637.5,4.607e-10,735.6210311694696,0.001282,0.0,0.0,0.0,0.0,3.0663455194576665e-12,8.779268523752386e-13,0.0,0.0,0.0,0.0,0.0,4.567557276281671e-10
638.5,4.566e-10,736.4771379703003,0.001272,0.0,0.0,0.0,0.0,2.969889867042312e-12,8.761998051027189e-13,0.0,0.0,0.0,0.0,0.0,4.5275391032785496e-10
639.5,4.526e-10,737.4266639375206,0.001261,0.0,0.0,0.0,0.0,2.8696418717591263e-12,8.752607129632348e-13,0.0,0.0,0.0,0.0,0.0,4.4885509741527765e-10
640.5,4.485e-10,738.2970847759299,0.001251,0.0,0.0,0.0,0.0,2.7778366073264896e-12,8.7349371189774e-13,0.0,0.0,0.0,0.0,0.0,4.448486696807758e-10
641.5,4.446e-10,739.1744914100494,0.001241,0.0,0.0,0.0,0.0,2.6894387000285454e-12,8.72096162701606e-13,0.0,0.0,0.0,0.0,0.0,4.410384651372698e-10
642.5,4.406e-10,740.0589968804803,0.001231,0.0,0.0,0.0,0.0,2.6025563820760807e-12,8.704834531277614e-13,0.0,0.0,0.0,0.0,0.0,4.371269601647962e-10
643.5,4.367e-10,740.9507169939668,0.001221,0.0,0.0,0.0,0.0,2.5183522337871963e-12,8.690489999082936e-13,0.0,0.0,0.0,0.0,0.0,4.3331259876630455e-10
644.5,4.328e-10,741.8497704143912,0.001211,0.0,0.0,0.0,0.0,2.4361887682329926e-12,8.675963580199619e-13,0.0,0.0,0.0,0.0,0.0,4.29496214873747e-10
645.5,4.289e-10,742.7562787575408,0.001201,0.0,0.0,0.0,0.0,2.3560336309601054e-12,8.661252263545513e-13,0.0,0.0,0.0,0.0,0.0,4.2567784114268536e-10
646.5,4.251e-10,743.670366689836,0.001191,0.0,0.0,0.0,0.0,2.278390655138292e-12,8.648387379839026e-13,0.0,0.0,0.0,0.0,0.0,4.219567706068778e-10
647.5,4.213e-10,744.5921620312217,0.001181,0.0,0.0,0.0,0.0,2.202665685704335e-12,8.635361806460433e-13,0.0,0.0,0.0,0.0,0.0,4.1823379813364963e-10
648.5,4.175e-10,745.4284759423044,0.001172,0.0,0.0,0.0,0.0,2.1341849522938887e-12,8.615657466691772e-13,0.0,0.0,0.0,0.0,0.0,4.145042493010369e-10
649.5,4.137e-10,746.3652792735007,0.001162,0.0,0.0,0.0,0.0,2.0620672428209826e-12,8.602259659200441e-13,0.0,0.0,0.0,0.0,0.0,4.107777067912589e-10
650.5,4.1e-10,747.215321152729,0.001153,0.0,0.0,0.0,0.0,1.9973608721750485e-12,8.584194519669186e-13,0.0,0.0,0.0,0.0,0.0,4.071442196758581e-10
651.5,4.063e-10,748.0720242900402,0.001144,0.0,0.0,0.0,0.0,1.9341750738545008e-12,8.565908536087314e-13,0.0,0.0,0.0,0.0,0.0,4.0350923407253676e-10
652.5,4.026e-10,748.9354939109728,0.001135,0.0,0.0,0.0,0.0,1.8724864158530822e-12,8.547397786532579e-13,0.0,0.0,0.0,0.0,0.0,3.9987277380549365e-10
653.5,3.989e-10,749.8058377542441,0.001126,0.0,0.0,0.0,0.0,1.8122716261503827e-12,8.528658231636158e-13,0.0,0.0,0.0,0.0,0.0,3.9623486255068594e-10
654.5,3.953e-10,750.7810831135549,0.001116,0.0,0.0,0.0,0.0,1.7493286406796661e-12,8.518577353028915e-13,0.0,0.0,0.0,0.0,0.0,3.9269881362401746e-10
655.5,3.917e-10,751.6663047905704,0.001107,0.0,0.0,0.0,0.0,1.6925284207587469e-12,8.501590442884698e-13,0.0,0.0,0.0,0.0,0.0,3.891573125349528e-10
656.5,3.881e-10,752.558752846925,0.001098,0.0,0.0,0.0,0.0,1.6371109880767204e-12,8.484393954590881e-13,0.0,0.0,0.0,0.0,0.0,3.856144496164642e-10
657.5,3.845e-10,753.3582026967774,0.00109,0.0,0.0,0.0,0.0,1.587342682378616e-12,8.460127980408912e-13,0.0,0.0,0.0,0.0,0.0,3.820666445195805e-10
658.5,3.81e-10,754.2646275282983,0.001081,0.0,0.0,0.0,0.0,1.5349196691789904e-12,8.444676906390863e-13,0.0,0.0,0.0,0.0,0.0,3.786206126401819e-10
659.5,3.775e-10,755.1786305466519,0.001072,0.0,0.0,0.0,0.0,1.4837956994892224e-12,8.42903668669857e-13,0.0,0.0,0.0,0.0,0.0,3.751733006318409e-10
660.5,3.74e-10,755.9975428386094,0.001064,0.0,0.0,0.0,0.0,1.4379304194987424e-12,8.406231819060718e-13,0.0,0.0,0.0,0.0,0.0,3.7172144639859523e-10
661.5,3.706e-10,756.926211488586,0.001055,0.0,0.0,0.0,0.0,1.3896144620521792e-12,8.392423699913177e-13,0.0,0.0,0.0,0.0,0.0,3.683711431679565e-10
662.5,3.671e-10,757.7583698721984,0.001047,0.0,0.0,0.0,0.0,1.3459391589688962e-12,8.36911812601545e-13,0.0,0.0,0.0,0.0,0.0,3.6491714902842957e-10
663.5,3.637e-10,758.5969111245525,0.001039,0.0,0.0,0.0,0.0,1.3036495289893767e-12,8.347826774153794e-13,0.0,0.0,0.0,0.0,0.0,3.615615677935952e-10
664.5,3.604e-10,759.5480225059624,0.00103,0.0,0.0,0.0,0.0,1.259096633790419e-12,8.335711744166698e-13,0.0,0.0,0.0,0.0,0.0,3.583073321917929e-10
665.5,3.57e-10,760.4004578563296,0.001022,0.0,0.0,0.0,0.0,1.2188616648118055e-12,8.313956493533562e-13,0.0,0.0,0.0,0.0,0.0,3.549497426858348e-10
666.5,3.537e-10,761.2595921779362,0.001014,0.0,0.0,0.0,0.0,1.179923489267836e-12,8.294282152060746e-13,0.0,0.0,0.0,0.0,0.0,3.5169064829552606e-10
667.5,3.504e-10,762.0756662612267,0.001006,0.0,0.0,0.0,0.0,1.140082462900451e-12,8.27362991205903e-13,0.0,0.0,0.0,0.0,0.0,3.484325545458937e-10
668.5,3.471e-10,762.8055388334842,0.0009981,0.0,0.0,0.0,0.0,1.0986905378465727e-12,8.250790777368978e-13,0.0,0.0,0.0,0.0,0.0,3.451762303844166e-10
669.5,3.439e-10,763.5412113894123,0.0009902,0.0,0.0,0.0,0.0,1.0587793782606875e-12,8.230081160130698e-13,0.0,0.0,0.0,0.0,0.0,3.4201821250572623e-10
670.5,3.406e-10,764.2827768478456,0.0009823,0.0,0.0,0.0,0.0,1.0197010699283826e-12,8.206726374217232e-13,0.0,0.0,0.0,0.0,0.0,3.387596262926499e-10
671.5,3.375e-10,765.020829855093,0.0009745,0.0,0.0,0.0,0.0,9.826829195498472e-13,8.18723783040587e-13,0.0,0.0,0.0,0.0,0.0,3.3569859329740963e-10
672.5,3.343e-10,765.745662719751,0.0009669,0.0,0.0,0.0,0.0,9.471154834222491e-13,8.163655898733785e-13,0.0,0.0,0.0,0.0,0.0,3.325365189267044e-10
673.5,3.311e-10,766.4762154335633,0.0009593,0.0,0.0,0.0,0.0,9.125527898223974e-13,8.139804310223411e-13,0.0,0.0,0.0,0.0,0.0,3.293734667791553e-10
674.5,3.28e-10,767.2028518701763,0.0009518,0.0,0.0,0.0,0.0,8.795653684557312e-13,8.117430234441045e-13,0.0,0.0,0.0,0.0,0.0,3.2630869160810016e-10
675.5,3.249e-10,767.9352367693142,0.0009443,0.0,0.0,0.0,0.0,8.475090366671621e-13,8.09480325104262e-13,0.0,0.0,0.0,0.0,0.0,3.232430106382285e-10
676.5,3.218e-10,768.6635799873883,0.0009369,0.0,0.0,0.0,0.0,8.166694834263655e-13,8.07118894687594e-13,0.0,0.0,0.0,0.0,0.0,3.2017621162188606e-10
677.5,3.188e-10,769.3777810299281,0.0009297,0.0,0.0,0.0,0.0,7.875445554207826e-13,8.048363989564339e-13,0.0,0.0,0.0,0.0,0.0,3.1720761904562277e-10
678.5,3.157e-10,770.0975347116103,0.0009225,0.0,0.0,0.0,0.0,7.589900958556771e-13,8.022743857260465e-13,0.0,0.0,0.0,0.0,0.0,3.1413873551841825e-10
679.5,3.127e-10,770.822928048673,0.0009153,0.0,0.0,0.0,0.0,7.314773168048585e-13,7.999389575350308e-13,0.0,0.0,0.0,0.0,0.0,3.1116858372566015e-10
680.5,3.098e-10,771.5438560044583,0.0009082,0.0,0.0,0.0,0.0,7.052421003142764e-13,7.977603828929003e-13,0.0,0.0,0.0,0.0,0.0,3.0829699751679283e-10
681.5,3.068e-10,772.2601688042918,0.0009012,0.0,0.0,0.0,0.0,6.797839027544361e-13,7.952238492960236e-13,0.0,0.0,0.0,0.0,0.0,3.053249922479496e-10
682.5,3.039e-10,772.9820672565891,0.0008942,0.0,0.0,0.0,0.0,6.552584166521285e-13,7.929195725946703e-13,0.0,0.0,0.0,0.0,0.0,3.0245182201075325e-10
683.5,3.01e-10,773.6887718409489,0.0008874,0.0,0.0,0.0,0.0,6.319214999323915e-13,7.904389296149588e-13,0.0,0.0,0.0,0.0,0.0,2.9957763957045265e-10
684.5,2.981e-10,774.4114263071533,0.0008805,0.0,0.0,0.0,0.0,6.08991382331663e-13,7.880063904630828e-13,0.0,0.0,0.0,0.0,0.0,2.9670300222720525e-10
685.5,2.953e-10,775.1291694835222,0.0008737,0.0,0.0,0.0,0.0,5.871444590579392e-13,7.857365703489011e-13,0.0,0.0,0.0,0.0,0.0,2.939271189705932e-10
686.5,2.924e-10,775.8418421609286,0.000867,0.0,0.0,0.0,0.0,5.659443028095874e-13,7.830975473406755e-13,0.0,0.0,0.0,0.0,0.0,2.9105095814984976e-10
687.5,2.897e-10,776.549283158757,0.0008604,0.0,0.0,0.0,0.0,5.459397953709453e-13,7.808912870997324e-13,0.0,0.0,0.0,0.0,0.0,2.8837316891752934e-10
688.5,2.869e-10,777.2513293760887,0.0008539,0.0,0.0,0.0,0.0,5.265196360340122e-13,7.783128686702103e-13,0.0,0.0,0.0,0.0,0.0,2.855951674952958e-10
689.5,2.841e-10,777.9587401318934,0.0008474,0.0,0.0,0.0,0.0,5.076383694906927e-13,7.757059392277886e-13,0.0,0.0,0.0,0.0,0.0,2.8281665569128146e-10
690.5,2.814e-10,778.6715980418506,0.0008409,0.0,0.0,0.0,0.0,4.89459254337439e-13,7.73344788195037e-13,0.0,0.0,0.0,0.0,0.0,2.801371959574675e-10
691.5,2.787e-10,779.3678000232487,0.0008346,0.0,0.0,0.0,0.0,4.721839721193117e-13,7.708017364063548e-13,0.0,0.0,0.0,0.0,0.0,2.774570142914743e-10
692.5,2.76e-10,780.0692772638868,0.0008283,0.0,0.0,0.0,0.0,4.553843428527566e-13,7.682308926353698e-13,0.0,0.0,0.0,0.0,0.0,2.7477638476451185e-10
693.5,2.734e-10,780.7761103178793,0.000822,0.0,0.0,0.0,0.0,4.3921165932714656e-13,7.659118845764475e-13,0.0,0.0,0.0,0.0,0.0,2.721948764560964e-10
694.5,2.708e-10,781.4770327968072,0.0008158,0.0,0.0,0.0,0.0,4.236690642172598e-13,7.63488739732406e-13,0.0,0.0,0.0,0.0,0.0,2.696128421960503e-10
695.5,2.682e-10,782.1833025888442,0.0008096,0.0,0.0,0.0,0.0,4.085557863655615e-13,7.61039249850398e-13,0.0,0.0,0.0,0.0,0.0,2.67030404963784e-10
696.5,2.656e-10,782.871958263637,0.0008036,0.0,0.0,0.0,0.0,3.94206333151026e-13,7.58403741575773e-13,0.0,0.0,0.0,0.0,0.0,2.644473899252732e-10
697.5,2.63e-10,783.5657750333389,0.0007976,0.0,0.0,0.0,0.0,3.8024985167470125e-13,7.557396078527471e-13,0.0,0.0,0.0,0.0,0.0,2.6186401054047256e-10
698.5,2.605e-10,784.2648308415884,0.0007916,0.0,0.0,0.0,0.0,3.668194677829313e-13,7.53335504092041e-13,0.0,0.0,0.0,0.0,0.0,2.59379845028125e-10
699.5,2.58e-10,784.9574218114323,0.0007857,0.0,0.0,0.0,0.0,3.539168903061923e-13,7.508248744410248e-13,0.0,0.0,0.0,0.0,0.0,2.5689525823525275e-10
700.5,2.556e-10,785.643362016113,0.0007799,0.0,0.0,0.0,0.0,3.416551978061623e-13,7.484991083899032e-13,0.0,0.0,0.0,0.0,0.0,2.545098456938039e-10
701.5,2.531e-10,786.3344225425407,0.0007741,0.0,0.0,0.0,0.0,3.295948919743339e-13,7.458540815080816e-13,0.0,0.0,0.0,0.0,0.0,2.5202455102651757e-10
702.5,2.506e-10,787.0186314924289,0.0007684,0.0,0.0,0.0,0.0,3.1801128271222743e-13,7.430988177532665e-13,0.0,0.0,0.0,0.0,0.0,2.495388898995345e-10
703.5,2.482e-10,787.7079348540677,0.0007627,0.0,0.0,0.0,0.0,3.068685342399808e-13,7.406120392854872e-13,0.0,0.0,0.0,0.0,0.0,2.471525194264745e-10
704.5,2.458e-10,788.4024090597862,0.000757,0.0,0.0,0.0,0.0,2.960303993708187e-13,7.380985737968184e-13,0.0,0.0,0.0,0.0,0.0,2.4476587102683237e-10
705.5,2.434e-10,789.0898107402915,0.0007514,0.0,0.0,0.0,0.0,2.856238767467765e-13,7.354755045142807e-13,0.0,0.0,0.0,0.0,0.0,2.4237890061873896e-10
706.5,2.411e-10,789.7575315397238,0.000746,0.0,0.0,0.0,0.0,2.7587556816188074e-13,7.329627184444898e-13,0.0,0.0,0.0,0.0,0.0,2.400911617133937e-10
707.5,2.387e-10,790.4426045353259,0.0007405,0.0,0.0,0.0,0.0,2.661493434213299e-13,7.302007579625131e-13,0.0,0.0,0.0,0.0,0.0,2.377036498986162e-10
708.5,2.364e-10,791.1201900965116,0.0007351,0.0,0.0,0.0,0.0,2.5692118234224147e-13,7.276333266790581e-13,0.0,0.0,0.0,0.0,0.0,2.354154454909787e-10
709.5,2.341e-10,791.770143804017,0.0007297,0.0,0.0,0.0,0.0,2.4758660739080557e-13,7.249641439508015e-13,0.0,0.0,0.0,0.0,0.0,2.331274492486584e-10
710.5,2.319e-10,792.3364218390691,0.0007244,0.0,0.0,0.0,0.0,2.3794333069349546e-13,7.223225034674558e-13,0.0,0.0,0.0,0.0,0.0,2.3093973416583906e-10
711.5,2.297e-10,792.8960564252591,0.0007192,0.0,0.0,0.0,0.0,2.2873609203154784e-13,7.195760825273252e-13,0.0,0.0,0.0,0.0,0.0,2.287516878254411e-10
712.5,2.275e-10,793.4597520291659,0.000714,0.0,0.0,0.0,0.0,2.198169872266825e-13,7.168033916274503e-13,0.0,0.0,0.0,0.0,0.0,2.2656337962114588e-10
713.5,2.253e-10,794.0275680198425,0.0007088,0.0,0.0,0.0,0.0,2.1117915513099327e-13,7.140039791134813e-13,0.0,0.0,0.0,0.0,0.0,2.243748168657555e-10
714.5,2.232e-10,794.5885253209071,0.0007037,0.0,0.0,0.0,0.0,2.0302660910869518e-13,7.114158834651046e-13,0.0,0.0,0.0,0.0,0.0,2.2228555750742617e-10
715.5,2.211e-10,795.153562929141,0.0006986,0.0,0.0,0.0,0.0,1.9512873842360229e-13,7.088033180573225e-13,0.0,0.0,0.0,0.0,0.0,2.2019606794351908e-10
716.5,2.189e-10,795.71154011243,0.0006936,0.0,0.0,0.0,0.0,1.875061898224034e-13,7.057626479689623e-13,0.0,0.0,0.0,0.0,0.0,2.1800673116220863e-10
717.5,2.168e-10,796.2622739860149,0.0006887,0.0,0.0,0.0,0.0,1.80316048566468e-13,7.029356746869748e-13,0.0,0.0,0.0,0.0,0.0,2.1591674827674656e-10
718.5,2.147e-10,796.8283013334667,0.0006837,0.0,0.0,0.0,0.0,1.7324341302388432e-13,7.001631150632094e-13,0.0,0.0,0.0,0.0,0.0,2.1382659347191292e-10
719.5,2.127e-10,797.3755955354275,0.0006789,0.0,0.0,0.0,0.0,1.6667736750973655e-13,6.975287301923759e-13,0.0,0.0,0.0,0.0,0.0,2.1183579390229788e-10
720.5,2.107e-10,797.9382975633308,0.000674,0.0,0.0,0.0,0.0,1.602137577068486e-13,6.949516025929842e-13,0.0,0.0,0.0,0.0,0.0,2.0984483463970013e-10
721.5,2.087e-10,798.4818892589346,0.0006693,0.0,0.0,0.0,0.0,1.5414432148649008e-13,6.921860001356469e-13,0.0,0.0,0.0,0.0,0.0,2.0785366967837783e-10
722.5,2.067e-10,799.0293116795427,0.0006646,0.0,0.0,0.0,0.0,1.482606990654604e-13,6.89394544800068e-13,0.0,0.0,0.0,0.0,0.0,2.0586234475613447e-10
723.5,2.047e-10,799.5806191992816,0.0006599,0.0,0.0,0.0,0.0,1.4255856266789056e-13,6.865767952147397e-13,0.0,0.0,0.0,0.0,0.0,2.0387086464211735e-10
724.5,2.028e-10,800.1358673582546,0.0006552,0.0,0.0,0.0,0.0,1.3710125734079567e-13,6.840696108933694e-13,0.0,0.0,0.0,0.0,0.0,2.019788291317658e-10
725.5,2.009e-10,800.6712330159846,0.0006507,0.0,0.0,0.0,0.0,1.319815284557614e-13,6.813730242354652e-13,0.0,0.0,0.0,0.0,0.0,2.0008664544730875e-10
726.5,1.99e-10,801.2223361101902,0.0006461,0.0,0.0,0.0,0.0,1.2693460690438754e-13,6.787349027144679e-13,0.0,0.0,0.0,0.0,0.0,1.9819433049038117e-10
727.5,1.972e-10,801.7652685410402,0.0006416,0.0,0.0,0.0,0.0,1.2218480782740537e-13,6.763315323515813e-13,0.0,0.0,0.0,0.0,0.0,1.9640148365982103e-10
728.5,1.953e-10,802.2998303903704,0.0006372,0.0,0.0,0.0,0.0,1.175953435785832e-13,6.73477719680583e-13,0.0,0.0,0.0,0.0,0.0,1.945089269367408e-10
729.5,1.935e-10,802.8503730878658,0.0006327,0.0,0.0,0.0,0.0,1.131292200032431e-13,6.710281704766519e-13,0.0,0.0,0.0,0.0,0.0,1.9271584260952008e-10
730.5,1.917e-10,803.3801180204038,0.0006284,0.0,0.0,0.0,0.0,1.0894440815281061e-13,6.68387481482329e-13,0.0,0.0,0.0,0.0,0.0,1.9092266811036485e-10
731.5,1.899e-10,803.9259482726011,0.000624,0.0,0.0,0.0,0.0,1.0481483025786403e-13,6.658073168083691e-13,0.0,0.0,0.0,0.0,0.0,1.891293778529338e-10
732.5,1.881e-10,804.4505703787662,0.0006198,0.0,0.0,0.0,0.0,1.0094716911898012e-13,6.630337468762132e-13,0.0,0.0,0.0,0.0,0.0,1.8733601908400477e-10
733.5,1.864e-10,804.9913794483847,0.0006155,0.0,0.0,0.0,0.0,9.718123318579045e-14,6.606743248986263e-13,0.0,0.0,0.0,0.0,0.0,1.856421444419156e-10
734.5,1.846e-10,805.523271398874,0.0006113,0.0,0.0,0.0,0.0,9.354193594835901e-14,6.578519804877896e-13,0.0,0.0,0.0,0.0,0.0,1.8384860608356385e-10
735.5,1.83e-10,806.0588303943873,0.0006071,0.0,0.0,0.0,0.0,9.011113365001698e-14,6.557201922838987e-13,0.0,0.0,0.0,0.0,0.0,1.8225416867406606e-10
736.5,1.814e-10,806.5852238189643,0.000603,0.0,0.0,0.0,0.0,8.684206857573517e-14,6.534839645776349e-13,0.0,0.0,0.0,0.0,0.0,1.8065967396684663e-10
737.5,1.798e-10,807.1152086067616,0.0005989,0.0,0.0,0.0,0.0,8.366896463815248e-14,6.512282175260291e-13,0.0,0.0,0.0,0.0,0.0,1.7906510281783578e-10
738.5,1.782e-10,807.6488340993616,0.0005948,0.0,0.0,0.0,0.0,8.058967563810037e-14,6.489526301441015e-13,0.0,0.0,0.0,0.0,0.0,1.774704576942178e-10
739.5,1.767e-10,808.1861506622372,0.0005907,0.0,0.0,0.0,0.0,7.764603046408636e-14,6.470230438051932e-13,0.0,0.0,0.0,0.0,0.0,1.7597533092573073e-10
740.5,1.752e-10,808.7139682149989,0.0005867,0.0,0.0,0.0,0.0,7.484251942030984e-14,6.449899746337302e-13,0.0,0.0,0.0,0.0,0.0,1.7448016750594595e-10
741.5,1.737e-10,809.2320665406905,0.0005828,0.0,0.0,0.0,0.0,7.217244614492615e-14,6.428522177587485e-13,0.0,0.0,0.0,0.0,0.0,1.7298497533609635e-10
742.5,1.722e-10,809.7536435589906,0.0005789,0.0,0.0,0.0,0.0,6.957945446320568e-14,6.406961994486507e-13,0.0,0.0,0.0,0.0,0.0,1.7148972434608814e-10
743.5,1.707e-10,810.2787463001621,0.000575,0.0,0.0,0.0,0.0,6.706184868535906e-14,6.385216238252416e-13,0.0,0.0,0.0,0.0,0.0,1.699944165274894e-10
744.5,1.693e-10,810.8074227547028,0.0005711,0.0,0.0,0.0,0.0,6.46561489061099e-14,6.367042682559719e-13,0.0,0.0,0.0,0.0,0.0,1.6859863958283794e-10
745.5,1.678e-10,811.3260275409751,0.0005673,0.0,0.0,0.0,0.0,6.232892666372278e-14,6.344052161153996e-13,0.0,0.0,0.0,0.0,0.0,1.671032658572209e-10
746.5,1.664e-10,811.8481178471886,0.0005635,0.0,0.0,0.0,0.0,6.010555835473684e-14,6.324662304386762e-13,0.0,0.0,0.0,0.0,0.0,1.657074282112066e-10
747.5,1.65e-10,812.3737408425967,0.0005597,0.0,0.0,0.0,0.0,5.794641728184811e-14,6.305109741757777e-13,0.0,0.0,0.0,0.0,0.0,1.6431154260854238e-10
748.5,1.636e-10,812.8889719561644,0.000556,0.0,0.0,0.0,0.0,5.5891875501197676e-14,6.284497632756209e-13,0.0,0.0,0.0,0.0,0.0,1.629156583612232e-10
749.5,1.622e-10,813.4076432379859,0.0005523,0.0,0.0,0.0,0.0,5.38962861322755e-14,6.263711304803631e-13,0.0,0.0,0.0,0.0,0.0,1.6151973258338735e-10
750.5,1.608e-10,813.9298009366411,0.0005486,0.0,0.0,0.0,0.0,5.1958359880330614e-14,6.24274794392255e-13,0.0,0.0,0.0,0.0,0.0,1.6012376684572742e-10
751.5,1.595e-10,814.4412374915682,0.000545,0.0,0.0,0.0,0.0,5.014649203835662e-14,6.224604422653974e-13,0.0,0.0,0.0,0.0,0.0,1.5882739306569623e-10
752.5,1.582e-10,814.9704131051376,0.0005413,0.0,0.0,0.0,0.0,4.8348642983265094e-14,6.207220018184469e-13,0.0,0.0,0.0,0.0,0.0,1.5753092935519832e-10
753.5,1.569e-10,815.4743243766402,0.0005378,0.0,0.0,0.0,0.0,4.667516730508651e-14,6.187872418533026e-13,0.0,0.0,0.0,0.0,0.0,1.562345375908416e-10
754.5,1.556e-10,815.9960660731931,0.0005342,0.0,0.0,0.0,0.0,4.5013522118384046e-14,6.169279223742665e-13,0.0,0.0,0.0,0.0,0.0,1.5493805855550734e-10
755.5,1.543e-10,816.5066968406559,0.0005307,0.0,0.0,0.0,0.0,4.343381324555227e-14,6.149615011559006e-13,0.0,0.0,0.0,0.0,0.0,1.5364160468559854e-10
756.5,1.531e-10,816.981678000003,0.0005272,0.0,0.0,0.0,0.0,4.181321697594463e-14,6.132919828642042e-13,0.0,0.0,0.0,0.0,0.0,1.5244489480015981e-10
757.5,1.518e-10,817.4076115373172,0.0005237,0.0,0.0,0.0,0.0,4.007088573714011e-14,6.110908059723942e-13,0.0,0.0,0.0,0.0,0.0,1.5114883830829048e-10
758.5,1.506e-10,817.8241101247031,0.0005203,0.0,0.0,0.0,0.0,3.8452818183971205e-14,6.091906322361119e-13,0.0,0.0,0.0,0.0,0.0,1.4995235654957994e-10
759.5,1.494e-10,818.2433393432281,0.0005169,0.0,0.0,0.0,0.0,3.688968137353715e-14,6.07276776890432e-13,0.0,0.0,0.0,0.0,0.0,1.4875583354173602e-10
760.5,1.482e-10,818.6653352342211,0.0005135,0.0,0.0,0.0,0.0,3.537996804636001e-14,6.053490397856004e-13,0.0,0.0,0.0,0.0,0.0,1.4755927099216803e-10
761.5,1.47e-10,819.0901345573126,0.0005101,0.0,0.0,0.0,0.0,3.392220234974247e-14,6.034072161112643e-13,0.0,0.0,0.0,0.0,0.0,1.4636267058153902e-10
762.5,1.458e-10,819.5051562487706,0.0005068,0.0,0.0,0.0,0.0,3.254774307030597e-14,6.013632619601893e-13,0.0,0.0,0.0,0.0,0.0,1.451660889949695e-10
763.5,1.446e-10,819.9228891770723,0.0005035,0.0,0.0,0.0,0.0,3.1220083068993405e-14,5.993042331256542e-13,0.0,0.0,0.0,0.0,0.0,1.4396947568380535e-10
764.5,1.434e-10,820.3433689989986,0.0005002,0.0,0.0,0.0,0.0,2.9937934835794377e-14,5.972299048726351e-13,0.0,0.0,0.0,0.0,0.0,1.4277283216029157e-10
765.5,1.423e-10,820.7537646767883,0.000497,0.0,0.0,0.0,0.0,2.874976846085295e-14,5.954698999960593e-13,0.0,0.0,0.0,0.0,0.0,1.4167578033154308e-10
766.5,1.412e-10,821.1668112937627,0.0004938,0.0,0.0,0.0,0.0,2.760125131262673e-14,5.936976297485791e-13,0.0,0.0,0.0,0.0,0.0,1.405787011189388e-10
767.5,1.401e-10,821.5825433200337,0.0004906,0.0,0.0,0.0,0.0,2.6491313781022407e-14,5.919129178691473e-13,0.0,0.0,0.0,0.0,0.0,1.3948159576834984e-10
768.5,1.39e-10,822.000995902436,0.0004874,0.0,0.0,0.0,0.0,2.5418908177802194e-14,5.901155840952076e-13,0.0,0.0,0.0,0.0,0.0,1.38384465507727e-10
769.5,1.379e-10,822.4090000176652,0.0004843,0.0,0.0,0.0,0.0,2.4408753267185773e-14,5.882155792886985e-13,0.0,0.0,0.0,0.0,0.0,1.3728737566744412e-10
770.5,1.368e-10,822.8196241669125,0.0004812,0.0,0.0,0.0,0.0,2.343233723064592e-14,5.863019883453932e-13,0.0,0.0,0.0,0.0,0.0,1.3619026567442397e-10
771.5,1.358e-10,823.23290221733,0.0004781,0.0,0.0,0.0,0.0,2.250532182158617e-14,5.848052496784845e-13,0.0,0.0,0.0,0.0,0.0,1.3519268942849995e-10
772.5,1.347e-10,823.6488686970052,0.000475,0.0,0.0,0.0,0.0,2.1593128389554284e-14,5.828659627464083e-13,0.0,0.0,0.0,0.0,0.0,1.3409554090886404e-10
773.5,1.336e-10,824.0540098012984,0.000472,0.0,0.0,0.0,0.0,2.0734451796062755e-14,5.808214766730685e-13,0.0,0.0,0.0,0.0,0.0,1.3299844407153087e-10
774.5,1.326e-10,824.4617341819413,0.000469,0.0,0.0,0.0,0.0,1.991947904815379e-14,5.791988687592757e-13,0.0,0.0,0.0,0.0,0.0,1.3200088165219256e-10
775.5,1.316e-10,824.8720749936219,0.000466,0.0,0.0,0.0,0.0,1.9131444765718517e-14,5.775652721722174e-13,0.0,0.0,0.0,0.0,0.0,1.3100330328306205e-10
776.5,1.306e-10,825.2850660334316,0.000463,0.0,0.0,0.0,0.0,1.8369628933435635e-14,5.759205308503165e-13,0.0,0.0,0.0,0.0,0.0,1.3000570984021623e-10
777.5,1.297e-10,825.7007417575691,0.00046,0.0,0.0,0.0,0.0,1.764693212584737e-14,5.747075905678806e-13,0.0,0.0,0.0,0.0,0.0,1.2910764547730626e-10
778.5,1.287e-10,826.1051465848159,0.0004571,0.0,0.0,0.0,0.0,1.6953950949804224e-14,5.729495306956949e-13,0.0,0.0,0.0,0.0,0.0,1.281100965183545e-10
779.5,1.277e-10,826.5262053299849,0.0004541,0.0,0.0,0.0,0.0,1.6265530937961245e-14,5.712722225178504e-13,0.0,0.0,0.0,0.0,0.0,1.271124622465442e-10
780.5,1.268e-10,826.9358813484357,0.0004512,0.0,0.0,0.0,0.0,1.5630632914421316e-14,5.699392792801203e-13,0.0,0.0,0.0,0.0,0.0,1.2621443008780544e-10
781.5,1.258e-10,827.3339367906847,0.0004484,0.0,0.0,0.0,0.0,1.5021772246489518e-14,5.680527328449538e-13,0.0,0.0,0.0,0.0,0.0,1.2521692549490856e-10
782.5,1.249e-10,827.7488374865871,0.0004455,0.0,0.0,0.0,0.0,1.442784212967946e-14,5.667005177742492e-13,0.0,0.0,0.0,0.0,0.0,1.2431887164009608e-10
783.5,1.24e-10,828.1520019830083,0.0004427,0.0,0.0,0.0,0.0,1.386967605198965e-14,5.652453426071334e-13,0.0,0.0,0.0,0.0,0.0,1.2342088498134089e-10
784.5,1.23e-10,828.5577245309598,0.0004399,0.0,0.0,0.0,0.0,1.3318844411435074e-14,5.633227669840862e-13,0.0,0.0,0.0,0.0,0.0,1.2242335838860448e-10
785.5,1.222e-10,828.9660377991618,0.0004371,0.0,0.0,0.0,0.0,1.2807354185470649e-14,5.623066186371327e-13,0.0,0.0,0.0,0.0,0.0,1.2162488602717739e-10
786.5,1.213e-10,829.3622531896991,0.0004344,0.0,0.0,0.0,0.0,1.2316736290791264e-14,5.607273828342893e-13,0.0,0.0,0.0,0.0,0.0,1.207269558808749e-10
787.5,1.204e-10,829.7757529210146,0.0004316,0.0,0.0,0.0,0.0,1.1827906786998793e-14,5.59233398031256e-13,0.0,0.0,0.0,0.0,0.0,1.1982893869518172e-10
788.5,1.195e-10,830.1770332711355,0.0004289,0.0,0.0,0.0,0.0,1.1368939287147406e-14,5.576333516677133e-13,0.0,0.0,0.0,0.0,0.0,1.1893099770904513e-10
789.5,1.187e-10,830.5808477438718,0.0004262,0.0,0.0,0.0,0.0,1.0934157975229572e-14,5.564913391113256e-13,0.0,0.0,0.0,0.0,0.0,1.1813257450291344e-10
790.5,1.178e-10,830.9872285491783,0.0004235,0.0,0.0,0.0,0.0,1.0504450240639209e-14,5.548717707009646e-13,0.0,0.0,0.0,0.0,0.0,1.172346237790584e-10
791.5,1.169e-10,831.3810143704934,0.0004209,0.0,0.0,0.0,0.0,1.0101202682992104e-14,5.5314399678602e-13,0.0,0.0,0.0,0.0,0.0,1.1633675480053097e-10
792.5,1.161e-10,831.7925288500755,0.0004182,0.0,0.0,0.0,0.0,9.707464954236428e-15,5.519772218671687e-13,0.0,0.0,0.0,0.0,0.0,1.1553831531317859e-10
793.5,1.152e-10,832.1913208558407,0.0004156,0.0,0.0,0.0,0.0,9.33002232481875e-15,5.502280522495529e-13,0.0,0.0,0.0,0.0,0.0,1.1464044192542564e-10
794.5,1.144e-10,832.5926155553053,0.000413,0.0,0.0,0.0,0.0,8.972756102944415e-15,5.48946556433787e-13,0.0,0.0,0.0,0.0,0.0,1.1384208068746327e-10
795.5,1.136e-10,832.9964445591962,0.0004104,0.0,0.0,0.0,0.0,8.626999025945172e-15,5.476571984260453e-13,0.0,0.0,0.0,0.0,0.0,1.1304371580254802e-10
796.5,1.128e-10,833.4028400809459,0.0004078,0.0,0.0,0.0,0.0,8.292451154772134e-15,5.463598726402151e-13,0.0,0.0,0.0,0.0,0.0,1.1224534767620501e-10
797.5,1.121e-10,833.7960559126615,0.0004053,0.0,0.0,0.0,0.0,7.985999571365384e-15,5.454416837817761e-13,0.0,0.0,0.0,0.0,0.0,1.1154657231664686e-10
798.5,1.113e-10,834.2075817101016,0.0004027,0.0,0.0,0.0,0.0,7.672430928458678e-15,5.441300189559741e-13,0.0,0.0,0.0,0.0,0.0,1.1074819755011557e-10
799.5,1.105e-10,834.6057929674552,0.0004002,0.0,0.0,0.0,0.0,7.378641036729628e-15,5.427098797002153e-13,0.0,0.0,0.0,0.0,0.0,1.0994991147926306e-10
800.5,1.098e-10,835.0064996117961,0.0003977,0.0,0.0,0.0,0.0,7.100779474839277e-15,5.41774003986671e-13,0.0,0.0,0.0,0.0,0.0,1.0925112521653848e-10
801.5,1.09e-10,835.4097331150836,0.0003952,0.0,0.0,0.0,0.0,6.8254606690109445e-15,5.403377307952825e-13,0.0,0.0,0.0,0.0,0.0,1.0845283680853568e-10
802.5,1.082e-10,835.7992443116802,0.0003928,0.0,0.0,0.0,0.0,6.5676623005847695e-15,5.387907327866796e-13,0.0,0.0,0.0,0.0,0.0,1.0765464160491272e-10
803.5,1.075e-10,836.2075240606783,0.0003903,0.0,0.0,0.0,0.0,6.3156560942997215e-15,5.378354969048568e-13,0.0,0.0,0.0,0.0,0.0,1.0695584884700085e-10
804.5,1.068e-10,836.6019404664511,0.0003879,0.0,0.0,0.0,0.0,6.079794717773214e-15,5.367731382630731e-13,0.0,0.0,0.0,0.0,0.0,1.0625714706701913e-10
805.5,1.061e-10,836.9988047786942,0.0003855,0.0,0.0,0.0,0.0,5.851344254476312e-15,5.357049237889535e-13,0.0,0.0,0.0,0.0,0.0,1.0555844373195657e-10
806.5,1.054e-10,837.3981475726486,0.0003831,0.0,0.0,0.0,0.0,5.630116308419666e-15,5.346307806401622e-13,0.0,0.0,0.0,0.0,0.0,1.0485973910305143e-10
807.5,1.047e-10,837.8,0.0003807,0.0,0.0,0.0,0.0,5.4159261278677014e-15,5.335506345285083e-13,0.0,0.0,0.0,0.0,0.0,1.041610334393436e-10
808.5,1.04e-10,838.114628139946,0.0003784,0.0,0.0,0.0,0.0,5.186463857299488e-15,5.32177534043169e-13,0.0,0.0,0.0,0.0,0.0,1.0346263600209952e-10
809.5,1.033e-10,838.4449812626095,0.000376,0.0,0.0,0.0,0.0,4.9574250243361e-15,5.308934419114168e-13,0.0,0.0,0.0,0.0,0.0,1.0276414913306425e-10
810.5,1.026e-10,838.7635543444765,0.0003737,0.0,0.0,0.0,0.0,4.74477705060686e-15,5.295061352113145e-13,0.0,0.0,0.0,0.0,0.0,1.0206574908773808e-10
811.5,1.019e-10,839.0980757096954,0.0003713,0.0,0.0,0.0,0.0,4.532625290946774e-15,5.282083789546198e-13,0.0,0.0,0.0,0.0,0.0,1.0136725899575444e-10
812.5,1.012e-10,839.4206939166726,0.000369,0.0,0.0,0.0,0.0,4.33575119498906e-15,5.268065174933746e-13,0.0,0.0,0.0,0.0,0.0,1.0066885773131163e-10
813.5,1.005e-10,839.7453293227686,0.0003667,0.0,0.0,0.0,0.0,4.146256587439119e-15,5.25397071117133e-13,0.0,0.0,0.0,0.0,0.0,9.997045667229542e-11
814.5,9.985e-11,840.0577610989451,0.0003645,0.0,0.0,0.0,0.0,3.972470321711194e-15,5.241444235822507e-13,0.0,0.0,0.0,0.0,0.0,9.932188310609604e-11
815.5,9.921e-11,840.386417061044,0.0003622,0.0,0.0,0.0,0.0,3.799016223541049e-15,5.230366240676232e-13,0.0,0.0,0.0,0.0,0.0,9.868316435970884e-11
816.5,9.858e-11,840.7027423615546,0.00036,0.0,0.0,0.0,0.0,3.638565900828089e-15,5.218778333904647e-13,0.0,0.0,0.0,0.0,0.0,9.805448360070872e-11
817.5,9.795e-11,841.0355197166944,0.0003577,0.0,0.0,0.0,0.0,3.4780892145751146e-15,5.208127303585743e-13,0.0,0.0,0.0,0.0,0.0,9.742570918042684e-11
818.5,9.732e-11,841.3558368086404,0.0003555,0.0,0.0,0.0,0.0,3.329372587181904e-15,5.196432226875094e-13,0.0,0.0,0.0,0.0,0.0,9.679702740472532e-11
819.5,9.67e-11,841.6781423377038,0.0003533,0.0,0.0,0.0,0.0,3.18647354198197e-15,5.18521693311459e-13,0.0,0.0,0.0,0.0,0.0,9.617829183314655e-11
820.5,9.608e-11,842.0024611454745,0.0003511,0.0,0.0,0.0,0.0,3.0488681773219345e-15,5.173949128125352e-13,0.0,0.0,0.0,0.0,0.0,9.555955621901015e-11
821.5,9.547e-11,842.3139395265712,0.000349,0.0,0.0,0.0,0.0,2.921748113828986e-15,5.162160857494032e-13,0.0,0.0,0.0,0.0,0.0,9.495086216613676e-11
822.5,9.486e-11,842.6422669003415,0.0003468,0.0,0.0,0.0,0.0,2.7943334102019586e-15,5.151327496920818e-13,0.0,0.0,0.0,0.0,0.0,9.434207291689771e-11
823.5,9.426e-11,842.957619078179,0.0003447,0.0,0.0,0.0,0.0,2.6766832957180608e-15,5.139973619540672e-13,0.0,0.0,0.0,0.0,0.0,9.374332595475023e-11
824.5,9.365e-11,843.2748983437006,0.0003426,0.0,0.0,0.0,0.0,2.5630342378161524e-15,5.128018414410264e-13,0.0,0.0,0.0,0.0,0.0,9.313463512432115e-11
825.5,9.307e-11,843.5941283942982,0.0003405,0.0,0.0,0.0,0.0,2.4543406351228807e-15,5.117653859508205e-13,0.0,0.0,0.0,0.0,0.0,9.255578027341405e-11
826.5,9.248e-11,843.9153333671801,0.0003384,0.0,0.0,0.0,0.0,2.349371242772299e-15,5.106691387561511e-13,0.0,0.0,0.0,0.0,0.0,9.196698149000109e-11
827.5,9.19e-11,844.2385378503213,0.0003363,0.0,0.0,0.0,0.0,2.2485212980092656e-15,5.09623255059647e-13,0.0,0.0,0.0,0.0,0.0,9.138812822364234e-11
828.5,9.132e-11,844.5637668937592,0.0003342,0.0,0.0,0.0,0.0,2.151407910573391e-15,5.085726978749037e-13,0.0,0.0,0.0,0.0,0.0,9.080927589421452e-11
829.5,9.074e-11,844.8910460212431,0.0003321,0.0,0.0,0.0,0.0,2.0579148692832645e-15,5.075174164749606e-13,0.0,0.0,0.0,0.0,0.0,9.023042466865575e-11
830.5,9.018e-11,845.2046701941271,0.0003301,0.0,0.0,0.0,0.0,1.9719694339779756e-15,5.064651574304252e-13,0.0,0.0,0.0,0.0,0.0,8.967156287313561e-11
831.5,8.961e-11,845.5360272838527,0.000328,0.0,0.0,0.0,0.0,1.885437473860993e-15,5.054567227356423e-13,0.0,0.0,0.0,0.0,0.0,8.91026578397905e-11
832.5,8.906e-11,845.8535837719543,0.000326,0.0,0.0,0.0,0.0,1.8059302093972137e-15,5.04451772666748e-13,0.0,0.0,0.0,0.0,0.0,8.855374229712387e-11
833.5,8.85e-11,846.1730944661252,0.000324,0.0,0.0,0.0,0.0,1.7291210980760621e-15,5.03385584012089e-13,0.0,0.0,0.0,0.0,0.0,8.799488529488984e-11
834.5,8.795e-11,846.4945835672906,0.000322,0.0,0.0,0.0,0.0,1.6553196842729102e-15,5.023716297525958e-13,0.0,0.0,0.0,0.0,0.0,8.744597305056313e-11
835.5,8.741e-11,846.8180757287348,0.00032,0.0,0.0,0.0,0.0,1.5844182492605361e-15,5.014105842656314e-13,0.0,0.0,0.0,0.0,0.0,8.690700499748511e-11
836.5,8.687e-11,847.1435960674464,0.000318,0.0,0.0,0.0,0.0,1.5161379948642e-15,5.004455277343942e-13,0.0,0.0,0.0,0.0,0.0,8.636803833427075e-11
837.5,8.634e-11,847.4547422927693,0.0003161,0.0,0.0,0.0,0.0,1.4533393535786771e-15,4.994266365821528e-13,0.0,0.0,0.0,0.0,0.0,8.583912002406427e-11
838.5,8.581e-11,847.7842916311419,0.0003141,0.0,0.0,0.0,0.0,1.3901110504370524e-15,4.985113094225034e-13,0.0,0.0,0.0,0.0,0.0,8.531009857952706e-11
839.5,8.529e-11,848.099312924893,0.0003122,0.0,0.0,0.0,0.0,1.3319869679825343e-15,4.975421324000991e-13,0.0,0.0,0.0,0.0,0.0,8.479112588063192e-11
840.5,8.477e-11,848.4162572521034,0.0003103,0.0,0.0,0.0,0.0,1.275960231737596e-15,4.965688464624833e-13,0.0,0.0,0.0,0.0,0.0,8.427215519330577e-11
841.5,8.425e-11,848.7519863491564,0.0003083,0.0,0.0,0.0,0.0,1.2195769245622305e-15,4.957008764421062e-13,0.0,0.0,0.0,0.0,0.0,8.375307954663333e-11
842.5,8.374e-11,849.0729524453592,0.0003064,0.0,0.0,0.0,0.0,1.167782907047246e-15,4.947787866819988e-13,0.0,0.0,0.0,0.0,0.0,8.324405343041095e-11
843.5,8.323e-11,849.3959150696462,0.0003045,0.0,0.0,0.0,0.0,1.1178873278717347e-15,4.938529644741043e-13,0.0,0.0,0.0,0.0,0.0,8.273502914819804e-11
844.5,8.273e-11,849.7037439789771,0.0003027,0.0,0.0,0.0,0.0,1.0720978159050443e-15,4.928720549653291e-13,0.0,0.0,0.0,0.0,0.0,8.223605584721876e-11
845.5,8.223e-11,850.0306667343602,0.0003008,0.0,0.0,0.0,0.0,1.0258657860202577e-15,4.919982589702752e-13,0.0,0.0,0.0,0.0,0.0,8.173697587524371e-11
846.5,8.173e-11,850.3596610501198,0.0002989,0.0,0.0,0.0,0.0,9.81354556046576e-16,4.911211331734357e-13,0.0,0.0,0.0,0.0,0.0,8.123789751227053e-11
847.5,8.124e-11,850.6732746986387,0.0002971,0.0,0.0,0.0,0.0,9.405357186341091e-16,4.901886260969967e-13,0.0,0.0,0.0,0.0,0.0,8.074887083818436e-11
848.5,8.075e-11,851.0063793884234,0.0002952,0.0,0.0,0.0,0.0,8.99340998989736e-16,4.893650999311508e-13,0.0,0.0,0.0,0.0,0.0,8.025973555906987e-11
849.5,8.027e-11,851.3239358765248,0.0002934,0.0,0.0,0.0,0.0,8.615823989802493e-16,4.884861632327058e-13,0.0,0.0,0.0,0.0,0.0,7.978065225436831e-11
850.5,7.979e-11,851.6434465706959,0.0002916,0.0,0.0,0.0,0.0,8.25191913607421e-16,4.876038052392585e-13,0.0,0.0,0.0,0.0,0.0,7.930157100284713e-11
851.5,7.931e-11,851.9649356718612,0.0002898,0.0,0.0,0.0,0.0,7.901279364026373e-16,4.867179935802516e-13,0.0,0.0,0.0,0.0,0.0,7.882249187848334e-11
852.5,7.884e-11,852.2884278333054,0.000288,0.0,0.0,0.0,0.0,7.564458279587505e-16,4.858903253134823e-13,0.0,0.0,0.0,0.0,0.0,7.835335322885855e-11
853.5,7.837e-11,852.613948172017,0.0002862,0.0,0.0,0.0,0.0,7.240029275366254e-16,4.850596643699255e-13,0.0,0.0,0.0,0.0,0.0,7.788421633270253e-11
854.5,7.79e-11,852.923269397816,0.0002845,0.0,0.0,0.0,0.0,6.942330647958973e-16,4.841101126776729e-13,0.0,0.0,0.0,0.0,0.0,7.741519565425754e-11
855.5,7.744e-11,853.252807115894,0.0002827,0.0,0.0,0.0,0.0,6.641855598018478e-16,4.833352708508715e-13,0.0,0.0,0.0,0.0,0.0,7.695600054358934e-11
856.5,7.698e-11,853.565969501226,0.000281,0.0,0.0,0.0,0.0,6.366272825807475e-16,4.824409917723755e-13,0.0,0.0,0.0,0.0,0.0,7.649692238094504e-11
857.5,7.652e-11,853.899624998322,0.0002792,0.0,0.0,0.0,0.0,6.087380706413239e-16,4.816605074340059e-13,0.0,0.0,0.0,0.0,0.0,7.603773075449535e-11
858.5,7.607e-11,854.2167251423047,0.0002775,0.0,0.0,0.0,0.0,5.832478997492843e-16,4.808226960037203e-13,0.0,0.0,0.0,0.0,0.0,7.558859405609653e-11
859.5,7.562e-11,854.5357738625643,0.0002758,0.0,0.0,0.0,0.0,5.586788574865068e-16,4.799817483062504e-13,0.0,0.0,0.0,0.0,0.0,7.513945957283626e-11
860.5,7.517e-11,854.8458542824327,0.0002741,0.0,0.0,0.0,0.0,0.0,4.791116540179698e-13,0.0,0.0,0.0,0.0,0.0,7.469088834598203e-11
861.5,7.473e-11,855.1066469588798,0.0002724,0.0,0.0,0.0,0.0,0.0,4.781614234734685e-13,0.0,0.0,0.0,0.0,0.0,7.425183857652652e-11
862.5,7.428e-11,855.3690723012703,0.0002707,0.0,0.0,0.0,0.0,0.0,4.771438586275248e-13,0.0,0.0,0.0,0.0,0.0,7.380285614137248e-11
863.5,7.385e-11,855.6331508807324,0.000269,0.0,0.0,0.0,0.0,0.0,4.762516418147403e-13,0.0,0.0,0.0,0.0,0.0,7.337374835818526e-11
864.5,7.341e-11,855.8832244178908,0.0002674,0.0,0.0,0.0,0.0,0.0,4.751810389856755e-13,0.0,0.0,0.0,0.0,0.0,7.293481896101432e-11
865.5,7.298e-11,856.1505724221665,0.0002657,0.0,0.0,0.0,0.0,0.0,4.742827691424649e-13,0.0,0.0,0.0,0.0,0.0,7.250571723085755e-11
866.5,7.255e-11,856.4037612770278,0.0002641,0.0,0.0,0.0,0.0,0.0,4.732698840157978e-13,0.0,0.0,0.0,0.0,0.0,7.207673011598419e-11
867.5,7.212e-11,856.6744606754468,0.0002624,0.0,0.0,0.0,0.0,0.0,4.723657195057565e-13,0.0,0.0,0.0,0.0,0.0,7.164763428049425e-11
868.5,7.169e-11,856.930843446202,0.0002608,0.0,0.0,0.0,0.0,0.0,4.713459467945158e-13,0.0,0.0,0.0,0.0,0.0,7.121865405320548e-11
869.5,7.127e-11,857.1888039670126,0.0002592,0.0,0.0,0.0,0.0,0.0,4.7038846297322e-13,0.0,0.0,0.0,0.0,0.0,7.079961153702678e-11
870.5,7.085e-11,857.4483617767653,0.0002576,0.0,0.0,0.0,0.0,0.0,4.694277433900558e-13,0.0,0.0,0.0,0.0,0.0,7.038057225660996e-11
871.5,7.044e-11,857.725914373968,0.0002559,0.0,0.0,0.0,0.0,0.0,4.68644577244104e-13,0.0,0.0,0.0,0.0,0.0,6.99713554227559e-11
872.5,7.002e-11,857.9888298722828,0.0002543,0.0,0.0,0.0,0.0,0.0,4.676780418294978e-13,0.0,0.0,0.0,0.0,0.0,6.95523219581705e-11
873.5,6.961e-11,858.2368198620471,0.0002528,0.0,0.0,0.0,0.0,0.0,4.666599682740853e-13,0.0,0.0,0.0,0.0,0.0,6.914334003172593e-11
874.5,6.92e-11,858.5029696599158,0.0002512,0.0,0.0,0.0,0.0,0.0,4.657538614980717e-13,0.0,0.0,0.0,0.0,0.0,6.873424613850193e-11
875.5,6.88e-11,858.7708201070067,0.0002496,0.0,0.0,0.0,0.0,0.0,4.649124940142103e-13,0.0,0.0,0.0,0.0,0.0,6.833508750598578e-11
876.5,6.839e-11,859.0234938819613,0.0002481,0.0,0.0,0.0,0.0,0.0,4.638842093831082e-13,0.0,0.0,0.0,0.0,0.0,6.792611579061688e-11
877.5,6.799e-11,859.294701960039,0.0002465,0.0,0.0,0.0,0.0,0.0,4.630373883400581e-13,0.0,0.0,0.0,0.0,0.0,6.752696261165995e-11
878.5,6.759e-11,859.5505630942441,0.000245,0.0,0.0,0.0,0.0,0.0,4.62070452062928e-13,0.0,0.0,0.0,0.0,0.0,6.712792954793706e-11
879.5,6.72e-11,859.8079955451592,0.0002435,0.0,0.0,0.0,0.0,0.0,4.611687547197944e-13,0.0,0.0,0.0,0.0,0.0,6.673883124528021e-11
880.5,6.68e-11,860.0670187319186,0.000242,0.0,0.0,0.0,0.0,0.0,4.601952783217024e-13,0.0,0.0,0.0,0.0,0.0,6.633980472167829e-11
881.5,6.641e-11,860.3276524358834,0.0002405,0.0,0.0,0.0,0.0,0.0,4.592875150006721e-13,0.0,0.0,0.0,0.0,0.0,6.595071248499933e-11
882.5,6.602e-11,860.5899168097068,0.000239,0.0,0.0,0.0,0.0,0.0,4.583768151309682e-13,0.0,0.0,0.0,0.0,0.0,6.556162318486902e-11
883.5,6.563e-11,860.8538323866846,0.0002375,0.0,0.0,0.0,0.0,0.0,4.574631551088871e-13,0.0,0.0,0.0,0.0,0.0,6.517253684489111e-11
884.5,6.524e-11,861.1194200904025,0.000236,0.0,0.0,0.0,0.0,0.0,4.565465110459387e-13,0.0,0.0,0.0,0.0,0.0,6.478345348895406e-11
885.5,6.485e-11,861.38670124469,0.0002345,0.0,0.0,0.0,0.0,0.0,4.556268587647585e-13,0.0,0.0,0.0,0.0,0.0,6.439437314123524e-11
886.5,6.447e-11,861.6556975838943,0.000233,0.0,0.0,0.0,0.0,0.0,4.547747143121651e-13,0.0,0.0,0.0,0.0,0.0,6.401522528568783e-11
887.5,6.409e-11,861.9083278504021,0.0002316,0.0,0.0,0.0,0.0,0.0,4.5379775935552103e-13,0.0,0.0,0.0,0.0,0.0,6.363620224064447e-11
888.5,6.371e-11,862.1807034178453,0.0002301,0.0,0.0,0.0,0.0,0.0,4.5294006210108485e-13,0.0,0.0,0.0,0.0,0.0,6.325705993789892e-11
889.5,6.334e-11,862.436527373509,0.0002287,0.0,0.0,0.0,0.0,0.0,4.5202783870747307e-13,0.0,0.0,0.0,0.0,0.0,6.288797216129252e-11
890.5,6.297e-11,862.6939221878642,0.0002273,0.0,0.0,0.0,0.0,0.0,4.511125609233369e-13,0.0,0.0,0.0,0.0,0.0,6.251888743907666e-11
891.5,6.259e-11,862.971467578383,0.0002258,0.0,0.0,0.0,0.0,0.0,4.5024666751839584e-13,0.0,0.0,0.0,0.0,0.0,6.213975333248161e-11
892.5,6.222e-11,863.2321784733396,0.0002244,0.0,0.0,0.0,0.0,0.0,4.4932543914376364e-13,0.0,0.0,0.0,0.0,0.0,6.177067456085624e-11
893.5,6.184e-11,863.4945210072243,0.000223,0.0,0.0,0.0,0.0,0.0,4.4832858185319814e-13,0.0,0.0,0.0,0.0,0.0,6.139167141814681e-11
894.5,6.147e-11,863.758515731697,0.0002216,0.0,0.0,0.0,0.0,0.0,4.474007794752534e-13,0.0,0.0,0.0,0.0,0.0,6.102259922052474e-11
895.5,6.11e-11,864.0241835891742,0.0002202,0.0,0.0,0.0,0.0,0.0,4.464697889662548e-13,0.0,0.0,0.0,0.0,0.0,6.065353021103374e-11
896.5,6.074e-11,864.2915459227984,0.0002188,0.0,0.0,0.0,0.0,0.0,4.456089458483704e-13,0.0,0.0,0.0,0.0,0.0,6.029439105415164e-11
897.5,6.038e-11,864.5413472031755,0.0002175,0.0,0.0,0.0,0.0,0.0,4.446178630215146e-13,0.0,0.0,0.0,0.0,0.0,5.99353821369785e-11
898.5,6.002e-11,864.8120392567585,0.0002161,0.0,0.0,0.0,0.0,0.0,4.437511171678147e-13,0.0,0.0,0.0,0.0,0.0,5.95762488828322e-11
899.5,5.966e-11,865.0649710431665,0.0002148,0.0,0.0,0.0,0.0,0.0,4.4275303109848195e-13,0.0,0.0,0.0,0.0,0.0,5.921724696890152e-11
900.5,5.931e-11,865.3390767993218,0.0002134,0.0,0.0,0.0,0.0,0.0,4.4195479470746867e-13,0.0,0.0,0.0,0.0,0.0,5.886804520529253e-11
901.5,5.895e-11,865.5952185506956,0.0002121,0.0,0.0,0.0,0.0,0.0,4.40949861977017e-13,0.0,0.0,0.0,0.0,0.0,5.850905013802298e-11
902.5,5.86e-11,865.8529350779884,0.0002108,0.0,0.0,0.0,0.0,0.0,4.400161566103142e-13,0.0,0.0,0.0,0.0,0.0,5.815998384338968e-11
903.5,5.824e-11,866.132259449388,0.0002094,0.0,0.0,0.0,0.0,0.0,4.3913451684714083e-13,0.0,0.0,0.0,0.0,0.0,5.780086548315286e-11
904.5,5.789e-11,866.3933093376039,0.0002081,0.0,0.0,0.0,0.0,0.0,4.38194381329209e-13,0.0,0.0,0.0,0.0,0.0,5.745180561867079e-11
905.5,5.754e-11,866.6559951239589,0.0002068,0.0,0.0,0.0,0.0,0.0,4.372508683897256e-13,0.0,0.0,0.0,0.0,0.0,5.710274913161027e-11
906.5,5.72e-11,866.9203374408911,0.0002055,0.0,0.0,0.0,0.0,0.0,4.3638023696721293e-13,0.0,0.0,0.0,0.0,0.0,5.676361976303279e-11
907.5,5.685e-11,867.1863573136513,0.0002042,0.0,0.0,0.0,0.0,0.0,4.354301773486317e-13,0.0,0.0,0.0,0.0,0.0,5.641456982265136e-11
908.5,5.65e-11,867.4540761703377,0.0002029,0.0,0.0,0.0,0.0,0.0,4.3447664809768615e-13,0.0,0.0,0.0,0.0,0.0,5.606552335190232e-11
909.5,5.616e-11,867.7027281244061,0.0002017,0.0,0.0,0.0,0.0,0.0,4.3346274114320136e-13,0.0,0.0,0.0,0.0,0.0,5.57265372588568e-11
910.5,5.582e-11,867.9737760125621,0.0002004,0.0,0.0,0.0,0.0,0.0,4.3257941484498587e-13,0.0,0.0,0.0,0.0,0.0,5.538742058515501e-11
911.5,5.548e-11,868.2255392459067,0.0001992,0.0,0.0,0.0,0.0,0.0,4.315579853061353e-13,0.0,0.0,0.0,0.0,0.0,5.5048442014693854e-11
912.5,5.514e-11,868.5,0.0001979,0.0,0.0,0.0,0.0,0.0,4.3066814784184697e-13,0.0,0.0,0.0,0.0,0.0,5.470933185215816e-11
913.5,5.48e-11,868.7037130178271,0.0001967,0.0,0.0,0.0,0.0,0.0,4.2954086196983766e-13,0.0,0.0,0.0,0.0,0.0,5.437045913803016e-11
914.5,5.446e-11,868.9086726299553,0.0001955,0.0,0.0,0.0,0.0,0.0,4.2840933572072553e-13,0.0,0.0,0.0,0.0,0.0,5.4031590664279275e-11
915.5,5.413e-11,869.1321367677111,0.0001942,0.0,0.0,0.0,0.0,0.0,4.274814106844524e-13,0.0,0.0,0.0,0.0,0.0,5.370251858931554e-11
916.5,5.38e-11,869.339743085885,0.000193,0.0,0.0,0.0,0.0,0.0,4.264212730159687e-13,0.0,0.0,0.0,0.0,0.0,5.337357872698403e-11
917.5,5.346e-11,869.5486442543291,0.0001918,0.0,0.0,0.0,0.0,0.0,4.2527780034679403e-13,0.0,0.0,0.0,0.0,0.0,5.3034722199653207e-11
918.5,5.313e-11,869.7588565265532,0.0001906,0.0,0.0,0.0,0.0,0.0,4.2420976436443817e-13,0.0,0.0,0.0,0.0,0.0,5.270579023563556e-11
919.5,5.281e-11,869.9703964640324,0.0001894,0.0,0.0,0.0,0.0,0.0,4.2321800719063345e-13,0.0,0.0,0.0,0.0,0.0,5.2386781992809374e-11
920.5,5.248e-11,870.1832809440368,0.0001882,0.0,0.0,0.0,0.0,0.0,4.2214251056564257e-13,0.0,0.0,0.0,0.0,0.0,5.205785748943436e-11
921.5,5.216e-11,870.3975271677117,0.000187,0.0,0.0,0.0,0.0,0.0,4.211438206751391e-13,0.0,0.0,0.0,0.0,0.0,5.173885617932486e-11
922.5,5.183e-11,870.6131526684177,0.0001858,0.0,0.0,0.0,0.0,0.0,4.2006072216615015e-13,0.0,0.0,0.0,0.0,0.0,5.140993927783385e-11
923.5,5.151e-11,870.8301753203418,0.0001846,0.0,0.0,0.0,0.0,0.0,4.1905496837093434e-13,0.0,0.0,0.0,0.0,0.0,5.109094503162907e-11
924.5,5.118e-11,871.0303556679515,0.0001835,0.0,0.0,0.0,0.0,0.0,4.178306732589593e-13,0.0,0.0,0.0,0.0,0.0,5.076216932674104e-11
925.5,5.086e-11,871.2317396214926,0.0001824,0.0,0.0,0.0,0.0,0.0,4.1668328989132566e-13,0.0,0.0,0.0,0.0,0.0,5.044331671010867e-11
926.5,5.054e-11,871.4528210320826,0.0001812,0.0,0.0,0.0,0.0,0.0,4.1566573584011523e-13,0.0,0.0,0.0,0.0,0.0,5.012433426415989e-11
927.5,5.022e-11,871.656768981956,0.0001801,0.0,0.0,0.0,0.0,0.0,4.1450976805464033e-13,0.0,0.0,0.0,0.0,0.0,4.9805490231945355e-11
928.5,4.991e-11,871.8619664118851,0.000179,0.0,0.0,0.0,0.0,0.0,4.134320558155429e-13,0.0,0.0,0.0,0.0,0.0,4.9496567944184456e-11
929.5,4.959e-11,872.0872612889065,0.0001778,0.0,0.0,0.0,0.0,0.0,4.1240297735938017e-13,0.0,0.0,0.0,0.0,0.0,4.917759702264062e-11
930.5,4.928e-11,872.2951213822989,0.0001767,0.0,0.0,0.0,0.0,0.0,4.1131734402676723e-13,0.0,0.0,0.0,0.0,0.0,4.886868265597322e-11
931.5,4.896e-11,872.5042795034187,0.0001756,0.0,0.0,0.0,0.0,0.0,4.1014382950108194e-13,0.0,0.0,0.0,0.0,0.0,4.854985617049892e-11
932.5,4.865e-11,872.7147519658279,0.0001745,0.0,0.0,0.0,0.0,0.0,4.090496252222848e-13,0.0,0.0,0.0,0.0,0.0,4.824095037477771e-11
933.5,4.834e-11,872.9265553925765,0.0001734,0.0,0.0,0.0,0.0,0.0,4.0795122297108913e-13,0.0,0.0,0.0,0.0,0.0,4.793204877702891e-11
934.5,4.803e-11,873.1397067240811,0.0001723,0.0,0.0,0.0,0.0,0.0,4.0684857917490714e-13,0.0,0.0,0.0,0.0,0.0,4.762315142082509e-11
935.5,4.772e-11,873.3542232262554,0.0001712,0.0,0.0,0.0,0.0,0.0,4.0574164952069305e-13,0.0,0.0,0.0,0.0,0.0,4.7314258350479306e-11
936.5,4.742e-11,873.570122498903,0.0001701,0.0,0.0,0.0,0.0,0.0,4.0471573599265587e-13,0.0,0.0,0.0,0.0,0.0,4.701528426400735e-11
937.5,4.711e-11,873.787422484382,0.000169,0.0,0.0,0.0,0.0,0.0,4.036004234997202e-13,0.0,0.0,0.0,0.0,0.0,4.6706399576500285e-11
938.5,4.681e-11,873.9861988072552,0.000168,0.0,0.0,0.0,0.0,0.0,4.02426359306514e-13,0.0,0.0,0.0,0.0,0.0,4.640757364069349e-11
939.5,4.65e-11,874.206223983724,0.0001669,0.0,0.0,0.0,0.0,0.0,4.0130196499367584e-13,0.0,0.0,0.0,0.0,0.0,4.609869803500633e-11
940.5,4.62e-11,874.407508917024,0.0001659,0.0,0.0,0.0,0.0,0.0,4.001184044829537e-13,0.0,0.0,0.0,0.0,0.0,4.579988159551705e-11
941.5,4.589e-11,874.630328506903,0.0001648,0.0,0.0,0.0,0.0,0.0,3.989847285559797e-13,0.0,0.0,0.0,0.0,0.0,4.5491015271444017e-11
942.5,4.559e-11,874.8341861788107,0.0001638,0.0,0.0,0.0,0.0,0.0,3.977914636937309e-13,0.0,0.0,0.0,0.0,0.0,4.519220853630627e-11
943.5,4.529e-11,875.0392922214603,0.0001628,0.0,0.0,0.0,0.0,0.0,3.9659320396718534e-13,0.0,0.0,0.0,0.0,0.0,4.489340679603281e-11
944.5,4.5e-11,875.2456620184932,0.0001618,0.0,0.0,0.0,0.0,0.0,3.954777778041781e-13,0.0,0.0,0.0,0.0,0.0,4.460452222219583e-11
945.5,4.47e-11,875.4533112396734,0.0001608,0.0,0.0,0.0,0.0,0.0,3.942696803415182e-13,0.0,0.0,0.0,0.0,0.0,4.430573031965848e-11
946.5,4.441e-11,875.6622558480268,0.0001598,0.0,0.0,0.0,0.0,0.0,3.9314494780919403e-13,0.0,0.0,0.0,0.0,0.0,4.401685505219081e-11
947.5,4.412e-11,875.8725121072049,0.0001588,0.0,0.0,0.0,0.0,0.0,3.9201564729080734e-13,0.0,0.0,0.0,0.0,0.0,4.37279843527092e-11
948.5,4.383e-11,876.0840965890817,0.0001578,0.0,0.0,0.0,0.0,0.0,3.9088172895698505e-13,0.0,0.0,0.0,0.0,0.0,4.343911827104301e-11
949.5,4.354e-11,876.2970261815916,0.0001568,0.0,0.0,0.0,0.0,0.0,3.897431420936285e-13,0.0,0.0,0.0,0.0,0.0,4.315025685790638e-11
950.5,4.325e-11,876.5113180968181,0.0001558,0.0,0.0,0.0,0.0,0.0,3.885998350801308e-13,0.0,0.0,0.0,0.0,0.0,4.2861400164919866e-11
951.5,4.296e-11,876.7053601000324,0.0001549,0.0,0.0,0.0,0.0,0.0,3.8730533049788317e-13,0.0,0.0,0.0,0.0,0.0,4.257269466950211e-11
952.5,4.267e-11,876.922289045493,0.0001539,0.0,0.0,0.0,0.0,0.0,3.861519166400338e-13,0.0,0.0,0.0,0.0,0.0,4.228384808335997e-11
953.5,4.239e-11,877.1406321400863,0.0001529,0.0,0.0,0.0,0.0,0.0,3.8508446058043233e-13,0.0,0.0,0.0,0.0,0.0,4.200491553941957e-11
954.5,4.211e-11,877.3383653538452,0.000152,0.0,0.0,0.0,0.0,0.0,3.8386488315923563e-13,0.0,0.0,0.0,0.0,0.0,4.1726135116840767e-11
955.5,4.183e-11,877.5594467644353,0.000151,0.0,0.0,0.0,0.0,0.0,3.8278834058871324e-13,0.0,0.0,0.0,0.0,0.0,4.144721165941128e-11
956.5,4.154e-11,877.759675463614,0.0001501,0.0,0.0,0.0,0.0,0.0,3.814667846748632e-13,0.0,0.0,0.0,0.0,0.0,4.115853321532513e-11
957.5,4.127e-11,877.9835647471233,0.0001491,0.0,0.0,0.0,0.0,0.0,3.8047277970501436e-13,0.0,0.0,0.0,0.0,0.0,4.0889527220294985e-11
958.5,4.099e-11,878.1863527254009,0.0001482,0.0,0.0,0.0,0.0,0.0,3.7923268009762126e-13,0.0,0.0,0.0,0.0,0.0,4.0610767319902375e-11
959.5,4.071e-11,878.3903759680148,0.0001473,0.0,0.0,0.0,0.0,0.0,3.7798709738821193e-13,0.0,0.0,0.0,0.0,0.0,4.033201290261179e-11
960.5,4.044e-11,878.5956496162424,0.0001464,0.0,0.0,0.0,0.0,0.0,3.768291505635702e-13,0.0,0.0,0.0,0.0,0.0,4.006317084943643e-11
961.5,4.016e-11,878.8021890914702,0.0001455,0.0,0.0,0.0,0.0,0.0,3.755727474235497e-13,0.0,0.0,0.0,0.0,0.0,3.9784427252576447e-11
962.5,3.988e-11,879.0100101021461,0.0001446,0.0,0.0,0.0,0.0,0.0,3.743106710703736e-13,0.0,0.0,0.0,0.0,0.0,3.9505689328929625e-11
963.5,3.961e-11,879.2191286509493,0.0001437,0.0,0.0,0.0,0.0,0.0,3.73137057411681e-13,0.0,0.0,0.0,0.0,0.0,3.923686294258832e-11
964.5,3.934e-11,879.4295610421833,0.0001428,0.0,0.0,0.0,0.0,0.0,3.719583294367546e-13,0.0,0.0,0.0,0.0,0.0,3.896804167056325e-11
965.5,3.907e-11,879.6114149697329,0.0001419,0.0,0.0,0.0,0.0,0.0,3.706959592779238e-13,0.0,0.0,0.0,0.0,0.0,3.869930404072208e-11
966.5,3.88e-11,879.7794238630537,0.000141,0.0,0.0,0.0,0.0,0.0,3.6938916617187986e-13,0.0,0.0,0.0,0.0,0.0,3.843061083382812e-11
967.5,3.854e-11,879.9296678453628,0.0001402,0.0,0.0,0.0,0.0,0.0,3.6803218978026326e-13,0.0,0.0,0.0,0.0,0.0,3.817196781021974e-11
968.5,3.827e-11,880.0997205102835,0.0001393,0.0,0.0,0.0,0.0,0.0,3.6671479441910036e-13,0.0,0.0,0.0,0.0,0.0,3.79032852055809e-11
969.5,3.801e-11,880.2708754327964,0.0001384,0.0,0.0,0.0,0.0,0.0,3.6548819799052915e-13,0.0,0.0,0.0,0.0,0.0,3.7644511802009466e-11
970.5,3.775e-11,880.4239501145385,0.0001376,0.0,0.0,0.0,0.0,0.0,3.6411526145134936e-13,0.0,0.0,0.0,0.0,0.0,3.7385884738548645e-11
971.5,3.749e-11,880.5972265495832,0.0001367,0.0,0.0,0.0,0.0,0.0,3.628786770560821e-13,0.0,0.0,0.0,0.0,0.0,3.7127121322943917e-11
972.5,3.723e-11,880.7522104642226,0.0001359,0.0,0.0,0.0,0.0,0.0,3.61494911923683e-13,0.0,0.0,0.0,0.0,0.0,3.686850508807631e-11
973.5,3.698e-11,880.9276616655552,0.000135,0.0,0.0,0.0,0.0,0.0,3.6034555578508343e-13,0.0,0.0,0.0,0.0,0.0,3.661965444421491e-11
974.5,3.672e-11,881.0846030407922,0.0001342,0.0,0.0,0.0,0.0,0.0,3.5895103100370893e-13,0.0,0.0,0.0,0.0,0.0,3.636104896899629e-11
975.5,3.647e-11,881.2424827855812,0.0001334,0.0,0.0,0.0,0.0,0.0,3.576488015835582e-13,0.0,0.0,0.0,0.0,0.0,3.611235119841644e-11
976.5,3.622e-11,881.4013121886798,0.0001326,0.0,0.0,0.0,0.0,0.0,3.563413676650179e-13,0.0,0.0,0.0,0.0,0.0,3.5863658632334986e-11
977.5,3.597e-11,881.5811447247511,0.0001317,0.0,0.0,0.0,0.0,0.0,3.5517277871376774e-13,0.0,0.0,0.0,0.0,0.0,3.5614827221286235e-11
978.5,3.572e-11,881.7420305760235,0.0001309,0.0,0.0,0.0,0.0,0.0,3.5385509987668154e-13,0.0,0.0,0.0,0.0,0.0,3.536614490012332e-11
979.5,3.547e-11,881.9039027068724,0.0001301,0.0,0.0,0.0,0.0,0.0,3.5253204286616684e-13,0.0,0.0,0.0,0.0,0.0,3.5117467957133836e-11
980.5,3.523e-11,882.0463594381879,0.0001294,0.0,0.0,0.0,0.0,0.0,3.5115809732068374e-13,0.0,0.0,0.0,0.0,0.0,3.487884190267931e-11
981.5,3.498e-11,882.210113815112,0.0001286,0.0,0.0,0.0,0.0,0.0,3.498240884961356e-13,0.0,0.0,0.0,0.0,0.0,3.463017591150386e-11
982.5,3.474e-11,882.3748900668344,0.0001278,0.0,0.0,0.0,0.0,0.0,3.4858485847451984e-13,0.0,0.0,0.0,0.0,0.0,3.439141514152548e-11
983.5,3.45e-11,882.5407010270733,0.000127,0.0,0.0,0.0,0.0,0.0,3.473406769668424e-13,0.0,0.0,0.0,0.0,0.0,3.4152659323033154e-11
984.5,3.426e-11,882.7075597728432,0.0001262,0.0,0.0,0.0,0.0,0.0,3.4609148857020283e-13,0.0,0.0,0.0,0.0,0.0,3.3913908511429794e-11
985.5,3.403e-11,882.875479630644,0.0001254,0.0,0.0,0.0,0.0,0.0,3.449385999623811e-13,0.0,0.0,0.0,0.0,0.0,3.368506140003762e-11
986.5,3.379e-11,883.0232906208205,0.0001247,0.0,0.0,0.0,0.0,0.0,3.435322343372634e-13,0.0,0.0,0.0,0.0,0.0,3.344646776566274e-11
987.5,3.356e-11,883.1932368785833,0.0001239,0.0,0.0,0.0,0.0,0.0,3.423696497571634e-13,0.0,0.0,0.0,0.0,0.0,3.3217630350242836e-11
988.5,3.333e-11,883.3642840104675,0.0001231,0.0,0.0,0.0,0.0,0.0,3.412025345079892e-13,0.0,0.0,0.0,0.0,0.0,3.298879746549201e-11
989.5,3.311e-11,883.5148645900786,0.0001224,0.0,0.0,0.0,0.0,0.0,3.399850212068153e-13,0.0,0.0,0.0,0.0,0.0,3.2770014978793185e-11
990.5,3.288e-11,883.6663088073951,0.0001217,0.0,0.0,0.0,0.0,0.0,3.3865978580217193e-13,0.0,0.0,0.0,0.0,0.0,3.254134021419783e-11
991.5,3.266e-11,883.8404582178769,0.0001209,0.0,0.0,0.0,0.0,0.0,3.375815850916399e-13,0.0,0.0,0.0,0.0,0.0,3.232241841490836e-11
992.5,3.243e-11,883.9937868615289,0.0001202,0.0,0.0,0.0,0.0,0.0,3.3624606099600693e-13,0.0,0.0,0.0,0.0,0.0,3.209375393900399e-11
993.5,3.221e-11,884.1480110467663,0.0001195,0.0,0.0,0.0,0.0,0.0,3.3500901805202864e-13,0.0,0.0,0.0,0.0,0.0,3.187499098194797e-11
994.5,3.199e-11,884.3253773469038,0.0001187,0.0,0.0,0.0,0.0,0.0,3.339172665020164e-13,0.0,0.0,0.0,0.0,0.0,3.165608273349798e-11
995.5,3.177e-11,884.4815562226207,0.000118,0.0,0.0,0.0,0.0,0.0,3.3267062230475576e-13,0.0,0.0,0.0,0.0,0.0,3.143732937769524e-11
996.5,3.155e-11,884.6386643448835,0.0001173,0.0,0.0,0.0,0.0,0.0,3.3141893635591627e-13,0.0,0.0,0.0,0.0,0.0,3.121858106364408e-11
997.5,3.134e-11,884.7967128377347,0.0001166,0.0,0.0,0.0,0.0,0.0,3.3026753483626003e-13,0.0,0.0,0.0,0.0,0.0,3.1009732465163736e-11
998.5,3.113e-11,884.9557130261693,0.0001159,0.0,0.0,0.0,0.0,0.0,3.2911165788853266e-13,0.0,0.0,0.0,0.0,0.0,3.0800888342111466e-11
999.5,3.092e-11,885.1386076701066,0.0001151,0.0,0.0,0.0,0.0,0.0,3.2810345428451023e-13,0.0,0.0,0.0,0.0,0.0,3.0591896545715494e-11
