Altitude (km),Total (kg/m3),Neutral Temp. (K),Pressure (Pa),C (kg/m3),N2 (kg/m3),CH3 (kg/m3),C2H4 (kg/m3),He (kg/m3),H (kg/m3),CH4 (kg/m3),C2H6 (kg/m3),Ar (kg/m3),C2H2 (kg/m3),C3H4 (kg/m3),H2 (kg/m3)
0.5,0.1678,164.89880540299438,98040.0,0.0,0.00020173084432607865,0.0,0.0,0.04537463916478492,0.0,0.004388923745618626,0.0,8.578435639144232e-5,0.0,0.0,0.11774892188887892
1.5,0.1633,162.915030801002,94180.0,0.0,0.00019631287274545154,0.0,0.0,0.044155993070791294,0.0,0.004271048543129191,0.0,8.34804092357959e-5,0.0,0.0,0.11459316510409827
2.5,0.1589,160.8890444373618,90430.0,0.0,0.00019101399497129868,0.0,0.0,0.04296413434545008,0.0,0.004155764385340615,0.0,8.12246252903445e-5,0.0,0.0,0.11150786264894767
3.5,0.1545,158.76003377262845,86790.0,0.0,0.00018570957690601332,0.0,0.0,0.041771029461090195,0.0,0.004040359691124453,0.0,7.895654249318126e-5,0.0,0.0,0.10842394472838615
4.5,0.1502,156.59882185966757,83240.0,0.0,0.00018052603590437743,0.0,0.0,0.040605113047411205,0.0,0.0039275848387489085,0.0,7.674209322670781e-5,0.0,0.0,0.1054100339847088
5.5,0.146,154.43314676862147,79800.0,0.0,0.0001754637703574655,0.0,0.0,0.03946647471317529,0.0,0.0038174484957434946,0.0,7.459011081268504e-5,0.0,0.0,0.10246602290991107
6.5,0.1418,152.22693563405292,76450.0,0.0,0.00017040213641838104,0.0,0.0,0.03832797844436006,0.0,0.0037073258942093017,0.0,7.243839689681285e-5,0.0,0.0,0.09952185512811544
7.5,0.1377,149.92411987215618,73200.0,0.0,0.0001654617258195558,0.0,0.0,0.037216748533056926,0.0,0.003599840668225508,0.0,7.033821534209191e-5,0.0,0.0,0.09664761085755592
8.5,0.1336,147.5898316851652,70040.0,0.0,0.00016052191055280967,0.0,0.0,0.03610565252779262,0.0,0.0034923683944856183,0.0,6.823821809500845e-5,0.0,0.0,0.09377321894907394
9.5,0.1296,145.99352648073682,66970.0,0.0,0.0001557031569002232,0.0,0.0,0.035021786503533714,0.0,0.003387529977728994,0.0,6.617928420153723e-5,0.0,0.0,0.09096880107763554
10.5,0.1256,144.37799210289373,64000.0,0.0,0.0001508850399409088,0.0,0.0,0.033938063688547404,0.0,0.0032827054130842247,0.0,6.412114841008849e-5,0.0,0.0,0.08816422471001739
11.5,0.1214,143.1048152119603,61130.0,0.0,0.0001458219718147226,0.0,0.0,0.03279924483285929,0.0,0.003172551608895587,0.0,6.195971379133902e-5,0.0,0.0,0.08522042187263906
12.5,0.1174,141.83627387343444,58360.0,0.0,0.0001409998794556967,0.0,0.0,0.031714627844609364,0.0,0.00306764055412458,0.0,5.9901245506983336e-5,0.0,0.0,0.08241683047630338
13.5,0.1134,140.52094214996097,55670.0,0.0,0.00013618395795023217,0.0,0.0,0.030631398845660823,0.0,0.0029628637545083382,0.0,5.784602849664077e-5,0.0,0.0,0.07961170741338397
14.5,0.1097,139.19010394864395,53080.0,0.0,0.00013172961466028412,0.0,0.0,0.029629498416538662,0.0,0.0028659535715281404,0.0,5.594495870686145e-5,0.0,0.0,0.07701687343856606
15.5,0.106,137.97563967738373,50570.0,0.0,0.00012727134526709796,0.0,0.0,0.028626714902242553,0.0,0.002768957970932273,0.0,5.403520111279195e-5,0.0,0.0,0.07442302058044528
16.5,0.1023,136.7691959597323,48150.0,0.0,0.00012281324383281775,0.0,0.0,0.027623969166377292,0.0,0.00267196602450656,0.0,5.212527643986294e-5,0.0,0.0,0.07182912628884348
17.5,0.09872,135.49103801394162,45810.0,0.0,0.00011850056752045574,0.0,0.0,0.026660967151791348,0.0,0.0025781379956906127,0.0,5.028551067033132e-5,0.0,0.0,0.06931210877432725
18.5,0.0949,134.19041498259074,43560.0,0.0,0.00011390083385989836,0.0,0.0,0.025634022972580404,0.0,0.002478064651161753,0.0,4.832570145436531e-5,0.0,0.0,0.06662568584094357
19.5,0.09155,133.01141730178668,41660.0,0.0,0.00010986790987010913,0.0,0.0,0.02472751102675896,0.0,0.0023903230074771103,0.0,4.6602312633505156e-5,0.0,0.0,0.06427569574326032
20.5,0.08825,131.81843704259092,39830.0,0.0,0.00010589579941331601,0.0,0.0,0.023833524736895272,0.0,0.0023039044433637306,0.0,4.490446753267401e-5,0.0,0.0,0.061961770552795004
21.5,0.08509,130.56584325314597,38070.0,0.0,0.00010209478941778105,0.0,0.0,0.02297804731233581,0.0,0.002221208398133425,0.0,4.32802754774032e-5,0.0,0.0,0.05974536922463559
22.5,0.08205,129.27517971822007,36390.0,0.0,9.844013210630017e-5,0.0,0.0,0.022155508874355977,0.0,0.0021416964508650634,0.0,4.171920909490226e-5,0.0,0.0,0.05761263533357775
23.5,0.07913,127.97522181707481,34790.0,0.0,9.492921067082153e-5,0.0,0.0,0.02136532046891056,0.0,0.0020653116694071215,0.0,4.0220013724944166e-5,0.0,0.0,0.05556421863728657
24.5,0.07624,126.43223789776036,33040.0,0.0,9.145104938133647e-5,0.0,0.0,0.020582505252526917,0.0,0.0019896396286465255,0.0,3.873411033095883e-5,0.0,0.0,0.05353766995911428
25.5,0.07256,124.81396187331151,31310.0,0.0,8.702583065769579e-5,0.0,0.0,0.019586539779860586,0.0,0.0018933630894756041,0.0,3.684770065681903e-5,0.0,0.0,0.050956223599349294
26.5,0.07079,123.13432135907591,29660.0,0.0,8.489236509808353e-5,0.0,0.0,0.019106369608125347,0.0,0.0018469466989314478,0.0,3.593270658004491e-5,0.0,0.0,0.04971585862126508
27.5,0.06895,121.41014377691934,28050.0,0.0,8.266840646368282e-5,0.0,0.0,0.01860737934231243,0.0,0.0017986716913412145,0.0,3.4981636675953145e-5,0.0,0.0,0.04842629892320672
28.5,0.06702,119.67876726859026,26490.0,0.0,8.030452197437543e-5,0.0,0.0,0.0180842833260065,0.0,0.001747878529612644,0.0,3.398115607658382e-5,0.0,0.0,0.04707355246632989
29.5,0.06268,117.94049522014875,24990.0,0.0,7.505646829999724e-5,0.0,0.0,0.01691206322789023,0.0,0.0016342555161410898,0.0,3.1760244588009704e-5,0.0,0.0,0.04402686454308068
30.5,0.05911,116.28758099267955,23570.0,0.0,7.073537226470794e-5,0.0,0.0,0.015951147329246927,0.0,0.0015407244666201573,0.0,2.9931603348117756e-5,0.0,0.0,0.0415174612285201
31.5,0.05476,114.71741496249328,22260.0,0.0,6.54887405156098e-5,0.0,0.0,0.014778604560071691,0.0,0.0014269454421195896,0.0,2.7710458831082084e-5,0.0,0.0,0.038461250798462035
32.5,0.05199,113.31104689442287,21010.0,0.0,6.213922297513083e-5,0.0,0.0,0.014029377008650465,0.0,0.0013544352884107607,0.0,2.6288825688344357e-5,0.0,0.0,0.036517759654275304
33.5,0.05034,111.95468878821926,19830.0,0.0,6.0132284463994874e-5,0.0,0.0,0.013582681702542435,0.0,0.0013111250281852133,0.0,2.5435018790383962e-5,0.0,0.0,0.03536062596601798
34.5,0.04802,110.89377020601877,18700.0,0.0,5.733204166567678e-5,0.0,0.0,0.01295627185009846,0.0,0.0012503484768949674,0.0,2.4242709880321012e-5,0.0,0.0,0.03373180492146058
35.5,0.04508,109.8649528018082,17630.0,0.0,5.379315487054673e-5,0.0,0.0,0.012162661627688033,0.0,0.0011734598005587252,0.0,2.273914643915368e-5,0.0,0.0,0.03166734627044354
36.5,0.04165,109.34317563874383,16620.0,0.0,4.9654593847732845e-5,0.0,0.0,0.011237367338858582,0.0,0.0010837905465724874,0.0,2.0986184452385727e-5,0.0,0.0,0.029258201336268812
37.5,0.03784,108.82260550553954,15670.0,0.0,4.507106247234688e-5,0.0,0.0,0.010209525100010136,0.0,0.0009843008909101963,0.0,1.9045787111837786e-5,0.0,0.0,0.02658205715949549
38.5,0.03541,108.7561810094006,14800.0,0.0,4.213932765901504e-5,0.0,0.0,0.009554024275590408,0.0,0.0009206742816722272,0.0,1.7801419143565035e-5,0.0,0.0,0.024875360695934778
39.5,0.03404,108.70983234165946,13970.0,0.0,4.047270902793385e-5,0.0,0.0,0.009184512006825006,0.0,0.0008846442708084806,0.0,1.7091917991381966e-5,0.0,0.0,0.0239132790953472
40.5,0.03273,109.16892845226138,13200.0,0.0,3.8880600175062664e-5,0.0,0.0,0.00883117838169154,0.0,0.0008502095402493792,0.0,1.6410414635710285e-5,0.0,0.0,0.022993321063248313
41.5,0.03023,109.76908106293384,12470.0,0.0,3.587872324209443e-5,0.0,0.0,0.008156746467287387,0.0,0.0007849062687057937,0.0,1.5133923826380614e-5,0.0,0.0,0.021237334616938344
42.5,0.02859,110.54196665098542,11780.0,0.0,3.3901911920296654e-5,0.0,0.0,0.007714361437565976,0.0,0.0007419279098380861,0.0,1.4291082054775727e-5,0.0,0.0,0.020085517658620867
43.5,0.02763,111.43395007352215,11120.0,0.0,3.273382886963656e-5,0.0,0.0,0.007455458296549921,0.0,0.0007165942144055786,0.0,1.378985272194463e-5,0.0,0.0,0.019411423807452918
44.5,0.02491,112.42591072912288,10510.0,0.0,2.9478504398746852e-5,0.0,0.0,0.006721634079632439,0.0,0.0006456746129233447,0.0,1.2412368182442942e-5,0.0,0.0,0.017500800434863028
45.5,0.02473,113.57144606360646,9925.0,0.0,2.9224673973003834e-5,0.0,0.0,0.006673186967408038,0.0,0.0006406261025507636,0.0,1.2301273701371791e-5,0.0,0.0,0.01737466098236682
46.5,0.02302,114.80883534517054,9378.0,0.0,2.716578885873627e-5,0.0,0.0,0.006211884268853243,0.0,0.0005959316120254473,0.0,1.1429344946911667e-5,0.0,0.0,0.016173588985315665
47.5,0.0218,116.22974123977218,8862.0,0.0,2.56892045733004e-5,0.0,0.0,0.005882812388635597,0.0,0.0005638976051911496,0.0,1.080069175504031e-5,0.0,0.0,0.015316800109844911
48.5,0.02065,117.63383826905796,8380.0,0.0,2.4299578494572587e-5,0.0,0.0,0.005572613152760246,0.0,0.0005337287095969727,0.0,1.0209514176258367e-5,0.0,0.0,0.01450914904497195
49.5,0.0193,119.06397948838018,7916.0,0.0,2.2678226482992603e-5,0.0,0.0,0.005208428010450175,0.0,0.0004984346122616726,0.0,9.521719467981352e-6,0.0,0.0,0.013560937431337178
50.5,0.01817,120.48131850836779,7480.0,0.0,2.1318717460859743e-5,0.0,0.0,0.0049036001217855636,0.0,0.0004688653723293244,0.0,8.94429951988369e-6,0.0,0.0,0.012767271488904367
51.5,0.01744,121.89567770143418,7065.0,0.0,2.0428777432364648e-5,0.0,0.0,0.004706719069173792,0.0,0.00044962720238775334,0.0,8.563337965841566e-6,0.0,0.0,0.01225466161304025
52.5,0.01628,123.3064157430572,6674.0,0.0,1.903890001615535e-5,0.0,0.0,0.004393775190401262,0.0,0.0004193477746983556,0.0,7.973683490345066e-6,0.0,0.0,0.011439864451393883
53.5,0.01537,124.7078770793028,6307.0,0.0,1.7945580990412615e-5,0.0,0.0,0.004148287482627311,0.0,0.00039555800868589674,0.0,7.509199056761298e-6,0.0,0.0,0.010800699728639618
54.5,0.01489,126.13504904022889,5954.0,0.0,1.7356479235180593e-5,0.0,0.0,0.004018846539906628,0.0,0.0003828602992854665,0.0,7.256207450320335e-6,0.0,0.0,0.010463680474122404
55.5,0.01402,127.40428998396058,5621.0,0.0,1.631337952589529e-5,0.0,0.0,0.0037839400089933243,0.0,0.00036014487451012687,0.0,6.813775159233786e-6,0.0,0.0,0.009852787961811419
56.5,0.01318,128.50495548053647,5303.0,0.0,1.5306185989201354e-5,0.0,0.0,0.0035569272711740594,0.0,0.0003382149544507816,0.0,6.386789246107273e-6,0.0,0.0,0.009263164799139852
57.5,0.0121,129.57538727532423,5011.0,0.0,1.4025416642164646e-5,0.0,0.0,0.0032651961868589837,0.0,0.0003101868134232939,0.0,5.846754716885323e-6,0.0,0.0,0.008504744828358671
58.5,0.0112,130.61821224858974,4742.0,0.0,1.2958311348744048e-5,0.0,0.0,0.0030220884531912172,0.0,0.0002868321742424544,0.0,5.396867548443631e-6,0.0,0.0,0.00787272419366914
59.5,0.01029,131.64184338692442,4492.0,0.0,1.1883940209925941e-5,0.0,0.0,0.0027763255249527623,0.0,0.00026327217551869636,0.0,4.9448773169527445e-6,0.0,0.0,0.0072335734820016635
60.5,0.009602,132.6396424976684,4261.0,0.0,1.1069838450828024e-5,0.0,0.0,0.002590498954605743,0.0,0.0002454378988625222,0.0,4.602015859227108e-6,0.0,0.0,0.0067503912922216806
61.5,0.008991,133.48212204437942,4045.0,0.0,1.0346026690901927e-5,0.0,0.0,0.0024254994660575947,0.0,0.00022960103444036176,0.0,4.297423542949818e-6,0.0,0.0,0.006321256049268194
62.5,0.008408,134.28473455724762,3843.0,0.0,9.657067708805848e-6,0.0,0.0,0.0022680811945727433,0.0,0.00021451060986821976,0.0,4.007884846581392e-6,0.0,0.0,0.00591174324300365
63.5,0.007897,135.0748541280698,3654.0,0.0,9.053454607777549e-6,0.0,0.0,0.002130105687848655,0.0,0.00020128657407294455,0.0,3.7542687345340997e-6,0.0,0.0,0.005552800014736088
64.5,0.007635,135.8708149787116,3473.0,0.0,8.736850759282712e-6,0.0,0.0,0.0020593063634503648,0.0,0.0001944264337702007,0.0,3.6199649162853123e-6,0.0,0.0,0.005368910387103868
65.5,0.007264,136.67136043655037,3300.0,0.0,8.296802228280165e-6,0.0,0.0,0.0019591175314983764,0.0,0.00018480484278591246,0.0,3.4347609401250673e-6,0.0,0.0,0.005108346062547306
66.5,0.006892,137.47499219831647,3135.0,0.0,7.857168310424765e-6,0.0,0.0,0.0018586710720978764,0.0,0.0001751751239829119,0.0,3.250025476108888e-6,0.0,0.0,0.004847046610132679
67.5,0.006399,138.15393971189042,2981.0,0.0,7.280661651840805e-6,0.0,0.0,0.0017256104412609506,0.0,0.00016247411791810114,0.0,3.00877735911882e-6,0.0,0.0,0.004500626001809988
68.5,0.006019,138.81304192750912,2838.0,0.0,6.835019300736727e-6,0.0,0.0,0.0016230391809933006,0.0,0.0001526689064734735,0.0,2.8220566248747134e-6,0.0,0.0,0.004233634836607614
69.5,0.005593,139.47144833759563,2702.0,0.0,6.338956302288954e-6,0.0,0.0,0.0015080769485019778,0.0,0.0001417182231662945,0.0,2.6148749608229297e-6,0.0,0.0,0.0039342509970686146
70.5,0.005345,140.11692142502886,2575.0,0.0,6.046369967359849e-6,0.0,0.0,0.0014411225288568077,0.0,0.00013529817821469612,0.0,2.491969898732333e-6,0.0,0.0,0.003760040953062404
71.5,0.005118,140.75676426881083,2455.0,0.0,5.7786786883206215e-6,0.0,0.0,0.0013798383193405425,0.0,0.0001294230629534211,0.0,2.379550285601793e-6,0.0,0.0,0.003600580388732114
72.5,0.0049,141.40966401764652,2338.0,0.0,5.521859017567258e-6,0.0,0.0,0.0013209857043829426,0.0,0.00012378384102742587,0.0,2.2717492279412126e-6,0.0,0.0,0.003447436846344123
73.5,0.004668,141.9594019686204,2227.0,0.0,5.249450004034396e-6,0.0,0.0,0.0012583661623616442,0.0,0.00011779401017302248,0.0,2.157555157182735e-6,0.0,0.0,0.003284432822304116
74.5,0.00444,142.51057797118963,2121.0,0.0,4.982614174370173e-6,0.0,0.0,0.0011968320593777647,0.0,0.00011191764214283033,0.0,2.0458664189541328e-6,0.0,0.0,0.003124221817886081
75.5,0.004219,143.05641402319623,2021.0,0.0,4.724805461759335e-6,0.0,0.0,0.0011371926961252251,0.0,0.00010623140604649965,0.0,1.9381170637120683e-6,0.0,0.0,0.002968912975302803
76.5,0.003924,143.60057610200923,1926.0,0.0,4.3853702234019735e-6,0.0,0.0,0.001057615696243438,0.0,9.869647798940102e-5,0.0,1.7971308356516655e-6,0.0,0.0,0.0027615053247081077
77.5,0.003662,144.12299574519295,1839.0,0.0,4.0844566561322895e-6,0.0,0.0,0.0009869441765825776,0.0,9.201084941489642e-5,0.0,1.6722529480958488e-6,0.0,0.0,0.002577288264398298
78.5,0.003467,144.63928434528182,1756.0,0.0,3.859197855108413e-6,0.0,0.0,0.0009343309616763033,0.0,8.701948246740072e-5,0.0,1.578526522953044e-6,0.0,0.0,0.002440211831478234
79.5,0.003263,145.0879359136228,1678.0,0.0,3.623887410437555e-6,0.0,0.0,0.0008792425913092133,0.0,8.180156770365371e-5,0.0,1.4806273506261828e-6,0.0,0.0,0.0022968513262260687
80.5,0.003068,145.53329152421955,1604.0,0.0,3.399653169029963e-6,0.0,0.0,0.0008265937648394225,0.0,7.68219962823678e-5,0.0,1.3874759713212839e-6,0.0,0.0,0.0021597971097378583
81.5,0.002888,145.96746962216727,1535.0,0.0,3.193174208141064e-6,0.0,0.0,0.0007780015067785584,0.0,7.223139241224561e-5,0.0,1.3018031242427894e-6,0.0,0.0,0.0020332721234768117
82.5,0.002741,146.40143399335884,1469.0,0.0,3.0239950218864316e-6,0.0,0.0,0.0007383100280476695,0.0,6.84757222686788e-5,0.0,1.2315040317901141e-6,0.0,0.0,0.0019299587506299756
83.5,0.00258,146.820222967094,1408.0,0.0,2.840348776956639e-6,0.0,0.0,0.0006948607320313462,0.0,6.43818697902079e-5,0.0,1.1555130924836777e-6,0.0,0.0,0.0018167615363090055
84.5,0.002449,147.24291272938285,1349.0,0.0,2.690370478534267e-6,0.0,0.0,0.0006594998138543995,0.0,6.104420333222438e-5,0.0,1.0933507668531874e-6,0.0,0.0,0.0017246722615679886
85.5,0.002332,147.65393788369175,1294.0,0.0,2.5565176406638558e-6,0.0,0.0,0.0006279190882231288,0.0,5.806432867247746e-5,0.0,1.0378940516017542e-6,0.0,0.0,0.0016424221714121277
86.5,0.002221,148.07319564383855,1241.0,0.0,2.4293045110276532e-6,0.0,0.0,0.0005979926950785671,0.0,5.523482433453243e-5,0.0,9.851921628573956e-7,0.0,0.0,0.001564357983913015
87.5,0.002113,148.4888637338232,1191.0,0.0,2.3057894917853682e-6,0.0,0.0,0.0005688947433098771,0.0,5.248495619889559e-5,0.0,9.340936407670223e-7,0.0,0.0,0.001488380417358675
88.5,0.002017,148.90466008663063,1143.0,0.0,2.195899614691827e-6,0.0,0.0,0.0005430294694442686,0.0,5.0039386714228694e-5,0.0,8.886175083998049e-7,0.0,0.0,0.0014208466267184112
89.5,0.001929,149.31985299368716,1097.0,0.0,2.095205794910416e-6,0.0,0.0,0.00051931970843439,0.0,4.7798007367220554e-5,0.0,8.469570224430842e-7,0.0,0.0,0.0013589401213810358
90.5,0.001846,149.7240238168513,1054.0,0.0,2.000510696880195e-6,0.0,0.0,0.0004969580444129805,0.0,4.56872222762896e-5,0.0,8.078305701120995e-7,0.0,0.0,0.0013005463920437376
91.5,0.001764,150.13503899785246,1012.0,0.0,1.9072418948059735e-6,0.0,0.0,0.00047486678426350424,0.0,4.3605211535621315e-5,0.0,7.693468734276014e-7,0.0,0.0,0.0012428514154326409
92.5,0.001689,150.54890089682445,971.4,0.0,1.821914117604789e-6,0.0,0.0,0.0004546612283622421,0.0,4.170062651735274e-5,0.0,7.341387009021206e-7,0.0,0.0,0.0011900820923018982
93.5,0.00162,150.95657297944103,933.0,0.0,1.7434897126502198e-6,0.0,0.0,0.00043607234711217355,0.0,3.9949276399854515e-5,0.0,7.017951818392351e-7,0.0,0.0,0.0011415330915934823
94.5,0.001553,151.39541163247415,896.2,0.0,1.667189954556657e-6,0.0,0.0,0.00041802399116010457,0.0,3.824644683923492e-5,0.0,6.703011438217512e-7,0.0,0.0,0.0010943920709022821
95.5,0.001489,151.83746628434736,860.9,0.0,1.5944365958608136e-6,0.0,0.0,0.0004007843683892823,0.0,3.662133060513647e-5,0.0,6.402963103356413e-7,0.0,0.0,0.0010493595680993847
96.5,0.001435,152.28072368097077,826.9,0.0,1.5327113102264088e-6,0.0,0.0,0.00038623732421094384,0.0,3.524597280490462e-5,0.0,6.147826274008959e-7,0.0,0.0,0.0010113692090465243
97.5,0.001383,152.7231886089541,794.3,0.0,1.4734265597459373e-6,0.0,0.0,0.0003722294915103008,0.0,3.392336877067739e-5,0.0,5.903072456863205e-7,0.0,0.0,0.0009747834059135895
98.5,0.001333,153.16832449220976,762.8,0.0,1.4165360676230336e-6,0.0,0.0,0.00035876073035454243,0.0,3.265296351983735e-5,0.0,5.668427076266261e-7,0.0,0.0,0.0009396029273503705
99.5,0.001284,153.61419941589102,732.5,0.0,1.3609802329758496e-6,0.0,0.0,0.00034556191780121294,0.0,3.1410304118353336e-5,0.0,5.439653004837959e-7,0.0,0.0,0.0009051228325469741
100.5,0.001241,154.0648229886527,703.1,0.0,1.3120066180094349e-6,0.0,0.0,0.00033397853889640083,0.0,3.0317075289573937e-5,0.0,5.237624591714499e-7,0.0,0.0,0.0008748686167368443
101.5,0.0012,154.51946662515408,675.0,0.0,1.2653264780162864e-6,0.0,0.0,0.0003229332937031954,0.0,2.927503691155871e-5,0.0,5.045126110802682e-7,0.0,0.0,0.0008460218302961492
102.5,0.001159,154.9993202034203,647.6,0.0,1.2186190950933356e-6,0.0,0.0,0.00031188611612708623,0.0,2.823318771124638e-5,0.0,4.852545568052664e-7,0.0,0.0,0.0008171768225097689
103.5,0.001121,155.48126577393293,621.2,0.0,1.1752978038613198e-6,0.0,0.0,0.00030164708608389565,0.0,2.726713734437078e-5,0.0,4.67389880821364e-7,0.0,0.0,0.0007904430888870509
104.5,0.00108,155.96663632136705,595.7,0.0,1.1290546826065724e-6,0.0,0.0,0.0002906016159286036,0.0,2.62307400448954e-5,0.0,4.4840664729306344e-7,0.0,0.0,0.0007615901826966015
105.5,0.001039,156.45498228076602,571.1,0.0,1.0830486741505588e-6,0.0,0.0,0.00027955702748237976,0.0,2.5197136615576558e-5,0.0,4.2956333463920665e-7,0.0,0.0,0.0007327332238932539
106.5,0.0009972,156.94366410742361,547.5,0.0,1.0364658696652649e-6,0.0,0.0,0.0002682981556455879,0.0,2.4147172664853496e-5,0.0,4.105404957802985e-7,0.0,0.0,0.0007033076653241131
107.5,0.0009541,157.43179971675173,524.9,0.0,9.88799675491471e-7,0.0,0.0,0.000256690533935764,0.0,2.306890517800422e-5,0.0,3.911395441389506e-7,0.0,0.0,0.0006729606216666013
108.5,0.0009128,157.91813664916845,503.2,0.0,9.432517172003832e-7,0.0,0.0,0.0002455682956347184,0.0,2.2037144173036556e-5,0.0,3.726247868240815e-7,0.0,0.0,0.0006438786836882206
109.5,0.0008769,158.3465868870234,482.4,0.0,9.034231002682336e-7,0.0,0.0,0.00023590253571640737,0.0,2.1137028901976916e-5,0.0,3.5640043850500797e-7,0.0,0.0,0.0006186006118428424
110.5,0.0008429,158.77415441031948,462.5,0.0,8.657828690330249e-7,0.0,0.0,0.0002267485200678599,0.0,2.0285489518240985e-5,0.0,3.41083067037392e-7,0.0,0.0,0.0005946591244778286
111.5,0.0008108,159.2044899648619,443.3,0.0,8.302903365262198e-7,0.0,0.0,0.00021810613847315582,0.0,1.9482033212529563e-5,0.0,3.266490726849043e-7,0.0,0.0,0.0005720548889051034
112.5,0.0007809,159.6371442325064,424.8,0.0,7.972377313667838e-7,0.0,0.0,0.00021005605274603085,0.0,1.87336893957703e-5,0.0,3.13210515688015e-7,0.0,0.0,0.0005509998096111441
113.5,0.0007521,160.06910166404225,407.1,0.0,7.65501921866002e-7,0.0,0.0,0.00020230237535919128,0.0,1.801407282800512e-5,0.0,3.003259019880602e-7,0.0,0.0,0.0005307177239889496
114.5,0.0007217,160.50203470887217,390.1,0.0,7.323229690842882e-7,0.0,0.0,0.00019411882172351078,0.0,1.7258373596964657e-5,0.0,2.8691008605497415e-7,0.0,0.0,0.0005093035716243852
115.5,0.0006915,160.92695401772147,373.7,0.0,6.99524117994399e-7,0.0,0.0,0.00018598932846017056,0.0,1.6509610727299263e-5,0.0,2.736756706058632e-7,0.0,0.0,0.0004880278610239299
116.5,0.0006626,161.23633532032235,358.0,0.0,6.682075238214198e-7,0.0,0.0,0.00017820783291043517,0.0,1.5794010705480317e-5,0.0,2.610435742111333e-7,0.0,0.0,0.0004676689052860518
117.5,0.0006352,161.5469692526279,342.9,0.0,6.38578563031535e-7,0.0,0.0,0.00017083043316230837,0.0,1.5116280673883214e-5,0.0,2.4910449843596424e-7,0.0,0.0,0.0004483656031023409
118.5,0.000609,161.856218438189,328.5,0.0,6.103389166802396e-7,0.0,0.0,0.00016377646585841684,0.0,1.4469326748073117e-5,0.0,2.377424395392172e-7,0.0,0.0,0.00042990612603729055
119.5,0.0005836,162.16557583647534,314.7,0.0,5.830670073017799e-7,0.0,0.0,0.0001569382810607147,0.0,1.3843394813238248e-5,0.0,2.2678917243497693e-7,0.0,0.0,0.00041200846794631034
120.5,0.0005584,162.4744485080545,301.5,0.0,5.561604322726025e-7,0.0,0.0,0.00015015452309705626,0.0,1.3224220675727243e-5,0.0,2.1600963486823414e-7,0.0,0.0,0.00039424908616007566
121.5,0.0005343,162.7846606286094,288.8,0.0,5.305000895716075e-7,0.0,0.0,0.00014366714396270397,0.0,1.2632931014237486e-5,0.0,2.0574294264334338e-7,0.0,0.0,0.0003772636819908436
122.5,0.0005105,163.055159602402,276.7,0.0,5.052475827845881e-7,0.0,0.0,0.00013726213941438265,0.0,1.2050157039077537e-5,0.0,1.956567784210924e-7,0.0,0.0,0.00036048679918533415
123.5,0.0004861,163.2362984798884,265.2,0.0,4.794585907713691e-7,0.0,0.0,0.00013069868691044137,0.0,1.1454086090848826e-5,0.0,1.853767591338797e-7,0.0,0.0,0.00034328239164880457
124.5,0.0004628,163.41706727215504,254.2,0.0,4.5492395584410597e-7,0.0,0.0,0.00012443126509122573,0.0,1.0885980417289007e-5,0.0,1.7561350745960424e-7,0.0,0.0,0.00032685221702818154
125.5,0.000441,163.59882144875368,243.6,0.0,4.3201209819766716e-7,0.0,0.0,0.00011856738043952186,0.0,1.0354949273798249e-5,0.0,1.665045915104202e-7,0.0,0.0,0.0003114791535969717
126.5,0.0004208,163.77586243743738,233.7,0.0,4.1085016218564263e-7,0.0,0.0,0.00011313397383533705,0.0,9.863705503400953e-6,0.0,1.5810398793747278e-7,0.0,0.0,0.0002972333665111388
127.5,0.0004016,163.9548516630472,224.1,0.0,3.907831730397843e-7,0.0,0.0,0.00010796961354154642,0.0,9.39733719772945e-6,0.0,1.5014707981538284e-7,0.0,0.0,0.000283692119007869
128.5,0.0003837,164.13174355067753,215.0,0.0,3.721221333117091e-7,0.0,0.0,0.00010315499075636041,0.0,8.963103929009215e-6,0.0,1.427565878857565e-7,0.0,0.0,0.0002710670265934329
129.5,0.0003677,164.30800499000554,206.3,0.0,3.554217552343126e-7,0.0,0.0,9.885136515837814e-5,0.0,8.57468950508187e-6,0.0,1.3614029126594531e-7,0.0,0.0,0.00025978238329003975
130.5,0.0003524,164.43579981838528,198.0,0.0,3.3950990858216224e-7,0.0,0.0,9.473260166585016e-5,0.0,8.20383247949737e-6,0.0,1.298403664147037e-7,0.0,0.0,0.00024899421557965563
131.5,0.0003377,164.51149594676514,190.0,0.0,3.242714474178687e-7,0.0,0.0,9.077183938727151e-5,0.0,7.847977333950384e-6,0.0,1.2380949577132275e-7,0.0,0.0,0.00023863210233558894
132.5,0.0003235,164.58742596003034,182.3,0.0,3.0960540977238176e-7,0.0,0.0,8.69462174534914e-5,0.0,7.504890951588887e-6,0.0,1.1801563605083265e-7,0.0,0.0,0.00022862127054909653
133.5,0.0003098,164.662433364039,175.0,0.0,2.9552196834173415e-7,0.0,0.0,8.325582754298774e-5,0.0,7.174705622025266e-6,0.0,1.1246444026177802e-7,0.0,0.0,0.00021896148042638348
134.5,0.0002967,164.7384496752797,167.9,0.0,2.820855130091727e-7,0.0,0.0,7.972728432087742e-5,0.0,6.8593457600511545e-6,0.0,1.0717443245970188e-7,0.0,0.0,0.00020972410997360252
135.5,0.0002846,164.81319099867744,161.2,0.0,2.6969767802849586e-7,0.0,0.0,7.646826027245119e-5,0.0,6.568333311937131e-6,0.0,1.0230210368719362e-7,0.0,0.0,0.00020119140663389597
136.5,0.000273,164.88873132968362,154.7,0.0,2.5785098881480624e-7,0.0,0.0,7.334412747330725e-5,0.0,6.289701974018175e-6,0.0,9.764850300873112e-8,0.0,0.0,0.000193010671060851
137.5,0.0002619,164.96380313975024,148.5,0.0,2.465553099674765e-7,0.0,0.0,7.035497474429351e-5,0.0,6.023579957408247e-6,0.0,9.321911756207383e-8,0.0,0.0,0.00018518167087076874
138.5,0.0002497,165.01927447553362,142.6,0.0,2.34305755162818e-7,0.0,0.0,6.707129396166528e-5,0.0,5.733312607950242e-6,0.0,8.84480971676985e-8,0.0,0.0,0.00017657263957805396
139.5,0.0002375,165.05703976918448,136.9,0.0,2.2212888413565685e-7,0.0,0.0,6.378845408775995e-5,0.0,5.444062911327431e-6,0.0,8.37211866172841e-8,0.0,0.0,0.00016796163293015967
140.5,0.0002259,165.09429690469074,131.5,0.0,2.105977697052857e-7,0.0,0.0,6.0667417711277975e-5,0.0,5.169611949249395e-6,0.0,7.925341689600246e-8,0.0,0.0,0.00015977311915287132
141.5,0.0002155,165.13091662803197,126.4,0.0,2.002649320289512e-7,0.0,0.0,5.7869269711765127e-5,0.0,4.92360748733216e-6,0.0,7.525137137848451e-8,0.0,0.0,0.00015243160649749528
142.5,0.0002065,165.16675789885687,121.6,0.0,1.913053357068072e-7,0.0,0.0,5.544763350350646e-5,0.0,4.710484759793162e-6,0.0,7.177873428502954e-8,0.0,0.0,0.00014607879766670854
143.5,0.0001979,165.20325054091026,116.9,0.0,1.8275852036813993e-7,0.0,0.0,5.3133724865578376e-5,0.0,4.507006163438435e-6,0.0,6.846898688424446e-8,0.0,0.0,0.0001400080414637308
144.5,0.0001897,165.23959212277697,112.4,0.0,1.7463433629234196e-7,0.0,0.0,5.0927625911653564e-5,0.0,4.313297103125345e-6,0.0,6.532751869982063e-8,0.0,0.0,0.00013421911513022893
145.5,0.0001822,165.2757043711267,108.1,0.0,1.6720519015880742e-7,0.0,0.0,4.89098477508453e-5,0.0,4.136132890144896e-6,0.0,6.245549226222737e-8,0.0,0.0,0.00012892435867658877
146.5,0.0001749,165.30382817535096,104.0,0.0,1.600146499272388e-7,0.0,0.0,4.694596795229934e-5,0.0,3.9641633298789385e-6,0.0,5.968249275702363e-8,0.0,0.0,0.00012377017157513747
147.5,0.000168,165.31600705630794,99.97,0.0,1.5323441411983748e-7,0.0,0.0,4.5089351306638614e-5,0.0,3.801748032576141e-6,0.0,5.70702114023259e-8,0.0,0.0,0.00011889859603526308
148.5,0.000161,165.32794924380354,96.17,0.0,1.464116640967968e-7,0.0,0.0,4.320635356357688e-5,0.0,3.6376890489715358e-6,0.0,5.445115911260916e-8,0.0,0.0,0.00011395509456424217
149.5,0.0001542,165.3398729226848,92.52,0.0,1.3981022077912048e-7,0.0,0.0,4.137739825002391e-5,0.0,3.478649961917184e-6,0.0,5.192178572954675e-8,0.0,0.0,0.00010915221978155025
150.5,0.0001476,165.35179151471002,89.01,0.0,1.3342775267044963e-7,0.0,0.0,3.960246458841109e-5,0.0,3.324601736751725e-6,0.0,4.9480762320570036e-8,0.0,0.0,0.00010449002515984618
151.5,0.0001416,165.36364951667306,85.65,0.0,1.2762474333905779e-7,0.0,0.0,3.7988867453702046e-5,0.0,3.184540856714594e-6,0.0,4.726152797285953e-8,0.0,0.0,0.00010025170541827143
152.5,0.0001361,165.3754209154329,82.44,0.0,1.2230689569989946e-7,0.0,0.0,3.65097394611161e-5,0.0,3.0561654170298053e-6,0.0,4.522837606374842e-8,0.0,0.0,9.636655985009043e-5
153.5,0.0001309,165.38723233614556,79.34,0.0,1.1728683686563978e-7,0.0,0.0,3.511135529056702e-5,0.0,2.9348860581240714e-6,0.0,4.3310621522137186e-8,0.0,0.0,9.269316119292115e-5
154.5,0.0001258,165.39898955856486,76.37,0.0,1.1238618600893612e-7,0.0,0.0,3.37400785643406e-5,0.0,2.816230095037519e-6,0.0,4.144250397668936e-8,0.0,0.0,8.908986265063625e-5
155.5,0.0001211,165.4,73.51,0.0,1.078837540489481e-7,0.0,0.0,3.2476559742466724e-5,0.0,2.707092219050899e-6,0.0,3.9728140651896794e-8,0.0,0.0,8.576873614378153e-5
156.5,0.0001166,165.4,70.77,0.0,1.0358604468630372e-7,0.0,0.0,3.1266933514974145e-5,0.0,2.6027664184053402e-6,0.0,3.809407254809087e-8,0.0,0.0,8.258861994938613e-5
157.5,0.0001122,165.4,68.12,0.0,9.939868821129804e-8,0.0,0.0,3.008432345950152e-5,0.0,2.5009458731766376e-6,0.0,3.650463621374204e-8,0.0,0.0,7.94788273428968e-5
158.5,0.000108,165.4,65.58,0.0,9.541174691053626e-8,0.0,0.0,2.8955558203265755e-5,0.0,2.403879227623999e-6,0.0,3.499314456545497e-8,0.0,0.0,7.651015767763425e-5
159.5,0.0001041,165.4,63.13,0.0,9.171000441595878e-8,0.0,0.0,2.7907414563141606e-5,0.0,2.313746749432975e-6,0.0,3.3590033622181684e-8,0.0,0.0,7.375353864938727e-5
160.5,0.0001003,165.4,60.77,0.0,8.811583905632388e-8,0.0,0.0,2.6886262906887876e-5,0.0,2.2260852255652452e-6,0.0,3.222997121833562e-8,0.0,0.0,7.10673060572722e-5
161.5,9.658e-5,165.4,58.5,0.0,8.461127708403659e-8,0.0,0.0,2.5886739044038904e-5,0.0,2.140446052167287e-6,0.0,3.0906289446200216e-8,0.0,0.0,6.843729733726357e-5
162.5,9.279e-5,165.4,56.31,0.0,8.106389860135359e-8,0.0,0.0,2.4868628780666623e-5,0.0,2.0534922485975883e-6,0.0,2.9570418525396134e-8,0.0,0.0,6.575724465360905e-5
163.5,8.911e-5,165.4,54.2,0.0,7.763380010759564e-8,0.0,0.0,2.3880070814680344e-5,0.0,1.9692159199131074e-6,0.0,2.8281648983798164e-8,0.0,0.0,6.315479781631517e-5
164.5,8.557e-5,165.4,52.18,0.0,7.434813686515305e-8,0.0,0.0,2.2929082952040304e-5,0.0,1.8882868674633142e-6,0.0,2.7050122900173405e-8,0.0,0.0,6.065123192073105e-5
165.5,8.245e-5,165.4,50.22,0.0,7.14420528390754e-8,0.0,0.0,2.2090798753563776e-5,0.0,1.816818936048512e-6,0.0,2.5959355381951404e-8,0.0,0.0,5.844498090216667e-5
166.5,7.995e-5,165.4,48.33,0.0,6.908664328308585e-8,0.0,0.0,2.1418779389675147e-5,0.0,1.7591900094559319e-6,0.0,2.507112384061441e-8,0.0,0.0,5.667787283374523e-5
167.5,7.753e-5,165.4,46.51,0.0,6.681238678844918e-8,0.0,0.0,2.0768324798001474e-5,0.0,1.7034795913662067e-6,0.0,2.4214531647463142e-8,0.0,0.0,5.4967168692196406e-5
168.5,7.519e-5,165.4,44.76,0.0,6.461894296169882e-8,0.0,0.0,2.0139431684519716e-5,0.0,1.6496834221170888e-6,0.0,2.3389384341924885e-8,0.0,0.0,5.331287656605957e-5
169.5,7.27e-5,165.4,43.04,0.0,6.23047177273218e-8,0.0,0.0,1.9470449751585815e-5,0.0,1.5927025640371096e-6,0.0,2.2522031875381034e-8,0.0,0.0,5.155202093477438e-5
170.5,7.023e-5,165.4,41.38,0.0,6.001935967414527e-8,0.0,0.0,1.880695504492379e-5,0.0,1.536314903568486e-6,0.0,2.1667237209189607e-8,0.0,0.0,4.9805043454624375e-5
171.5,6.786e-5,165.4,39.78,0.0,5.78313872378548e-8,0.0,0.0,1.8170438766031205e-5,0.0,1.4822757695350358e-6,0.0,2.0849722559376266e-8,0.0,0.0,4.8128604354636537e-5
172.5,6.557e-5,165.4,38.24,0.0,5.5727927213386176e-8,0.0,0.0,1.755670660596855e-5,0.0,1.430255263024171e-6,0.0,2.006509559190407e-8,0.0,0.0,4.6507245108201985e-5
173.5,6.34e-5,165.4,36.74,0.0,5.3735204791998156e-8,0.0,0.0,1.6975134514090553e-5,0.0,1.3809648242467175e-6,0.0,1.9321962747619397e-8,0.0,0.0,4.4970843494123105e-5
174.5,6.13e-5,165.4,35.3,0.0,5.1812318775877934e-8,0.0,0.0,1.6412340776553455e-5,0.0,1.33333506625806e-6,0.0,1.860586319293962e-8,0.0,0.0,4.348390597521966e-5
175.5,5.927e-5,165.4,33.91,0.0,4.9957957561598e-8,0.0,0.0,1.5868320806830117e-5,0.0,1.2873489343429111e-6,0.0,1.7916088461846036e-8,0.0,0.0,4.204645621280353e-5
176.5,5.714e-5,165.4,32.57,0.0,4.802891767405387e-8,0.0,0.0,1.529756115264277e-5,0.0,1.2393154145627816e-6,0.0,1.7201287726704554e-8,0.0,0.0,4.053789322739369e-5
177.5,5.497e-5,165.4,31.27,0.0,4.6075355252268075e-8,0.0,0.0,1.471612423781139e-5,0.0,1.1905324189325807e-6,0.0,1.6479367121334326e-8,0.0,0.0,3.900078862088242e-5
178.5,5.289e-5,165.4,30.02,0.0,4.4207403207124675e-8,0.0,0.0,1.4158817186789925e-5,0.0,1.1438311955315328e-6,0.0,1.5789908446979334e-8,0.0,0.0,3.752735430602444e-5
179.5,5.089e-5,165.4,28.82,0.0,4.241635939710954e-8,0.0,0.0,1.3622961779678573e-5,0.0,1.0989889581128046e-6,0.0,1.5129742430024103e-8,0.0,0.0,3.611050316038149e-5
180.5,4.873e-5,165.4,27.67,0.0,4.050399230221587e-8,0.0,0.0,1.3044315864491092e-5,0.0,1.0508098768588427e-6,0.0,1.4428610695366266e-8,0.0,0.0,3.457994165565249e-5
181.5,4.665e-5,165.4,26.57,0.0,3.866856740330267e-8,0.0,0.0,1.248712270027921e-5,0.0,1.0044969443879314e-6,0.0,1.3756738368106554e-8,0.0,0.0,3.310595504956145e-5
182.5,4.466e-5,165.4,25.51,0.0,3.6916951820025785e-8,0.0,0.0,1.1954053872187138e-5,0.0,9.602462694021615e-7,0.0,1.3116316555941306e-8,0.0,0.0,3.169566659003474e-5
183.5,4.284e-5,165.4,24.49,0.0,3.531461542952983e-8,0.0,0.0,1.146652051048183e-5,0.0,9.197691335116214e-7,0.0,1.2530485103781959e-8,0.0,0.0,3.0405865255473242e-5
184.5,4.124e-5,165.4,23.52,0.0,3.39026072415853e-8,0.0,0.0,1.1037905165884312e-5,0.0,8.84136974630598e-7,0.0,1.2013771021698775e-8,0.0,0.0,2.9272041481221805e-5
185.5,3.97e-5,165.4,22.58,0.0,3.254643032805665e-8,0.0,0.0,1.0625372481960161e-5,0.0,8.498790181100079e-7,0.0,1.1518004148754582e-8,0.0,0.0,2.818068406545302e-5
186.5,3.821e-5,165.4,21.68,0.0,3.123860172909425e-8,0.0,0.0,1.0226248997699795e-5,0.0,8.167912211691196e-7,0.0,1.1040650069336086e-8,0.0,0.0,2.7124680529332657e-5
187.5,3.655e-5,165.4,20.82,0.0,2.979982153428768e-8,0.0,0.0,9.78164254638877e-6,0.0,7.801789337762324e-7,0.0,1.051844656628719e-8,0.0,0.0,2.594786025173442e-5
188.5,3.486e-5,165.4,20.0,0.0,2.8346878965499825e-8,0.0,0.0,9.32893972886818e-6,0.0,7.430684538381605e-7,0.0,9.993179646168118e-9,0.0,0.0,2.474965175868199e-5
189.5,3.325e-5,165.4,19.21,0.0,2.6966070243667997e-8,0.0,0.0,8.897683835627223e-6,0.0,7.077597647433964e-7,0.0,9.494563550966776e-9,0.0,0.0,2.3608095765834744e-5
190.5,3.173e-5,165.4,18.45,0.0,2.5665063231556433e-8,0.0,0.0,8.490548598275143e-6,0.0,6.744597903725397e-7,0.0,9.025218083201055e-9,0.0,0.0,2.2530301330037565e-5
191.5,3.064e-5,165.4,17.72,0.0,2.4717648326743393e-8,0.0,0.0,8.198507062284701e-6,0.0,6.503788973966319e-7,0.0,8.681214478367264e-9,0.0,0.0,2.1757715177513556e-5
192.5,2.959e-5,165.4,17.03,0.0,2.3808285119989445e-8,0.0,0.0,7.91719985735934e-6,0.0,6.272261418483259e-7,0.0,8.351571235115612e-9,0.0,0.0,2.101341414443723e-5
193.5,2.857e-5,165.4,16.36,0.0,2.2926941967552678e-8,0.0,0.0,7.643940256805415e-6,0.0,6.047621232704815e-7,0.0,8.032436653862326e-9,0.0,0.0,2.0290338241302683e-5
194.5,2.754e-5,165.4,15.72,0.0,2.2042414554356637e-8,0.0,0.0,7.368031433835114e-6,0.0,5.821526822446467e-7,0.0,7.713021748873445e-9,0.0,0.0,1.9560060447617007e-5
195.5,2.643e-5,165.4,15.09,0.0,2.1097198250889287e-8,0.0,0.0,7.070746214454949e-6,0.0,5.578991102455066e-7,0.0,7.373031879106527e-9,0.0,0.0,1.8772884445169547e-5
196.5,2.537e-5,165.4,14.49,0.0,2.0197617438328073e-8,0.0,0.0,6.7869252843158865e-6,0.0,5.347889579898048e-7,0.0,7.0504336429025525e-9,0.0,0.0,1.8021037706613076e-5
197.5,2.436e-5,165.4,13.91,0.0,1.9341989625935605e-8,0.0,0.0,6.516498064692094e-6,0.0,5.127888910351668e-7,0.0,6.743847458319527e-9,0.0,0.0,1.730462720718848e-5
198.5,2.341e-5,165.4,13.36,0.0,1.8538893569078117e-8,0.0,0.0,6.262142667140926e-6,0.0,4.921183317803455e-7,0.0,6.4563585098251795e-9,0.0,0.0,1.6630743748999825e-5
199.5,2.253e-5,165.4,12.83,0.0,1.7795010554654645e-8,0.0,0.0,6.026528552807149e-6,0.0,4.729705524535786e-7,0.0,6.190099279514057e-9,0.0,0.0,1.60065157849051e-5
200.5,2.168e-5,165.4,12.32,0.0,1.7078456555215355e-8,0.0,0.0,5.798954925646247e-6,0.0,4.545019205184709e-7,0.0,5.933930895433348e-9,0.0,0.0,1.5403530766384634e-5
201.5,2.086e-5,165.4,11.83,0.0,1.6389105607961186e-8,0.0,0.0,5.579421303247492e-6,0.0,4.367107894748385e-7,0.0,5.687787100657627e-9,0.0,0.0,1.4821791014569051e-5
202.5,2.0e-5,165.4,11.36,0.0,1.5671977694093524e-8,0.0,0.0,5.349204974201228e-6,0.0,4.1813201935277733e-7,0.0,5.432586589401283e-9,0.0,0.0,1.4211558442162501e-5
203.5,1.916e-5,165.4,10.9,0.0,1.4973625448316068e-8,0.0,0.0,5.124350533317185e-6,0.0,4.0000860790957243e-7,0.0,5.184309434421497e-9,0.0,0.0,1.3615482923890504e-5
204.5,1.836e-5,165.4,10.47,0.0,1.4311905656735268e-8,0.0,0.0,4.910215397985328e-6,0.0,3.8277812686697684e-7,0.0,4.94929373793622e-9,0.0,0.0,1.3047745275753023e-5
205.5,1.759e-5,165.4,10.05,0.0,1.3676182492166398e-8,0.0,0.0,4.7041153131473934e-6,0.0,3.662102885029207e-7,0.0,4.723713511772795e-9,0.0,0.0,1.2501274502345746e-5
206.5,1.687e-5,165.4,9.653,0.0,1.3082956487622094e-8,0.0,0.0,4.511403558020355e-6,0.0,3.507353358152474e-7,0.0,4.513419131297302e-9,0.0,0.0,1.1990264730545477e-5
207.5,1.618e-5,165.4,9.271,0.0,1.2515812599137885e-8,0.0,0.0,4.326727432628798e-6,0.0,3.359244200501788e-7,0.0,4.312598008623383e-9,0.0,0.0,1.1500519736713262e-5
208.5,1.552e-5,165.4,8.904,0.0,1.197461579569024e-8,0.0,0.0,4.1500863603493045e-6,0.0,3.2177565040079414e-7,0.0,4.121179235177211e-9,0.0,0.0,1.1032042194219034e-5
209.5,1.491e-5,165.4,8.552,0.0,1.1474620912360457e-8,0.0,0.0,3.986827609206976e-6,0.0,3.087011904816979e-7,0.0,3.9443819326764216e-9,0.0,0.0,1.0599052197466287e-5
210.5,1.436e-5,165.4,8.213,0.0,1.1023078181308404e-8,0.0,0.0,3.839623000994226e-6,0.0,2.969016554387216e-7,0.0,3.78462423474095e-9,0.0,0.0,1.0208667641151e-5
211.5,1.383e-5,165.4,7.888,0.0,1.0589218903385558e-8,0.0,0.0,3.6977646028246676e-6,0.0,2.855488493869888e-7,0.0,3.6314031837435856e-9,0.0,0.0,9.832465925701216e-6
212.5,1.332e-5,165.4,7.575,0.0,1.017291162822997e-8,0.0,0.0,3.561234995186071e-6,0.0,2.746405047603235e-7,0.0,3.484749308717e-9,0.0,0.0,9.470466839116657e-6
213.5,1.277e-5,165.4,7.275,0.0,9.728220157215607e-9,0.0,0.0,3.4140246336918986e-6,0.0,2.629387207458864e-7,0.0,3.3287128911318275e-9,0.0,0.0,9.079979712513868e-6
214.5,1.222e-5,165.4,6.986,0.0,9.285636839116787e-9,0.0,0.0,3.2668276152869368e-6,0.0,2.5126746277185454e-7,0.0,3.173728793250801e-9,0.0,0.0,8.68944555630884e-6
215.5,1.169e-5,165.4,6.708,0.0,8.860353014323039e-9,0.0,0.0,3.124990660279205e-6,0.0,2.4003793379335794e-7,0.0,3.024986607213718e-9,0.0,0.0,8.313086066305902e-6
216.5,1.118e-5,165.4,6.442,0.0,8.452365670339243e-9,0.0,0.0,2.988513823094903e-6,0.0,2.2925014507292407e-7,0.0,2.882483048198354e-9,0.0,0.0,7.950901183113636e-6
217.5,1.079e-5,165.4,6.187,0.0,8.136916187328402e-9,0.0,0.0,2.8841256608800947e-6,0.0,2.2094936839504477e-7,0.0,2.7718214711534643e-9,0.0,0.0,7.674016233066379e-6
218.5,1.043e-5,165.4,5.942,0.0,7.845564171169538e-9,0.0,0.0,2.7877657680724816e-6,0.0,2.1328429467554366e-7,0.0,2.66960083413696e-9,0.0,0.0,7.418434772246669e-6
219.5,1.007e-5,165.40903497299865,5.707,0.0,7.55547510239144e-9,0.0,0.0,2.6913901402173614e-6,0.0,2.0563371280040602e-7,1.357438300788648e-10,2.568041043120641e-9,0.0,0.0,7.1627168870066424e-6
220.5,9.72e-6,165.43420452853601,5.482,0.0,7.274314044723152e-9,0.0,0.0,2.597752084508724e-6,0.0,1.9820515914574402e-7,1.337135323075388e-10,2.4697499908352583e-9,0.0,0.0,6.914164978777666e-6
221.5,9.267e-6,165.45971530018585,5.263,0.0,6.917407990785385e-9,0.0,0.0,2.476592831650124e-6,0.0,1.8869627089715272e-7,1.3013264348408186e-10,2.3459492078312153e-9,0.0,0.0,6.5923174076106215e-6
222.5,8.836e-6,165.4853188133882,5.052,0.0,6.578612093070257e-9,0.0,0.0,2.3613212920829863e-6,0.0,1.7966067627581973e-7,1.2666984980941435e-10,2.228548009562617e-9,0.0,0.0,6.286084201688751e-6
223.5,8.425e-6,165.5107235490139,4.851,0.0,6.25650129179759e-9,0.0,0.0,2.251403371365162e-6,0.0,1.7105872936157557e-7,1.2327875730595236e-10,2.1170715725100574e-9,0.0,0.0,5.99404104765165e-6
224.5,8.061e-6,165.53612788577607,4.658,0.0,5.970814781908025e-9,0.0,0.0,2.1540527030253935e-6,0.0,1.634339385585199e-7,1.2039484282867365e-10,2.0181521062036523e-9,0.0,0.0,5.735403996685146e-6
225.5,7.771e-6,165.56120753840227,4.475,0.0,5.7414142984973855e-9,0.0,0.0,2.076483542327308e-6,0.0,1.5733167003580908e-7,1.1843572299954425e-10,1.938481492317446e-9,0.0,0.0,5.529386456123069e-6
226.5,7.492e-6,165.58616924435327,4.3,0.0,5.521310953583451e-9,0.0,0.0,2.001859453659993e-6,0.0,1.5146970986099123e-7,1.1650620892760313e-10,1.8621287317855924e-9,0.0,0.0,5.331170890584719e-6
227.5,7.223e-6,165.60555736903814,4.132,0.0,5.309468114902931e-9,0.0,0.0,1.929845919654386e-6,0.0,1.4582216783045955e-7,1.1477293184706788e-10,1.7886958599673235e-9,0.0,0.0,5.140118975608439e-6
228.5,6.968e-6,165.61823698761572,3.968,0.0,5.108508356027079e-9,0.0,0.0,1.8614991528220192e-6,0.0,1.4046477199192153e-7,1.1338454819004658e-10,1.7190190230128607e-9,0.0,0.0,4.95909516325883e-6
229.5,6.727e-6,165.63104063049974,3.809,0.0,4.91868151092206e-9,0.0,0.0,1.7969056925205776e-6,0.0,1.3540281349528552e-7,1.1212229552689865e-10,1.653223183898071e-9,0.0,0.0,4.788007466993789e-6
230.5,6.494e-6,165.64379043781886,3.657,0.0,4.735716634774554e-9,0.0,0.0,1.7344647547793592e-6,0.0,1.3051734883340146e-7,1.1085717150057165e-10,1.58988905910279e-9,0.0,0.0,4.6225814335218615e-6
231.5,6.27e-6,165.65654609778264,3.511,0.0,4.560227953277245e-9,0.0,0.0,1.6744416529503662e-6,0.0,1.2582671781922815e-7,1.0962377157209631e-10,1.5292051883043767e-9,0.0,0.0,4.463532572317252e-6
232.5,6.017e-6,165.66947166442634,3.369,0.0,4.364446774175266e-9,0.0,0.0,1.60668620453456e-6,0.0,1.2056632080255714e-7,1.0778075121847143e-10,1.4618399433851458e-9,0.0,0.0,4.283813407194104e-6
233.5,5.758e-6,165.6823723513626,3.233,0.0,4.165366771144631e-9,0.0,0.0,1.5373450555817955e-6,0.0,1.1520187911206884e-7,1.0566631484917306e-10,1.393529806824766e-9,0.0,0.0,4.099788502413317e-6
234.5,5.511e-6,165.6953224953224,3.102,0.0,3.9759405980592536e-9,0.0,0.0,1.4712230410990114e-6,0.0,1.1009248223309614e-7,1.036189657607159e-10,1.3285972432454897e-9,0.0,0.0,3.924276319860827e-6
235.5,5.274e-6,165.72500564146515,2.976,0.0,3.794273946761151e-9,0.0,0.0,1.4077969790874736e-6,0.0,1.0519064159509372e-7,1.0182241257046066e-10,1.2663587221618806e-9,0.0,0.0,3.7558499242359384e-6
236.5,5.068e-6,165.76347359902613,2.857,0.0,3.635785095791527e-9,0.0,0.0,1.3526673347373346e-6,0.0,1.0092035256478487e-7,1.0054576662747331e-10,1.2119958826078703e-9,0.0,0.0,3.6094639859528532e-6
237.5,4.874e-6,165.80220224697197,2.742,0.0,3.4866777676179407e-9,0.0,0.0,1.3007507014879584e-6,0.0,9.690096600178205e-8,9.938405817808894e-11,1.1608766359119832e-9,0.0,0.0,3.471601394048552e-6
238.5,4.688e-6,165.84079800432573,2.632,0.0,3.3441271483334218e-9,0.0,0.0,1.2509801402562282e-6,0.0,9.305355665787594e-8,9.823854900589137e-11,1.1120649995972327e-9,0.0,0.0,3.3394118723889593e-6
239.5,4.508e-6,165.8791747044814,2.527,0.0,3.206674864858682e-9,0.0,0.0,1.2028215787632947e-6,0.0,8.933795247446504e-8,9.706753710216601e-11,1.0650707095672588e-9,0.0,0.0,3.211471655650712e-6
240.5,4.318e-6,165.9180134189048,2.425,0.0,3.0627724026750154e-9,0.0,0.0,1.152003630011693e-6,0.0,8.543445528561746e-8,9.556755582753816e-11,1.0160335644140241e-9,0.0,0.0,3.076387541179773e-6
241.5,4.136e-6,165.95649457442178,2.328,0.0,2.925398625961363e-9,0.0,0.0,1.103331539792258e-6,0.0,8.170256648135236e-8,9.406675662765114e-11,9.69288544238147e-10,0.0,0.0,2.946977139799562e-6
242.5,3.962e-6,165.9953469811378,2.234,0.0,2.7943419415031866e-9,0.0,0.0,1.056802395563283e-6,0.0,7.813896370023794e-8,9.262153678768644e-11,9.247348082846599e-10,0.0,0.0,2.823246942449904e-6
243.5,3.792e-6,166.04565148769552,2.144,0.0,2.666325751834429e-9,0.0,0.0,1.011342686712591e-6,0.0,7.465447334153488e-8,9.135186931166016e-11,8.812668147097213e-10,0.0,0.0,2.7023638955100186e-6
244.5,3.617e-6,166.09668816685868,2.059,0.0,2.535615286531912e-9,0.0,0.0,9.64560644284337e-7,0.0,7.108434672415023e-8,8.978212948449929e-11,8.370300079532308e-10,0.0,0.0,2.577892581567543e-6
245.5,3.45e-6,166.1479608583956,1.977,0.0,2.4112254487374684e-9,0.0,0.0,9.199217186847881e-7,0.0,6.76828993299551e-8,8.824961258476028e-11,7.94980473219893e-10,0.0,0.0,2.4591009264507148e-6
246.5,3.291e-6,166.19874558555188,1.899,0.0,2.293205410750594e-9,0.0,0.0,8.774266713835836e-7,0.0,6.445095762175002e-8,8.672606661703703e-11,7.551404016455714e-10,0.0,0.0,2.345987299115653e-6
247.5,3.147e-6,166.24958384112173,1.824,0.0,2.186284880924951e-9,0.0,0.0,8.389397417842603e-7,0.0,6.152321526509427e-8,8.54397850671043e-11,7.190466107197944e-10,0.0,0.0,2.2435462716739333e-6
248.5,3.025e-6,166.2996748878511,1.753,0.0,2.095315656174771e-9,0.0,0.0,8.063269116357094e-7,0.0,5.9036358809843974e-8,8.457464095278197e-11,6.882926766738403e-10,0.0,0.0,2.156768546580645e-6
249.5,2.908e-6,166.34958899840237,1.685,0.0,2.0083391310015873e-9,0.0,0.0,7.750541668849462e-7,0.0,5.665563206795777e-8,8.371735142495285e-11,6.589250219160437e-10,0.0,0.0,2.073539219542753e-6
250.5,2.795e-6,166.4,1.619,0.0,1.9245545623426334e-9,0.0,0.0,7.448534252877711e-7,0.0,5.435976058243094e-8,8.287730681263244e-11,6.306657012730688e-10,0.0,0.0,1.9931487165593693e-6
251.5,2.697e-6,166.450059900346,1.556,0.0,1.8509709323491823e-9,0.0,0.0,7.186193066532257e-7,0.0,5.23497609112825e-8,8.254839128306601e-11,6.057713201943626e-10,0.0,0.0,1.9234916417916657e-6
252.5,2.614e-6,166.50134460212925,1.494,0.0,1.7879667106245356e-9,0.0,0.0,6.963869831943869e-7,0.0,5.063563041556243e-8,8.265022502900071e-11,5.843794896785692e-10,0.0,0.0,1.8645223899647188e-6
253.5,2.535e-6,166.5521637692502,1.435,0.0,1.7281452307414658e-9,0.0,0.0,6.752284801427898e-7,0.0,4.9006471988685414e-8,8.277497502876157e-11,5.64088708867775e-10,0.0,0.0,1.808390038953887e-6
254.5,2.458e-6,166.6032849324246,1.378,0.0,1.6700285344839543e-9,0.0,0.0,6.54608893974758e-7,0.0,4.74216790539095e-8,8.290269354595795e-11,5.444015048689911e-10,0.0,0.0,1.7536720942384332e-6
255.5,2.376e-6,166.6556115548339,1.322,0.0,1.6087690043515597e-9,0.0,0.0,6.326622378205741e-7,0.0,4.574464190070199e-8,8.283816618126652e-11,5.237257042671561e-10,0.0,0.0,1.6953777874039243e-6
256.5,2.29e-6,166.70821244456332,1.268,0.0,1.5451835479914948e-9,0.0,0.0,6.096575483284455e-7,0.0,4.399701726207691e-8,8.254527050548646e-11,5.023448809320193e-10,0.0,0.0,1.6342153607100486e-6
257.5,2.208e-6,166.76102672391409,1.216,0.0,1.4846867658162243e-9,0.0,0.0,5.877250015243501e-7,0.0,4.233280388454787e-8,8.229758646901444e-11,4.820211147014725e-10,0.0,0.0,1.575893189124115e-6
258.5,2.129e-6,166.8246734507448,1.166,0.0,1.4263590478002698e-9,0.0,0.0,5.665985016856783e-7,1.7384795800173977e-12,4.072838126894922e-8,8.211030470321159e-11,4.624339405626546e-10,0.0,0.0,1.5197004752727261e-6
259.5,2.049e-6,166.9182213470443,1.118,0.0,1.367155084819353e-9,0.0,0.0,5.452157473859933e-7,1.8524596534607574e-12,3.910063916328877e-8,8.191274595009035e-11,4.425649356305591e-10,0.0,0.0,1.4627901282246645e-6
260.5,1.971e-6,167.01379623226757,1.071,0.0,1.309623508561004e-9,0.0,0.0,5.243702486278725e-7,1.9772618841581898e-12,3.7516770182757546e-8,8.173749562050993e-11,4.232819267894744e-10,0.0,0.0,1.4072963609965148e-6
261.5,1.895e-6,167.10715085246974,1.027,0.0,1.2539931298434354e-9,0.0,0.0,5.040658387504899e-7,2.1043022216030926e-12,3.5980772427350777e-8,8.145149226460268e-11,4.04685987095551e-10,0.0,0.0,1.3532111539107342e-6
262.5,1.822e-6,167.20255741528732,0.9839,0.0,1.2006635615738958e-9,0.0,0.0,4.845642220747524e-7,2.24459655733903e-12,3.450708759583149e-8,8.123349442717184e-11,3.868740266829767e-10,0.0,0.0,1.3012576746501746e-6
263.5,1.741e-6,167.29727654913012,0.9429,0.0,1.1425407710423398e-9,0.0,0.0,4.629425550810318e-7,2.3776871918486215e-12,3.28901008458143e-8,8.049479970426705e-11,3.6757845279176053e-10,0.0,0.0,1.2435743523624238e-6
264.5,1.661e-6,167.3917703728555,0.9037,0.0,1.0855422369679145e-9,0.0,0.0,4.415942430043199e-7,2.5141143098623877e-12,3.130005254128525e-8,7.963121319934959e-11,3.487038592167442e-10,0.0,0.0,1.1865893130307012e-6
265.5,1.585e-6,167.4865974463376,0.866,0.0,1.0315827740398647e-9,0.0,0.0,4.2131615120537e-7,2.659876612560314e-12,2.9792692215425653e-8,7.880305177686612e-11,3.3085937241755716e-10,0.0,0.0,1.1324472515043577e-6
266.5,1.512e-6,167.59305286346842,0.83,0.0,9.792915537359554e-10,0.0,0.0,4.0181650693529623e-7,2.749421438859002e-12,2.8334685663893374e-8,7.806311585304629e-11,3.13515649296688e-10,0.0,0.0,1.080475187660486e-6
267.5,1.432e-6,167.6985879642037,0.7964,0.0,9.229831288635302e-10,0.0,0.0,3.804645842513581e-7,2.8053146057519972e-12,2.6754380716652522e-8,7.671528503968197e-11,2.94951139418609e-10,0.0,0.0,1.0234835801640618e-6
268.5,1.356e-6,167.80332175053564,0.7644,0.0,8.697948710958779e-10,0.0,0.0,3.6018597933117164e-7,2.860233690362009e-12,2.525845010062542e-8,7.535661936582017e-11,2.7745225812639253e-10,0.0,0.0,9.693301065859244e-7
269.5,1.284e-6,167.90800606092375,0.7337,0.0,8.19651876382261e-10,0.0,0.0,3.409792456884805e-7,2.9160490412016063e-12,2.3845566028273935e-8,7.401877873914749e-11,2.6098547365737937e-10,0.0,0.0,9.180176161054255e-7
270.5,1.216e-6,168.01280997352103,0.7042,0.0,7.725075283733297e-10,0.0,0.0,3.228435007931095e-7,2.9736364315710676e-12,2.2514907260681282e-8,7.271829468237597e-11,2.455297935626583e-10,0.0,0.0,8.695478626931593e-7
271.5,1.168e-6,168.11416308863497,0.6768,0.0,7.385596497236013e-10,0.0,0.0,3.1002746799641356e-7,3.0680593732871547e-12,2.156335215536572e-8,7.237047437347886e-11,2.3432978615689473e-10,0.0,0.0,8.353608518785937e-7
272.5,1.124e-6,168.21538317924345,0.6505,0.0,7.074327511576578e-10,0.0,0.0,2.9827887795738376e-7,3.1711219623721386e-12,2.069083967633156e-8,7.215609118920333e-11,2.240621605492147e-10,0.0,0.0,8.040234602414261e-7
273.5,1.081e-6,168.32255423158298,0.6253,0.0,6.770986739440023e-10,0.0,0.0,2.867984510652802e-7,3.2697828623391964e-12,1.9839515529118015e-8,7.190563309479359e-11,2.1406991795749197e-10,0.0,0.0,7.733956893977431e-7
274.5,1.04e-6,168.46275108111732,0.601,0.0,6.476934749886646e-10,0.0,0.0,2.758400680705664e-7,3.345941635473561e-12,1.9018415655278656e-8,7.176699495119976e-11,2.0434711029274904e-10,0.0,0.0,7.442143627522868e-7
275.5,1.009e-6,168.60689552494034,0.577,0.0,6.246934521294677e-10,0.0,0.0,2.675372818636928e-7,3.4587740136013293e-12,1.8383303026318042e-8,7.23079131240881e-11,1.9666893131413995e-10,0.0,0.0,7.221822860394078e-7
276.5,9.796e-7,168.75077437740683,0.554,0.0,6.029324929913709e-10,0.0,0.0,2.5966361355219186e-7,3.5774604822359234e-12,1.778178304779329e-8,7.289810784017469e-11,1.8941267284035622e-10,0.0,0.0,7.012857826658607e-7
277.5,9.509e-7,168.89476501935124,0.5319,0.0,5.818307909962966e-10,0.0,0.0,2.519799833324908e-7,3.699790453173004e-12,1.7197055085822102e-8,7.348313343775705e-11,1.8239287194864222e-10,0.0,0.0,6.808815549948511e-7
278.5,9.223e-7,169.03862826751026,0.5107,0.0,5.610196401257597e-10,0.0,0.0,2.443274121194434e-7,3.823016346411155e-12,1.6618253115081157e-8,7.401089760830757e-11,1.7549343155086248e-10,0.0,0.0,6.60539987779844e-7
279.5,8.834e-7,169.18642479567805,0.4898,0.0,5.341179362537938e-10,0.0,0.0,2.339496363154496e-7,3.907818912928761e-12,1.585697568933244e-8,7.368835649026718e-11,1.6671175417893933e-10,0.0,0.0,6.32814962129382e-7
280.5,8.461e-7,169.33388489030682,0.4698,0.0,5.084885011723093e-10,0.0,0.0,2.2400193002509577e-7,3.99371725372557e-12,1.5129967907171664e-8,7.33571896827473e-11,1.5836478827176586e-10,0.0,0.0,6.062238978713521e-7
281.5,8.105e-7,169.51200112392226,0.4506,0.0,4.837940376250685e-10,0.0,0.0,2.1449420458750228e-7,4.06791089581596e-12,1.4430431006925385e-8,7.309552774095089e-11,1.5030040639420468e-10,0.0,0.0,5.808641065229162e-7
282.5,7.766e-7,169.71584047894285,0.4321,0.0,4.6011932592438406e-10,0.0,0.0,2.0543054179557957e-7,4.133781366284539e-12,1.376028458805383e-8,7.29113385594166e-11,1.425558194545184e-10,0.0,0.0,5.56729453351062e-7
283.5,7.467e-7,169.91803194173994,0.4145,0.0,4.3914775113497735e-10,0.0,0.0,1.9743316772537944e-7,4.2132889771280565e-12,1.3167294623557615e-8,7.295620979684302e-11,1.356905344982809e-10,0.0,0.0,5.354475298666557e-7
284.5,7.179e-7,170.1192069740057,0.3977,0.0,4.1911740716716866e-10,0.0,0.0,1.8973388829168534e-7,4.292757921094923e-12,1.2599254903407229e-8,7.298121889450569e-11,1.2915312316205558e-10,0.0,0.0,5.149413122977627e-7
285.5,6.903e-7,170.3214131845734,0.3815,0.0,4.0003700207328454e-10,0.0,0.0,1.8235786796121735e-7,4.37558878353447e-12,1.2056974962819069e-8,7.303046718022701e-11,1.2294014082634802e-10,0.0,0.0,4.952847738771002e-7
286.5,6.622e-7,170.52308657130516,0.366,0.0,3.809343572217201e-10,0.0,0.0,1.7485645731371054e-7,4.448841412160162e-12,1.151103556359684e-8,7.290015751692727e-11,1.1675382376637857e-10,0.0,0.0,4.752574699427753e-7
287.5,6.278e-7,170.72240302329612,0.3513,0.0,3.585238478042637e-10,0.0,0.0,1.6569966242481585e-7,4.467274703608951e-12,1.086163479702363e-8,7.188387768473291e-11,1.0959232672595089e-10,0.0,0.0,4.50694235451242e-7
288.5,5.953e-7,170.92951165084804,0.3371,0.0,3.3741499648364034e-10,0.0,0.0,1.57048548272319e-7,4.485880793103511e-12,1.0249003539719202e-8,7.091915953539522e-11,1.028586498829468e-10,7.397714647077407e-12,0.0,4.2747937178661965e-7
289.5,5.646e-7,171.1842420697051,0.3236,0.0,3.172078113820064e-10,0.0,0.0,1.4887424637426975e-7,4.484874915660355e-12,9.663686538065716e-9,7.000660416562569e-11,9.64048909480381e-11,7.314347579744025e-12,0.0,4.055666485586735e-7
290.5,5.351e-7,171.43778165936598,0.3107,0.0,2.9800934726311794e-10,0.0,0.0,1.410246036582482e-7,4.4795515095489285e-12,9.105515833609647e-9,6.904335320959603e-11,9.029631203382226e-11,7.225331228047789e-12,0.0,3.845008266128979e-7
291.5,5.054e-7,171.67701069077242,0.299,0.0,2.791493583921124e-10,0.0,0.0,1.3313380471847916e-7,4.44567986502695e-12,8.552931695248099e-9,6.770717640557885e-11,8.434045107736877e-11,7.096274727378258e-12,0.0,3.632705246458052e-7
292.5,4.776e-7,171.91711887473286,0.2877,0.0,2.61612543749929e-10,0.0,0.0,1.257504150118248e-7,4.4151884836023575e-12,8.037945532066788e-9,6.644095490687834e-11,7.881564751472253e-11,6.974191053585968e-12,0.0,3.4339338093039966e-7
293.5,4.515e-7,172.15783624611035,0.2768,0.0,2.4526483563087077e-10,0.0,0.0,1.1882119831507801e-7,4.3871149347035264e-12,7.556713771951345e-9,6.522926903382002e-11,7.367847188385195e-11,6.857478014013613e-12,0.0,3.2472667074347334e-7
294.5,4.289e-7,172.39651708146036,0.2664,0.0,2.310718567297715e-10,0.0,0.0,1.1281962261747211e-7,4.3785485860324884e-12,7.13913646945106e-9,6.433017662899377e-11,6.921725618765257e-11,6.7732167869233306e-12,0.0,3.085654698581575e-7
295.5,4.148e-7,172.62768507157557,0.2567,0.0,2.2169491505268684e-10,0.0,0.0,1.0906010469873882e-7,4.442118002230259e-12,6.867797858571461e-9,6.451470974446125e-11,6.622531423050604e-11,6.802625746786473e-12,0.0,2.985084177599131e-7
296.5,4.011e-7,172.88022462918428,0.2474,0.0,2.1256599150089942e-10,0.0,0.0,1.0540606247878877e-7,4.502515235549191e-12,6.603455227117014e-9,6.469584161389583e-11,6.331285704109466e-11,6.83126693270874e-12,0.0,2.8873857382177007e-7
297.5,3.88e-7,173.20148358144814,0.2384,0.0,2.0357453580142096e-10,0.0,0.0,1.0190340255688268e-7,4.559442810475719e-12,6.344496087904958e-9,6.496726638244779e-11,6.042467172871717e-11,6.868267757243603e-12,0.0,2.7941170717073197e-7
298.5,3.715e-7,173.52000338399688,0.2298,0.0,1.9299127445483896e-10,0.0,0.0,9.75127555966051e-8,4.568212933112686e-12,6.033866209375545e-9,6.455380207507426e-11,5.708658841218459e-11,6.832783911774517e-12,0.0,2.676273455322324e-7
299.5,3.445e-7,173.82718982018562,0.2218,0.0,1.772589350714014e-10,0.0,0.0,9.037452054526309e-8,4.425705076724289e-12,5.5590579754542175e-9,6.204102687922705e-11,5.225926464191839e-11,6.5744504371428934e-12,0.0,2.482638620971763e-7
300.5,3.199e-7,174.13350574868466,0.2141,0.0,1.6303635938719615e-10,0.0,0.0,8.387361520143568e-8,4.292979599788679e-12,5.128717978715424e-9,5.970163316924248e-11,4.790738376948027e-11,6.333880686418071e-12,0.0,2.3061639458323677e-7
301.5,2.975e-7,174.43845060323093,0.2067,0.0,1.501850027711033e-10,0.0,0.0,7.795662237295068e-8,4.169630286323547e-12,4.738885763042621e-9,5.752694914658022e-11,4.398593342259372e-11,6.110207303919851e-12,0.0,2.145425141410762e-7
302.5,2.788e-7,174.73713177160528,0.1997,0.0,1.3943958223030879e-10,0.0,0.0,7.301603788318484e-8,4.0773812440501465e-12,4.412999174093332e-9,5.5817767186091744e-11,4.070726894661022e-11,5.935368794121622e-12,0.0,2.011249855743206e-7
303.5,2.668e-7,175.01055456991753,0.1935,0.0,1.3230448737547856e-10,0.0,0.0,6.983781918970136e-8,4.0568532120538175e-12,4.1986596608953e-9,5.514216798873608e-11,3.851036395930252e-11,5.86959641052964e-12,0.0,1.9252763768045724e-7
304.5,2.554e-7,175.27900759959985,0.1876,0.0,1.255949015909421e-10,0.0,0.0,6.68203407347268e-8,4.0348873958011295e-12,3.996454141938634e-9,5.446100483280837e-11,3.6451510617526006e-11,5.802979602815356e-12,0.0,1.843568598392947e-7
305.5,2.445e-7,175.60079814351212,0.1819,0.0,1.1910857403986298e-10,0.0,0.0,6.393086457020532e-8,4.01000152434221e-12,3.80097728352728e-9,5.3807518958356854e-11,3.445797280245587e-11,5.738714136754674e-12,0.0,1.7655103536480563e-7
306.5,2.349e-7,175.97236178282506,0.1763,0.0,1.132447491720284e-10,0.0,0.0,6.137926203643366e-8,3.9992387767766344e-12,3.62501040418194e-9,5.339271779391077e-11,3.264603823305243e-11,5.699510665918085e-12,0.0,1.696867453047427e-7
307.5,2.285e-7,176.33505562281883,0.171,0.0,1.0904347251671059e-10,0.0,0.0,5.966754605775091e-8,4.034792104704374e-12,3.5010460928786144e-9,5.360243105212015e-11,3.132668369131078e-11,5.726836490016324e-12,0.0,1.6512767363351558e-7
308.5,2.222e-7,176.7020007704521,0.1658,0.0,1.0495025599649055e-10,0.0,0.0,5.798362843556543e-8,4.0710339403811845e-12,3.3799007628245016e-9,5.3814781222386907e-11,3.004574895233801e-11,5.754545418561703e-12,0.0,1.606378344360799e-7
309.5,2.162e-7,177.06585140161835,0.1608,0.0,1.0107837333844528e-10,0.0,0.0,5.6380410551812045e-8,4.108717849795269e-12,3.265049964614321e-9,5.404493219712435e-11,2.8837349260534162e-11,5.7841609412329255e-12,0.0,1.563606859499865e-7
310.5,2.103e-7,177.43357207858787,0.1559,0.0,9.730992351182282e-11,0.0,0.0,5.480489438449617e-8,4.147135862147455e-12,3.1529261965243432e-9,5.427825455065505e-11,2.7665326830346106e-11,5.814216688316291e-12,0.0,1.5215296456153623e-7
311.5,2.048e-7,177.8051703036806,0.1511,0.0,9.378107341232918e-11,0.0,0.0,5.3335189647151494e-8,4.192431850692595e-12,3.0479717130394046e-9,5.4594599092953337e-11,2.6568035489636146e-11,5.8532756280928875e-12,0.0,1.482318492243354e-7
312.5,1.995e-7,178.1806464911484,0.1464,0.0,9.039566284199976e-11,0.0,0.0,5.191906698381694e-8,4.241063082773101e-12,2.9471100937389494e-9,5.494669376272315e-11,2.551769212089673e-11,5.8962897981624974e-12,0.0,1.4445282552083755e-7
313.5,1.943e-7,178.55161626119684,0.1419,0.0,8.712670344641507e-11,0.0,0.0,5.053122579560268e-8,4.287488735113138e-12,2.8492912403178234e-9,5.526874393512696e-11,2.4508303298957724e-11,5.936085599440375e-12,0.0,1.4074235563906446e-7
314.5,1.892e-7,178.93584669381144,0.1375,0.0,8.393080069534204e-11,0.0,0.0,4.9169874226665774e-8,4.334846580636332e-12,2.7534835715650272e-9,5.560108493238672e-11,2.352322374242741e-11,5.977140283981693e-12,0.0,1.3710327510553445e-7
315.5,1.845e-7,179.45842409245145,0.1332,0.0,8.068088910942394e-11,0.0,0.0,4.790070043675026e-8,4.3877548243551385e-12,2.657562373553705e-9,5.6071937342462525e-11,2.250037545160256e-11,6.033760344660931e-12,0.0,1.3377206247262353e-7
316.5,1.799e-7,179.99815127903128,0.1289,0.0,7.751291156254984e-11,0.0,0.0,4.665829064345221e-8,4.4463207531836554e-12,2.563869961582634e-9,5.660371781700021e-11,2.1506314307341548e-11,6.097249282589334e-12,0.0,1.305116728812425e-7
317.5,1.754e-7,180.51663870289218,0.1249,0.0,7.450630667830345e-11,0.0,0.0,4.544602720535849e-8,4.4984574861780805e-12,2.4743033178234905e-9,5.70576703253186e-11,2.0570529333251066e-11,6.1522214237148285e-12,0.0,1.2731688429157127e-7
318.5,1.708e-7,181.05200415896908,0.1209,0.0,7.149399576717754e-11,0.0,0.0,4.4208694324815944e-8,4.551013171796726e-12,2.384097458338328e-9,5.750596207783641e-11,1.9638705120335184e-11,6.206884828474553e-12,0.0,1.2404781165588009e-7
319.5,1.648e-7,181.5772679199086,0.1171,0.0,6.799491779353143e-11,0.0,0.0,4.2612578128399247e-8,4.558789461732947e-12,2.276625309054479e-9,5.7390463751647944e-11,1.8584559135196e-11,6.20061949798519e-12,0.0,1.1975606721290613e-7
320.5,1.591e-7,182.11986118227284,0.1133,0.0,6.467243013462303e-11,0.0,0.0,4.109565410084699e-8,4.574780734957228e-12,2.1744681306481915e-9,5.7371027894553585e-11,1.7585552301945663e-11,6.204929462668196e-12,0.0,1.1567946904797605e-7
321.5,1.535e-7,182.6509525720588,0.1097,0.0,6.149263945975428e-11,0.0,0.0,3.960843635779053e-8,4.584149915751655e-12,2.0760471249239403e-9,5.727283266538323e-11,1.6636748481044152e-11,6.200578876254888e-12,0.0,1.1166932956788736e-7
322.5,1.482e-7,183.16879177949477,0.1063,0.0,5.85309627517327e-11,0.0,0.0,3.8202444999082173e-8,4.592375395408365e-12,1.983971940309708e-9,5.716569294890699e-11,1.5757748041372558e-11,6.195087393337038e-12,0.0,1.0787134119407737e-7
323.5,1.437e-7,183.70346615455114,0.1029,0.0,5.59261564300677e-11,0.0,0.0,3.7003945512991896e-8,4.625993050295408e-12,1.9035182595980355e-9,5.736665896387714e-11,1.4980184296213635e-11,6.223201190743609e-12,0.0,1.0465341403347886e-7
324.5,1.393e-7,184.25192992745937,0.09962,0.0,5.3409561190402965e-11,0.0,0.0,3.5832900436882404e-8,4.6584711245862105e-12,1.8254242044643773e-9,5.754066139788651e-11,1.4232492084227703e-11,6.24927114458787e-12,0.0,1.0150558490171154e-7
325.5,1.35e-7,185.01075567919779,0.09646,0.0,5.0785947369121516e-11,0.0,0.0,3.4680108868299044e-8,4.695506845184349e-12,1.7438535309171238e-9,5.7615214224929195e-11,1.3446515427797538e-11,6.276232822498362e-12,0.0,9.84432181840943e-8
326.5,1.309e-7,185.76964113978755,0.0934,0.0,4.83157611387183e-11,0.0,0.0,3.358151338363387e-8,4.735264677680384e-12,1.666775404347581e-9,5.771942511777317e-11,1.2710395281550505e-11,6.306542262847715e-12,0.0,9.552192382353996e-8
327.5,1.271e-7,186.53297095576332,0.09042,0.0,4.602394876959663e-11,0.0,0.0,3.256227998838598e-8,4.783040836762205e-12,1.5951656413294236e-9,5.791459358559438e-11,1.20293391604919e-11,6.3470574953867665e-12,0.0,9.281545639043677e-8
328.5,1.235e-7,187.29497746816327,0.08754,0.0,4.3873975238915035e-11,0.0,0.0,3.159686700187949e-8,4.834458420039312e-12,1.5277736693360178e-9,5.814909452904682e-11,1.1393506756310406e-11,6.392050564598759e-12,0.0,9.025071624327557e-8
329.5,1.199e-7,188.05746504559409,0.08475,0.0,4.178821573444364e-11,0.0,0.0,3.06338680267294e-8,4.882377463658023e-12,1.4619659935538578e-9,5.833589411206087e-11,1.078189306957645e-11,6.43201070823356e-12,0.0,8.768194558862877e-8
330.5,1.165e-7,188.8196429023365,0.08205,0.0,3.983425730663761e-11,0.0,0.0,2.972436418679644e-8,4.934698199868614e-12,1.4001376994212757e-9,5.857005833981705e-11,1.0211506580129587e-11,6.477384502473033e-12,0.0,8.525547020885337e-8
331.5,1.126e-7,189.586568064086,0.07942,0.0,3.776693813262007e-11,0.0,0.0,2.868953278449186e-8,4.96249827082348e-12,1.333733414916597e-9,5.850702080938493e-11,9.6187644249186e-12,6.490128649614622e-12,0.0,8.245938845030418e-8
332.5,1.088e-7,190.3578729564174,0.07686,0.0,3.579276775908944e-11,0.0,0.0,2.768261563924113e-8,4.990162652688042e-12,1.2700108644651203e-9,5.84383936811052e-11,9.056514198773557e-12,6.50238135797124e-12,0.0,7.973259327664413e-8
333.5,1.051e-7,191.126810126667,0.07439,0.0,3.3914550278701626e-11,0.0,0.0,2.6703863510717528e-8,5.015997616230649e-12,1.2090570859383406e-9,5.83479790346799e-11,8.525480274824805e-12,6.512155341856095e-12,0.0,7.707476324079783e-8
334.5,1.016e-7,192.0619711022402,0.072,0.0,3.2059355337941705e-11,0.0,0.0,2.5770972785967262e-8,5.050116821798163e-12,1.1486511522999028e-9,5.800089106151145e-11,7.999628064710863e-12,6.51884507625728e-12,0.0,7.457074722537062e-8
335.5,9.782e-8,193.13821708765886,0.06972,0.0,3.010649511730859e-11,0.0,0.0,2.476404630000583e-8,5.065140384269613e-12,1.0843021222312914e-9,5.712595709462892e-11,7.451538411704202e-12,6.488652356483031e-12,0.0,7.186541379439847e-8
336.5,9.414e-8,194.2155529761302,0.06751,0.0,2.82594902897646e-11,0.0,0.0,2.3785989604241612e-8,5.078193046842871e-12,1.0230891023267461e-9,5.624086341791468e-11,6.9377273780966264e-12,6.455987229637487e-12,0.0,6.922794903206939e-8
337.5,9.059e-8,195.29291601686612,0.06537,0.0,2.6523133463123728e-11,0.0,0.0,2.284428005413038e-8,5.090776481359053e-12,9.65234970729784e-10,5.536398892833054e-11,6.458695472042357e-12,6.422850865775974e-12,0.0,6.66806255299292e-8
338.5,8.719e-8,196.36385231928523,0.06331,0.0,2.490161817493553e-11,0.0,0.0,2.1944027161417292e-8,5.1030566882042195e-12,9.109224262886581e-10,5.45031282986182e-11,6.015000856154453e-12,6.3897563405163944e-12,0.0,6.423813785193562e-8
339.5,8.412e-8,197.4211090870417,0.06134,0.0,2.3442908868870125e-11,0.0,0.0,2.1130484784497703e-8,5.125008905575865e-12,8.619503431083756e-10,5.3769210010731197e-11,5.6176234890137244e-12,6.3694311622007526e-12,0.0,6.203324068995754e-8
340.5,8.12e-8,198.47347015279524,0.05944,0.0,2.208341639470846e-11,0.0,0.0,2.0357666711563605e-8,5.1487245777687004e-12,8.161005420873892e-10,5.306676119860439e-11,5.2499654968847376e-12,6.351449409752712e-12,0.0,5.993433242927128e-8
341.5,7.839e-8,199.51935875156147,0.05761,0.0,2.0808055804641714e-11,0.0,0.0,1.9615390936624495e-8,5.171818451098008e-12,7.728620709617566e-10,5.237180481391858e-11,4.907857851322705e-12,6.332912621106896e-12,0.0,5.7912154542871667e-8
342.5,7.567e-8,200.57503687415806,0.05582,0.0,1.9599903609392136e-11,0.0,0.0,1.889791765240304e-8,5.1964179780743345e-12,7.317083966415828e-10,5.1691354819540796e-11,4.586195763750917e-12,6.315696763345233e-12,0.0,5.595298438202128e-8
343.5,7.297e-8,201.71610336934742,0.05412,0.0,1.8408203243580396e-11,4.869657606055831e-13,3.4786953930965096e-12,1.818467684541832e-8,5.210174778738965e-12,6.910181467685867e-10,5.0743823214377195e-11,4.27039223026018e-12,6.27791943758231e-12,1.7495322216016569e-12,5.4003679301533246e-8
344.5,7.035e-8,203.26927531183415,0.05248,0.0,1.7133023176605966e-11,5.074823553555686e-13,3.70236067525654e-12,1.7485576743165577e-8,5.218127478420148e-12,6.480002483003853e-10,4.905077809866857e-11,3.928211710282721e-12,6.201350420787887e-12,1.7419710005395207e-12,5.212893970361813e-8
345.5,6.782e-8,204.83206594999302,0.05088,0.0,1.594156414187367e-11,5.290806360836075e-13,3.94253945814092e-12,1.6811880850562792e-8,5.2269528890513224e-12,6.075127922816596e-10,4.741161577077663e-11,3.6121416809679334e-12,6.126200533993984e-12,1.734665150890967e-12,5.0316081596893756e-8
346.5,6.538e-8,206.38337788454237,0.04934,0.0,1.4836437540466476e-11,5.512666093931521e-13,4.1951232604265145e-12,1.616403677271982e-8,5.234183551538102e-12,5.696568699553424e-10,4.5825148808374386e-11,3.3225696857621883e-12,6.050717671402121e-12,1.726933622550695e-12,4.8564563976574925e-8
347.5,6.307e-8,207.92056820873006,0.04786,0.0,1.382145190118518e-11,5.743550171402076e-13,4.462818383430585e-12,1.5551776962388952e-8,5.243063921177797e-12,5.346467302244588e-10,4.43199098987848e-11,3.0595325737437124e-12,5.978784356670626e-12,1.7198659686408587e-12,4.690439652536581e-8
348.5,6.086e-8,209.44079403616644,0.04644,0.0,1.2884621610176295e-11,5.980766200525326e-13,4.743856536012792e-12,1.4967511621175306e-8,5.2513087703960854e-12,5.020868160164244e-10,4.2875406917884924e-11,2.819588221290256e-12,5.90786461402467e-12,1.7127246172316008e-12,4.53136081149012e-8
349.5,5.873e-8,210.95220680601344,0.04507,0.0,1.20140974302383e-11,6.225240092995111e-13,5.039934504288869e-12,1.4405899045733224e-8,5.258607660267382e-12,4.715998768696598e-10,4.1478766648176357e-11,2.599241817349649e-12,5.8371787203285274e-12,1.7053586206089779e-12,4.377794536798656e-8
350.5,5.668e-8,212.4756400421336,0.04373,0.0,1.1200295634192457e-11,6.484167740359491e-13,5.3590502504818505e-12,1.3866265472520663e-8,5.267921054843597e-12,4.4290711652163626e-10,4.01318799758175e-11,2.395449962940463e-12,5.768917756009695e-12,1.6985936303175255e-12,4.229835688591907e-8
351.5,5.415e-8,213.95132224186375,0.04247,0.0,1.0347456562631893e-11,6.669735751268949e-13,5.6237501974692836e-12,1.3213241069505267e-8,5.217886722261928e-12,4.121137466455443e-10,3.843381772694042e-11,2.1885172172403965e-12,5.639710610547653e-12,1.6731248786258552e-12,4.0454853946358344e-8
352.5,5.128e-8,215.38578739071883,0.04128,0.0,9.484656167967139e-12,6.786469277318114e-13,5.834485168764107e-12,1.2481520951452745e-8,5.1178664128618905e-12,3.8038098923117455e-10,3.648254481670842e-11,1.9844122807884865e-12,5.4615663038611596e-12,1.6322009601867438e-12,3.835142168027721e-8
353.5,4.86e-8,216.82445879549704,0.04012,0.0,8.699672835638797e-12,6.912027652618556e-13,6.0594070972639635e-12,1.179932969083612e-8,5.024152596575932e-12,3.51336031961748e-10,3.465728956330503e-11,1.80050111318554e-12,5.293476030304792e-12,1.5936450191691026e-12,3.638551493018143e-8
354.5,4.609e-8,219.02289947155094,0.03899,0.0,7.839281078692087e-12,6.8960451245257e-13,5.978457023966564e-12,1.1148981341360859e-8,4.913889657262821e-12,3.2080993190833297e-10,3.2022934829977365e-11,0.0,5.051878996116262e-12,1.5266551192183501e-12,3.456218602551312e-8
355.5,4.418e-8,221.18419962090846,0.03793,0.0,7.1455061951005435e-12,6.933409058607778e-13,5.936905705549962e-12,1.0648010083339273e-8,4.851081798254811e-12,2.962776087686185e-10,2.988781071480538e-11,0.0,4.867652732720704e-12,1.476059311757351e-12,3.318085395052806e-8
356.5,4.299e-8,223.25803211522316,0.03694,0.0,6.625077084013459e-12,7.062705731919082e-13,5.9762162450774256e-12,1.0324815561079396e-8,4.855684092049735e-12,2.7817659202076e-10,2.834734382074529e-11,0.0,4.760051831375032e-12,1.448210107293651e-12,3.23342889931461e-8
357.5,4.184e-8,225.3445939588171,0.03597,0.0,6.141811265508535e-12,7.197701571487355e-13,6.018097665209368e-12,1.0012975836939895e-8,4.861988874380962e-12,2.611701065506093e-10,2.6886777745518668e-11,0.0,4.655789866465845e-12,1.4212083365927337e-12,3.1515148612598674e-8
358.5,4.071e-8,227.42101720231702,0.03503,0.0,5.6935596108335756e-12,7.331598041984567e-13,6.057584240317132e-12,9.708022894031702e-9,4.866276697805949e-12,2.45178008456514e-10,2.5497571136018726e-11,0.0,4.5524358563651794e-12,1.3942661231697382e-12,3.070800424404307e-8
359.5,3.95e-8,229.4849487069118,0.03412,0.0,5.2647599623921255e-12,7.444998182384703e-13,6.07899662799755e-12,9.386172262826827e-9,4.856088923583409e-12,2.2956937200191078e-10,2.4116083060447193e-11,0.0,4.4387659811551905e-12,1.3639325868031521e-12,2.983739523821065e-8
360.5,3.802e-8,231.53387484555037,0.03324,0.0,4.831018796572979e-12,7.497220831308117e-13,6.050223557908992e-12,9.002661553796767e-9,4.806194039035959e-12,2.1329088422221805e-10,2.263126520045683e-11,0.0,4.293176295606188e-12,1.323511770994653e-12,2.8759362450237305e-8
361.5,3.66e-8,233.58933040836814,0.03238,0.0,4.4328320375503326e-12,7.55174077760664e-13,6.022901564074496e-12,8.635688726448884e-9,4.7577658626003e-12,1.9816650155392448e-10,2.123852433040483e-11,0.0,4.152890026590924e-12,1.2844655623487697e-12,2.772350021853586e-8
362.5,3.525e-8,235.65038038265777,0.03154,0.0,4.068842420650028e-12,7.611164920650819e-13,5.999063811591113e-12,8.287481399753902e-9,4.712393884331552e-12,1.841831835855099e-10,1.993946439280893e-11,0.0,4.019125723341943e-12,1.2471837619641325e-12,2.673758822617383e-8
363.5,3.392e-8,237.690481294639,0.03073,0.0,3.733243513298113e-12,7.660695999139491e-13,5.967966006541702e-12,7.946528972454239e-9,4.661976040038748e-12,1.7109620187053458e-10,1.870806570885538e-11,0.0,3.886018949661134e-12,1.2098069898554737e-12,2.5763441678867065e-8
364.5,3.251e-8,239.60184114733008,0.02999,0.0,3.421895281808051e-12,7.657964296398883e-13,5.9008887043930476e-12,7.590834502675238e-9,4.585630696158989e-12,1.5865600789808118e-10,1.751044223879402e-11,0.0,3.741166549916717e-12,1.168265125236441e-12,2.4723415404400732e-8
365.5,3.117e-8,242.0241084309135,0.02925,7.200205069432325e-13,3.0975926742926296e-12,7.625017582323645e-13,5.736981581836856e-12,7.2483524254656035e-9,4.5083122962045536e-12,1.4607141912390263e-10,1.6174582767685637e-11,0.0,3.5743531968036225e-12,1.11225650352508e-12,2.373988955412497e-8
366.5,2.99e-8,245.54185365245792,0.02854,7.396875105326735e-13,2.7286463899581058e-12,7.492528503604705e-13,5.338573455332696e-12,6.914644478819223e-9,4.416671424901361e-12,1.324603032729691e-10,1.4490208078259455e-11,0.0,3.3499361430673484e-12,1.0220556751809422e-12,2.2820060186380218e-8
367.5,2.868e-8,249.04538128692033,0.02785,7.596139954457367e-13,2.404259634874401e-12,7.360973912165256e-13,4.968003336606487e-12,6.595864024712316e-9,4.326142204737868e-12,1.2013415093574048e-10,1.2983677958898082e-11,0.0,3.139626333768331e-12,9.392499056649147e-13,2.1933745153590732e-8
368.5,2.774e-8,252.3735106759267,0.02721,7.83903432525824e-13,2.1452116577670184e-12,7.283333521932891e-13,4.66880334917464e-12,6.346037581712852e-9,4.268346583986893e-12,1.1017264396784512e-10,1.1770925540058759e-11,0.0,2.970516781154149e-12,8.722232530148469e-13,2.125558151036943e-8
369.5,2.684e-8,255.67314274278675,0.02659,8.08779258995963e-13,1.9160099160521854e-12,7.207413288351376e-13,4.3901074372557716e-12,6.107901844985059e-9,4.211952397387398e-12,1.0111552202569101e-10,1.0680781305298539e-11,0.0,2.811945052339328e-12,8.105211559490137e-13,2.0604631795137134e-8
370.5,2.597e-8,258.9955144951249,0.02598,8.34821004158041e-13,1.7103681148195665e-12,7.133451522397239e-13,4.127270396114309e-12,5.8785390481253006e-9,4.156902580034095e-12,9.276999946262237e-11,9.687394317985974e-12,0.0,2.6614596015216892e-12,7.529807661872754e-13,1.9974046410479014e-8
371.5,2.513e-8,262.28401882629714,0.02539,8.611769475971995e-13,1.5281290528672125e-12,7.058974840123414e-13,3.881503479838324e-12,5.6583808998581476e-9,4.101950816337131e-12,8.516371490046661e-11,8.79263558424772e-12,0.0,2.519720625640507e-12,6.998506627540546e-13,1.9363364520588093e-8
372.5,2.436e-8,265.4767782474574,0.02483,8.882564542383778e-13,1.3708660823833814e-12,6.99288255711609e-13,3.6597658626335286e-12,5.456794131792004e-9,4.052465164676095e-12,7.843742400068889e-11,8.009336365282414e-12,0.0,2.3912053123768765e-12,6.523671407140403e-13,1.8803044893569292e-8
373.5,2.363e-8,268.6834003997136,0.02428,9.170538558497815e-13,1.2302046239511124e-12,6.932744716133353e-13,3.4526123048992424e-12,5.2658279642878845e-9,4.0066126409051834e-12,7.227515250285455e-11,7.298778062180933e-12,0.0,2.27056918095642e-12,6.08412884813947e-13,1.8271419365184094e-8
374.5,2.292e-8,271.90318476047213,0.02374,9.469321004758293e-13,1.103512704384008e-12,6.873048959984117e-13,3.2564851849601783e-12,5.0809264950321185e-9,3.9611910602995855e-12,6.657627700956338e-11,6.648885061294557e-12,0.0,2.1556139241808805e-12,5.672715895374852e-13,1.7753170031437183e-8
375.5,2.223e-8,275.0737002691714,0.02322,9.767723240534122e-13,9.909760138804524e-13,6.811060056288341e-13,3.0725759064452987e-12,4.902530150592871e-9,3.914835920649932e-12,6.137045997627115e-11,6.062207716805905e-12,0.0,2.0469916111266658e-12,5.291910950185774e-13,1.724782473283725e-8
376.5,2.152e-8,278.1899556226374,0.02272,1.0045714276638294e-12,8.89389475166517e-13,6.734275700442811e-13,2.8948880561639606e-12,4.7217920911085396e-9,3.860400837278175e-12,5.65129496714335e-11,5.5225918991147755e-12,0.0,1.9408367648656273e-12,4.930535246037126e-13,1.672441579966513e-8
377.5,2.082e-8,281.3111474598959,0.02223,1.0326154816548345e-12,7.976225978520187e-13,6.654421457138696e-13,2.7256555649747457e-12,4.544840365540076e-9,3.804456587096965e-12,5.200329621368321e-11,5.027383101622767e-12,0.0,1.8389772231572814e-12,4.590690085115751e-13,1.6206805116535658e-8
378.5,2.014e-8,284.6303108292957,0.02176,1.0295218410698842e-12,0.0,6.459219232585611e-13,2.504193980704078e-12,4.3705809193721145e-9,3.741502628062893e-12,4.7514180460097556e-11,4.445710851852112e-12,0.0,1.7218289066407503e-12,0.0,1.57078162200362e-8
379.5,1.948e-8,288.19553542703267,0.0213,9.981797622029825e-13,0.0,6.166365090535619e-13,2.2465189142350895e-12,4.198562568498544e-9,3.673190865537318e-12,4.307571532372858e-11,3.819935555103497e-12,0.0,1.5932490690078774e-12,0.0,1.5225414005502583e-8
380.5,1.886e-8,291.67854292278184,0.02086,9.686570067057865e-13,0.0,5.894155268432218e-13,2.0207757745427987e-12,4.0377802141960825e-9,3.608310622852868e-12,3.914734981000291e-11,3.2943418383070202e-12,0.0,1.4771788568935353e-12,0.0,1.477111375636777e-8
381.5,1.826e-8,295.07245648414965,0.02044,9.399433205283895e-13,0.0,5.635757770366919e-13,1.8211238507993606e-12,3.883786533643638e-9,3.543228542624401e-12,3.563456088387426e-11,2.849460133232196e-12,0.0,1.3710700674933188e-12,0.0,1.4329490503780771e-8
382.5,1.768e-8,298.5368369296051,0.02002,9.121492686674503e-13,0.0,5.387444029249523e-13,1.6388029882549315e-12,3.7352643414350005e-9,3.480440644190791e-12,3.2396391281377993e-11,2.458964573822546e-12,0.0,1.2715047793935322e-12,0.0,1.3902038660626367e-8
383.5,1.713e-8,301.9044923907399,0.01962,8.857007103264373e-13,0.0,5.155282598251607e-13,1.4787200825223518e-12,3.5954479122899064e-9,3.419628812077262e-12,2.952364072528074e-11,2.1302079017595776e-12,0.0,1.1813629886287986e-12,0.0,1.349541729822967e-8
384.5,1.657e-8,305.2547232869928,0.01923,8.585871321854414e-13,0.0,4.925284810463307e-13,1.332558717715834e-12,3.455258718466569e-9,3.3540806167527715e-12,2.6869651045822134e-11,1.8434204359747303e-12,0.0,1.0960342894216894e-12,0.0,1.307889442081451e-8
385.5,1.597e-8,308.4965588202804,0.01886,8.292027181110793e-13,0.0,4.690224310633299e-13,1.1991989551882757e-12,3.309093751922377e-9,3.276287986407434e-12,2.441292329485847e-11,1.5951468935267405e-12,0.0,1.0145196189908414e-12,0.0,1.2628109946179476e-8
386.5,1.54e-8,311.71240777279087,0.0185,8.012270626117887e-13,0.0,4.469134645446828e-13,1.0803402126699417e-12,3.1709205743928765e-9,3.2016190551607953e-12,2.2202847248617457e-11,1.3822222584265043e-12,0.0,9.39859910180231e-13,0.0,1.219902439639491e-8
387.5,1.486e-8,314.89949415490804,0.01815,7.746715131131258e-13,0.0,4.261618749103446e-13,9.74471298640224e-13,3.0406126951909336e-9,3.130261112851197e-12,2.0216218371552658e-11,1.1996246339231227e-12,0.0,8.715583930151953e-13,0.0,1.179179433761106e-8
388.5,1.434e-8,318.0549255504161,0.01781,7.490248555846775e-13,0.0,4.0644531143828594e-13,8.796172187972085e-13,2.9160108241302154e-9,3.0602716733738073e-12,1.8419030956879387e-11,1.0423061589920006e-12,0.0,8.085866733643569e-13,0.0,1.1398623893021354e-8
389.5,1.387e-8,321.0802623920472,0.01749,7.258225976280977e-13,0.0,3.887143837927707e-13,7.980035935607078e-13,2.8036200607384694e-9,2.9970713422847526e-12,1.685983949903514e-11,9.116225172694319e-13,0.0,7.530993593397056e-13,0.0,1.1042945765968618e-8
390.5,1.341e-8,324.064311684862,0.01718,7.030282251182222e-13,0.0,3.7165928997616087e-13,7.242935527943853e-13,2.694658069856161e-9,2.9334546849524405e-12,1.5437815673878715e-11,7.980871254029631e-13,0.0,7.014889703108317e-13,0.0,1.0693672102621408e-8
391.5,1.298e-8,327.00381807635625,0.01688,6.816966704694006e-13,0.0,3.5581112048813524e-13,6.587520104844345e-13,2.59307111317668e-9,2.8738894156954945e-12,1.4163114552490073e-11,7.005144550713271e-13,0.0,6.545139653725145e-13,0.0,1.0366840594633247e-8
392.5,1.256e-8,329.99603808199,0.01658,6.608255320686686e-13,0.0,3.40464515192001e-13,5.982845490835587e-13,2.4942679386139313e-9,2.8152576823309513e-12,1.2977101787024206e-11,6.13600217351997e-13,0.0,6.100906587970216e-13,0.0,1.004711643644422e-8
393.5,1.219e-8,332.83840448464446,0.0163,6.280456107356072e-13,0.0,0.0,0.0,2.4042366129846996e-9,2.7635549966185013e-12,1.1800108175000466e-11,0.0,0.0,5.642075615601441e-13,0.0,9.770007470671386e-9
394.5,1.183e-8,335.6259613340641,0.01603,5.941368923334577e-13,0.0,0.0,0.0,2.316624531469556e-9,2.7113953435845476e-12,1.0710565669502325e-11,0.0,0.0,5.20731218162971e-13,0.0,9.498838639406862e-9
395.5,1.148e-8,338.46087120291133,0.01576,5.617746197668042e-13,0.0,0.0,0.0,2.231772723000672e-9,2.6605212811348953e-12,9.709879573480428e-12,0.0,0.0,4.801605454539195e-13,0.0,9.234814940979492e-9
396.5,1.115e-8,341.3447707316599,0.01549,5.313870368672029e-13,0.0,0.0,0.0,2.151581617110136e-9,2.6133168440533786e-12,8.799798604908824e-12,0.0,0.0,4.427353165464936e-13,0.0,8.986031145087488e-9
397.5,1.087e-8,344.0602257085491,0.01524,5.05295423607801e-13,0.0,0.0,0.0,2.0829020872426095e-9,2.5748174185072407e-12,8.037167203332018e-12,0.0,0.0,4.1099377899535633e-13,0.0,8.77556963893295e-9
398.5,1.062e-8,346.8205959647415,0.01499,4.813205038957159e-13,0.0,0.0,0.0,2.0205197683453157e-9,2.5427897566627453e-12,7.348493820374108e-12,0.0,0.0,3.820394220375958e-13,0.0,8.588725588151715e-9
399.5,1.038e-8,349.5142094773852,0.01475,4.589453389238288e-13,0.0,0.0,0.0,1.9611182223658175e-9,2.5114988680730733e-12,6.732270973273097e-12,0.0,0.0,3.5569310966774186e-13,0.0,8.408823369344244e-9
400.5,1.014e-8,352.13703637685023,0.01452,4.3765483869617286e-13,0.0,0.0,0.0,1.9027682456458647e-9,2.4785502148279503e-12,6.174834350431081e-12,0.0,0.0,3.3140505801554035e-13,0.0,8.227809309892163e-9
401.5,9.922e-9,354.9185704477659,0.01428,4.174296374731845e-13,0.0,0.0,0.0,1.8484312492528328e-9,2.4515709473914156e-12,5.651279219134772e-12,0.0,0.0,3.0839918279451575e-13,0.0,8.064740071760371e-9
402.5,9.735e-9,357.5096881155086,0.01406,3.9991255213047326e-13,0.0,0.0,0.0,1.8013810757147432e-9,2.4296298890204015e-12,5.209857857557281e-12,0.0,0.0,2.887552126145492e-13,0.0,7.925290768773935e-9
403.5,9.551e-9,360.14167096850395,0.01384,3.829605135548036e-13,0.0,0.0,0.0,1.7552222981355626e-9,2.408102896874122e-12,4.797873220685737e-12,0.0,0.0,2.7014472436600514e-13,0.0,7.787918620508956e-9
404.5,9.371e-9,362.8158286802909,0.01362,3.6660027929792614e-13,0.0,0.0,0.0,1.7101305853136652e-9,2.3872576070934876e-12,4.414175854151925e-12,0.0,0.0,2.52551982597062e-13,0.0,7.653448828963195e-9
405.5,9.196e-9,365.5335349110217,0.0134,3.508548302711916e-13,0.0,0.0,0.0,1.6662762752234908e-9,2.3673730522523898e-12,4.0575665220007385e-12,0.0,0.0,2.359573254739878e-13,0.0,7.522711973046511e-9
406.5,9.034e-9,368.16965726423945,0.01319,3.3639632763920644e-13,0.0,0.0,0.0,1.6256244480112752e-9,2.3494161497913676e-12,3.741077312492388e-12,0.0,0.0,2.2101361469809094e-13,0.0,7.401727648584104e-9
407.5,8.874e-9,370.7195644854353,0.01299,3.2275531582249775e-13,0.0,0.0,0.0,1.586152349774783e-9,2.3305691365718655e-12,3.4560645275834994e-12,0.0,0.0,2.0731681844320016e-13,0.0,7.2815309444267975e-9
408.5,8.717e-9,373.3090373971976,0.01279,3.095567084852989e-13,0.0,0.0,0.0,1.5474889049125612e-9,2.312242438151711e-12,3.189749772246166e-12,0.0,0.0,1.943312018361479e-13,0.0,7.163505214966719e-9
409.5,8.564e-9,375.9393232212733,0.01259,2.968248311727354e-13,0.0,0.0,0.0,1.509802928714418e-9,2.2947199835293312e-12,2.941450172332506e-12,0.0,0.0,1.820483591981407e-13,0.0,7.04848202793935e-9
410.5,8.408e-9,378.4770875580489,0.0124,2.846642077950759e-13,0.0,0.0,0.0,1.4723824845615035e-9,2.274957363528253e-12,2.716660741983296e-12,0.0,0.0,1.707101933787993e-13,0.0,6.930170522931811e-9
411.5,8.256e-9,381.2404337372991,0.0122,2.707428177955262e-13,0.0,0.0,0.0,1.4342399183062733e-9,2.258205134368543e-12,2.4648320086287015e-12,0.0,0.0,0.0,0.0,6.816766301732934e-9
412.5,8.107e-9,383.9792169985561,0.01201,2.552690918998608e-13,0.0,0.0,0.0,1.395796905110714e-9,2.2421229408141474e-12,2.198809932244476e-12,0.0,0.0,0.0,0.0,6.706506892924327e-9
413.5,7.96e-9,386.6141188574941,0.01183,2.410257277170607e-13,0.0,0.0,0.0,1.3587033807789399e-9,2.224987787238541e-12,1.96844734473726e-12,0.0,0.0,0.0,0.0,6.596862158361368e-9
414.5,7.806e-9,389.28942112335926,0.01165,2.271552853611275e-13,0.0,0.0,0.0,1.320761251958795e-9,2.205572559197154e-12,1.757517083320104e-12,0.0,0.0,0.0,0.0,6.481048503113327e-9
415.5,7.652e-9,392.0063820154198,0.01147,2.138634515516527e-13,0.0,0.0,0.0,1.2831799042410792e-9,2.1858024120152867e-12,1.566260200453874e-12,0.0,0.0,0.0,0.0,6.364854169694899e-9
416.5,7.502e-9,394.6118389382427,0.0113,2.0170567543926225e-13,0.0,0.0,0.0,1.2472641105425988e-9,2.1654794868477946e-12,1.401441158605356e-12,0.0,0.0,0.0,0.0,6.250967263136509e-9
417.5,7.354e-9,397.2567915822623,0.01113,1.9009988401043938e-13,0.0,0.0,0.0,1.2120203407610754e-9,2.1453751804199656e-12,1.2520489806123598e-12,0.0,0.0,0.0,0.0,6.138392135193881e-9
418.5,7.206e-9,399.94245582150523,0.01096,1.789778535549577e-13,0.0,0.0,0.0,1.1771169903692187e-9,2.1249069946101408e-12,1.1165138508688279e-12,0.0,0.0,0.0,0.0,6.025462610931747e-9
419.5,7.057e-9,402.508468840959,0.0108,1.68708980740056e-13,0.0,0.0,0.0,1.143009146026597e-9,2.1024083184796514e-12,9.992603777457949e-13,0.0,0.0,0.0,0.0,5.910720476296437e-9
420.5,6.912e-9,405.11278197375407,0.01064,1.5895730927287566e-13,0.0,0.0,0.0,1.1098788874597996e-9,2.0807102962254784e-12,8.932240698413295e-13,0.0,0.0,0.0,0.0,5.79898822086486e-9
421.5,6.769e-9,407.7565558950146,0.01048,1.4965729734957092e-13,0.0,0.0,0.0,1.077394645254583e-9,2.0592296923052535e-12,7.972065842834486e-13,0.0,0.0,0.0,0.0,5.688599261171478e-9
422.5,6.628e-9,410.2720113869907,0.01033,1.4114849616228568e-13,0.0,0.0,0.0,1.0461413041869501e-9,2.0366053101414272e-12,7.14609313592451e-13,0.0,0.0,0.0,0.0,5.578966332693153e-9
423.5,6.482e-9,412.82426177725426,0.01018,1.3288585369717975e-13,0.0,0.0,0.0,1.0144131604329286e-9,2.012031445756345e-12,6.389510986694662e-13,0.0,0.0,0.0,0.0,5.464802971168949e-9
424.5,6.34e-9,415.41439950210287,0.01003,1.2504987791495854e-13,0.0,0.0,0.0,9.836299981620893e-10,1.988269785314577e-12,5.706055911727643e-13,0.0,0.0,0.0,0.0,5.353686076583509e-9
425.5,6.202e-9,417.95528621922534,0.009885,1.1777764737438483e-13,0.0,0.0,0.0,9.540613645537998e-10,1.964658827898295e-12,5.105189053353014e-13,0.0,0.0,0.0,0.0,5.245345680065593e-9
426.5,6.066e-9,420.49789613779956,0.009742,1.1090557943681795e-13,0.0,0.0,0.0,9.252102328938002e-10,1.9409932303519216e-12,4.566499631619996e-13,0.0,0.0,0.0,0.0,5.13828121833325e-9
427.5,5.921e-9,422.9509095310515,0.009606,1.0436165809834143e-13,0.0,0.0,0.0,8.956771290402043e-10,1.913036993567046e-12,4.089201903105954e-13,0.0,0.0,0.0,0.0,5.02289655211782e-9
428.5,5.779e-9,425.3836344565318,0.009473,9.822445249518242e-14,0.0,0.0,0.0,8.670650628661386e-10,1.8851566552410346e-12,3.664062251780513e-13,0.0,0.0,0.0,0.0,4.909585149800948e-9
429.5,5.64e-9,427.83207664809083,0.009341,9.241865900812512e-14,0.0,0.0,0.0,8.392517398195496e-10,1.857640989684612e-12,3.2810327644844764e-13,0.0,0.0,0.0,0.0,4.798470097255309e-9
430.5,5.506e-9,430.2774752642737,0.009211,8.69850790964302e-14,0.0,0.0,0.0,8.125733543898478e-10,1.8310332285187475e-12,2.9392062433815633e-13,0.0,0.0,0.0,0.0,4.691214706678199e-9
431.5,5.363e-9,432.64238542438864,0.009087,8.178274653590413e-14,0.0,0.0,0.0,7.851639902746532e-10,1.80012467816948e-12,2.6344375541878404e-13,0.0,0.0,0.0,0.0,4.575690658545223e-9
432.5,5.219e-9,434.99337036902506,0.008967,7.648566597701722e-14,0.0,0.0,0.0,7.565691942901142e-10,1.7702670558752664e-12,0.0,0.0,0.0,0.0,0.0,4.460584052988034e-9
433.5,5.08e-9,437.33685264602457,0.008849,7.154371262431539e-14,0.0,0.0,0.0,7.291176764558853e-10,1.741173677834952e-12,0.0,0.0,0.0,0.0,0.0,4.349069606153655e-9
434.5,4.945e-9,439.6915344014946,0.008732,6.691125032158197e-14,0.0,0.0,0.0,7.026592630744576e-10,1.7127181060061927e-12,0.0,0.0,0.0,0.0,0.0,4.240561107569214e-9
435.5,4.815e-9,441.99585866829,0.008619,6.264966794322274e-14,0.0,0.0,0.0,6.774939864806166e-10,1.6848177923001283e-12,0.0,0.0,0.0,0.0,0.0,4.13575854605914e-9
436.5,4.687e-9,444.2058482679213,0.008512,5.873499738374785e-14,0.0,0.0,0.0,6.532855792044509e-10,1.6561532709909896e-12,0.0,0.0,0.0,0.0,0.0,4.031999532527174e-9
437.5,4.564e-9,446.4227479815369,0.008406,5.507693880160675e-14,0.0,0.0,0.0,6.301349465130285e-10,1.628572469300591e-12,0.0,0.0,0.0,0.0,0.0,3.93218140407887e-9
438.5,4.445e-9,448.62515712450625,0.008302,5.166767341102122e-14,0.0,0.0,0.0,6.079392877165787e-10,1.6016036578968916e-12,0.0,0.0,0.0,0.0,0.0,3.835407440952114e-9
439.5,4.33e-9,450.8337523071547,0.008199,4.8473693925042845e-14,0.0,0.0,0.0,5.866230957303239e-10,1.5754284730643592e-12,0.0,0.0,0.0,0.0,0.0,3.741753002102687e-9
440.5,4.227e-9,452.91737406632285,0.008103,4.56709332866981e-14,0.0,0.0,0.0,5.675624605007952e-10,1.5521214550652074e-12,0.0,0.0,0.0,0.0,0.0,3.6578397471108535e-9
441.5,4.128e-9,455.00373605010157,0.008008,4.304384326794117e-14,0.0,0.0,0.0,5.493140458466894e-10,1.5297328864562356e-12,0.0,0.0,0.0,0.0,0.0,3.5771131774235855e-9
442.5,4.031e-9,457.0926415789535,0.007914,4.056239929969021e-14,0.0,0.0,0.0,5.315978902113273e-10,1.507546157651607e-12,0.0,0.0,0.0,0.0,0.0,3.497854001231721e-9
443.5,3.937e-9,459.18388591617645,0.007821,3.822900953779951e-14,0.0,0.0,0.0,5.145357330405833e-10,1.4859500705638318e-12,0.0,0.0,0.0,0.0,0.0,3.4209400878793146e-9
444.5,3.859e-9,461.2086018222334,0.007732,3.619984215833767e-14,0.0,0.0,0.0,4.99947274339915e-10,1.4694771084941625e-12,0.0,0.0,0.0,0.0,0.0,3.357547048709432e-9
445.5,3.789e-9,463.21047145629996,0.007645,3.434986936669579e-14,0.0,0.0,0.0,4.866439518159732e-10,1.4555045732662749e-12,0.0,0.0,0.0,0.0,0.0,3.300866193741394e-9
446.5,3.721e-9,465.21184770581937,0.007559,3.26007486501022e-14,0.0,0.0,0.0,4.737833540486411e-10,1.4419287538248785e-12,0.0,0.0,0.0,0.0,0.0,3.245742116448884e-9
447.5,3.653e-9,467.2361247126688,0.007473,3.0917929582889856e-14,0.0,0.0,0.0,4.610576531137094e-10,1.4281292853654464e-12,0.0,0.0,0.0,0.0,0.0,3.1904832996713427e-9
448.5,3.591e-9,469.2120005423656,0.00739,2.938482468652539e-14,0.0,0.0,0.0,4.493584607953024e-10,1.4160240357480048e-12,0.0,0.0,0.0,0.0,0.0,3.1401961303442634e-9
449.5,3.536e-9,471.1617784471852,0.007309,2.798697486899043e-14,0.0,0.0,0.0,4.387392256984961e-10,1.406212562342813e-12,0.0,0.0,0.0,0.0,0.0,3.095826574764293e-9
450.5,3.481e-9,473.1088110586363,0.007229,2.6650150037533892e-14,0.0,0.0,0.0,4.2826804719307256e-10,1.396100287724121e-12,0.0,0.0,0.0,0.0,0.0,3.0513092023691653e-9
451.5,3.427e-9,475.0527664597656,0.00715,2.5379328032945264e-14,0.0,0.0,0.0,4.1806578665548487e-10,1.3860866444499203e-12,0.0,0.0,0.0,0.0,0.0,3.0075227473720323e-9
452.5,3.375e-9,477.0183202884171,0.007071,2.4168262215368566e-14,0.0,0.0,0.0,4.0820455641765576e-10,1.3767339186598405e-12,0.0,0.0,0.0,0.0,0.0,2.965394541401469e-9
453.5,3.329e-9,478.93006864271155,0.006995,2.3072058555102267e-14,0.0,0.0,0.0,3.9929068981616567e-10,1.3692554206321293e-12,0.0,0.0,0.0,0.0,0.0,2.928316982704647e-9
454.5,3.285e-9,480.8627018251275,0.006919,2.202670279435972e-14,0.0,0.0,0.0,3.9069533134666796e-10,1.3624969413001097e-12,0.0,0.0,0.0,0.0,0.0,2.8929201450092376e-9
455.5,3.24e-9,482.79083031619894,0.006844,2.101986722746853e-14,0.0,0.0,0.0,3.8210232640906875e-10,1.3550708586716717e-12,0.0,0.0,0.0,0.0,0.0,2.8565215828650323e-9
456.5,3.197e-9,484.71407158827986,0.00677,2.0069225410740096e-14,0.0,0.0,0.0,3.738645486985727e-10,1.3482274141414938e-12,0.0,0.0,0.0,0.0,0.0,2.8217671546618747e-9
457.5,3.156e-9,486.6296718698625,0.006697,0.0,0.0,0.0,0.0,3.659280572660185e-10,1.3420904718465353e-12,0.0,0.0,0.0,0.0,0.0,2.7887298522621348e-9
458.5,3.117e-9,488.50775768139954,0.006625,0.0,0.0,0.0,0.0,3.576815770399748e-10,1.3378895906712954e-12,0.0,0.0,0.0,0.0,0.0,2.7579805333693537e-9
459.5,3.079e-9,490.3798541687941,0.006554,0.0,0.0,0.0,0.0,3.4968646863982665e-10,1.333868213644481e-12,0.0,0.0,0.0,0.0,0.0,2.7279796631465285e-9
460.5,3.041e-9,492.272342075181,0.006483,0.0,0.0,0.0,0.0,3.417747290353298e-10,1.329771847645361e-12,0.0,0.0,0.0,0.0,0.0,2.697895499117025e-9
461.5,3.003e-9,494.1314845395476,0.006414,0.0,0.0,0.0,0.0,3.3404690788015947e-10,1.3252449189709222e-12,0.0,0.0,0.0,0.0,0.0,2.66762784720087e-9
462.5,2.968e-9,495.9833544945827,0.006346,0.0,0.0,0.0,0.0,3.267806710700031e-10,1.3217931501376383e-12,0.0,0.0,0.0,0.0,0.0,2.6398975357798595e-9
463.5,2.932e-9,497.85517527025786,0.006278,0.0,0.0,0.0,0.0,3.194794638844183e-10,1.3178294941669331e-12,0.0,0.0,0.0,0.0,0.0,2.6112027066214144e-9
464.5,2.897e-9,499.7194050426794,0.006211,0.0,0.0,0.0,0.0,3.124111867850488e-10,1.3140669255145052e-12,0.0,0.0,0.0,0.0,0.0,2.5832747462894367e-9
465.5,2.863e-9,501.57557740715777,0.006145,0.0,0.0,0.0,0.0,3.055711594939618e-10,1.3105128181997888e-12,0.0,0.0,0.0,0.0,0.0,2.5561183276878386e-9
466.5,2.831e-9,503.4232146913092,0.00608,0.0,0.0,0.0,0.0,2.990604127835862e-10,1.3076365253707586e-12,0.0,0.0,0.0,0.0,0.0,2.5306319506910426e-9
467.5,2.799e-9,505.26182793710973,0.006016,0.0,0.0,0.0,0.0,2.926620604347003e-10,1.3045259461452262e-12,0.0,0.0,0.0,0.0,0.0,2.5050334136191543e-9
468.5,2.768e-9,507.12010586861555,0.005952,0.0,0.0,0.0,0.0,2.864316372933229e-10,1.301831740321618e-12,0.0,0.0,0.0,0.0,0.0,2.4802665309663556e-9
469.5,2.737e-9,508.9984736805118,0.005888,0.0,0.0,0.0,0.0,2.8026367780554854e-10,1.2990910453347315e-12,0.0,0.0,0.0,0.0,0.0,2.4554372311491166e-9
470.5,2.708e-9,510.8377147725061,0.005826,0.0,0.0,0.0,0.0,2.7445271163307693e-10,1.2968846009253302e-12,0.0,0.0,0.0,0.0,0.0,2.4322504037659977e-9
471.5,2.679e-9,512.6966340546168,0.005764,0.0,0.0,0.0,0.0,2.6869851674152607e-10,1.2946416274457854e-12,0.0,0.0,0.0,0.0,0.0,2.409006841631028e-9
472.5,2.651e-9,514.5451885375383,0.005703,0.0,0.0,0.0,0.0,2.6314551712163244e-10,1.2926580255726684e-12,0.0,0.0,0.0,0.0,0.0,2.386561824852795e-9
473.5,2.623e-9,516.3828294684082,0.005643,0.0,0.0,0.0,0.0,2.5769127231502825e-10,1.2904498803584897e-12,0.0,0.0,0.0,0.0,0.0,2.3640182778046135e-9
474.5,2.596e-9,518.2401141806029,0.005583,0.0,0.0,0.0,0.0,2.52387703128118e-10,1.2887025359137418e-12,0.0,0.0,0.0,0.0,0.0,2.3423235943359686e-9
475.5,2.57e-9,520.0860111665371,0.005524,0.0,0.0,0.0,0.0,2.472757089584806e-10,1.287233221596179e-12,0.0,0.0,0.0,0.0,0.0,2.3214370578199232e-9
476.5,2.543e-9,521.9517297930283,0.005465,0.0,0.0,0.0,0.0,2.421173654483078e-10,1.2852367148542202e-12,0.0,0.0,0.0,0.0,0.0,2.299597397836838e-9
477.5,2.518e-9,523.8055636347581,0.005407,0.0,0.0,0.0,0.0,2.372414812395991e-10,1.2840300371643716e-12,0.0,0.0,0.0,0.0,0.0,2.279474488723237e-9
478.5,2.492e-9,525.6469116915839,0.00535,0.0,0.0,0.0,0.0,2.3236138358269706e-10,1.2820918022987675e-12,0.0,0.0,0.0,0.0,0.0,2.2583565246150043e-9
479.5,2.467e-9,527.5079832917012,0.005293,0.0,0.0,0.0,0.0,2.2762121791782703e-10,1.2806433156957977e-12,0.0,0.0,0.0,0.0,0.0,2.238098138766477e-9
480.5,2.442e-9,529.3560255007086,0.005237,0.0,0.0,0.0,0.0,2.2296879168393156e-10,1.2789706220634451e-12,0.0,0.0,0.0,0.0,0.0,2.2177522376940047e-9
481.5,2.418e-9,531.2239356971709,0.005181,0.0,0.0,0.0,0.0,2.1845188881471956e-10,1.2778022693968592e-12,0.0,0.0,0.0,0.0,0.0,2.198270308915884e-9
482.5,2.394e-9,533.078247111609,0.005126,0.0,0.0,0.0,0.0,2.140195360332986e-10,1.276411806732894e-12,0.0,0.0,0.0,0.0,0.0,2.1787040521599683e-9
483.5,2.369e-9,534.9183027167751,0.005072,0.0,0.0,0.0,0.0,2.0958227323660664e-10,1.2742559758217504e-12,0.0,0.0,0.0,0.0,0.0,2.1581434707875716e-9
484.5,2.344e-9,536.7780540384904,0.005018,0.0,0.0,0.0,0.0,2.051889715244723e-10,1.2720682699975332e-12,0.0,0.0,0.0,0.0,0.0,2.1375389602055304e-9
485.5,2.319e-9,538.6579272837231,0.004964,0.0,0.0,0.0,0.0,2.008397286881018e-10,1.2698481093705609e-12,0.0,0.0,0.0,0.0,0.0,2.1168904232025277e-9
486.5,2.295e-9,540.4878887795877,0.004911,0.0,0.0,0.0,0.0,1.963438538613765e-10,1.2686111052578655e-12,0.0,0.0,0.0,0.0,0.0,2.0973875350333658e-9
487.5,2.27e-9,542.2739732739441,0.004859,0.0,0.0,0.0,0.0,1.9160787779565863e-10,1.267111996120995e-12,0.0,0.0,0.0,0.0,0.0,2.07712501020822e-9
488.5,2.242e-9,544.0792752680248,0.004807,0.0,0.0,0.0,0.0,1.8668339047345016e-10,1.263881434552674e-12,0.0,0.0,0.0,0.0,0.0,2.0540527280919974e-9
489.5,2.215e-9,545.8689300163595,0.004756,0.0,0.0,0.0,0.0,1.8195768509321492e-10,1.2609029819270703e-12,0.0,0.0,0.0,0.0,0.0,2.0317814119248576e-9
490.5,2.188e-9,547.6422218840255,0.004706,0.0,0.0,0.0,0.0,1.7734430762294234e-10,1.2576120625247438e-12,0.0,0.0,0.0,0.0,0.0,2.009398080314533e-9
491.5,2.161e-9,549.434455488613,0.004656,0.0,0.0,0.0,0.0,1.7279401409177932e-10,1.2542477139984398e-12,0.0,0.0,0.0,0.0,0.0,1.986951738194222e-9
492.5,2.134e-9,551.2096158277607,0.004607,0.0,0.0,0.0,0.0,1.6835329305838533e-10,1.2505612532611408e-12,0.0,0.0,0.0,0.0,0.0,1.9643961456883533e-9
493.5,2.108e-9,553.003758055714,0.004558,0.0,0.0,0.0,0.0,1.6405205898375505e-10,1.247386398975544e-12,0.0,0.0,0.0,0.0,0.0,1.9427005546172697e-9
494.5,2.082e-9,554.7800849921326,0.00451,0.0,0.0,0.0,0.0,1.5985554326518927e-10,1.2438910373560587e-12,0.0,0.0,0.0,0.0,0.0,1.9209005656974545e-9
495.5,2.056e-9,556.5378195099222,0.004463,0.0,0.0,0.0,0.0,1.5576176250450103e-10,1.2400687750071561e-12,0.0,0.0,0.0,0.0,0.0,1.898998168720492e-9
496.5,2.03e-9,558.3141631182644,0.004416,0.0,0.0,0.0,0.0,1.517247911245185e-10,1.23616624577171e-12,0.0,0.0,0.0,0.0,0.0,1.8770390426297096e-9
497.5,2.003e-9,560.0711144048421,0.00437,0.0,0.0,0.0,0.0,1.4771413080870124e-10,1.2313123414922377e-12,0.0,0.0,0.0,0.0,0.0,1.854054556849806e-9
498.5,1.976e-9,561.8466581137051,0.004324,0.0,0.0,0.0,0.0,1.4376087340251708e-10,1.226359461010357e-12,0.0,0.0,0.0,0.0,0.0,1.8310127671364722e-9
499.5,1.949e-9,563.6019755671086,0.004279,0.0,0.0,0.0,0.0,1.3990690667847243e-10,1.2210483585485524e-12,0.0,0.0,0.0,0.0,0.0,1.8078720449629793e-9
500.5,1.923e-9,565.3362268178349,0.004235,0.0,0.0,0.0,0.0,1.3622101626266093e-10,1.2160052190524042e-12,0.0,0.0,0.0,0.0,0.0,1.785562978518287e-9
501.5,1.896e-9,567.0885906807341,0.004191,0.0,0.0,0.0,0.0,1.3251790200303528e-10,1.2102241490119956e-12,0.0,0.0,0.0,0.0,0.0,1.762271873847953e-9
502.5,1.87e-9,568.8189944416524,0.004148,0.0,0.0,0.0,0.0,1.2897824433088165e-10,1.2047130117316316e-12,0.0,0.0,0.0,0.0,0.0,1.7398170426573867e-9
503.5,1.844e-9,570.5674301185783,0.004105,0.0,0.0,0.0,0.0,1.2548984823045344e-10,1.1990946962811856e-12,0.0,0.0,0.0,0.0,0.0,1.7173110570732657e-9
504.5,1.819e-9,572.2929759875931,0.004063,0.0,0.0,0.0,0.0,1.221585484095354e-10,1.1937604432142237e-12,0.0,0.0,0.0,0.0,0.0,1.6956476911472504e-9
505.5,1.794e-9,574.0364521445797,0.004021,0.0,0.0,0.0,0.0,1.1887531202049024e-10,1.1883235925960667e-12,0.0,0.0,0.0,0.0,0.0,1.6739363643869135e-9
506.5,1.768e-9,575.7139199005445,0.003981,0.0,0.0,0.0,0.0,1.1564975729617858e-10,1.18158397313155e-12,0.0,0.0,0.0,0.0,0.0,1.65116865873069e-9
507.5,1.743e-9,577.4083277840036,0.003941,0.0,0.0,0.0,0.0,1.1253595445774318e-10,1.175394579964211e-12,0.0,0.0,0.0,0.0,0.0,1.6292886509622928e-9
508.5,1.718e-9,579.1200214325766,0.003901,0.0,0.0,0.0,0.0,1.0946757059337012e-10,1.1690902527904017e-12,0.0,0.0,0.0,0.0,0.0,1.6073633391538396e-9
509.5,1.694e-9,580.8059058400597,0.003862,0.0,0.0,0.0,0.0,1.0654314223878858e-10,1.1630876030756107e-12,0.0,0.0,0.0,0.0,0.0,1.5862937701581358e-9
510.5,1.67e-9,582.5089016633168,0.003823,0.0,0.0,0.0,0.0,1.0366113492114121e-10,1.1569748579750919e-12,0.0,0.0,0.0,0.0,0.0,1.5651818902208836e-9
511.5,1.645e-9,584.1407007374461,0.003786,0.0,0.0,0.0,0.0,1.0082933900629932e-10,1.149512489708759e-12,0.0,0.0,0.0,0.0,0.0,1.543021148503992e-9
512.5,1.621e-9,585.8332868878607,0.003748,0.0,0.0,0.0,0.0,9.806560006490764e-11,1.14289331274592e-12,0.0,0.0,0.0,0.0,0.0,1.5217915066223466e-9
513.5,1.598e-9,587.4979018671839,0.003711,0.0,0.0,0.0,0.0,9.543603625948164e-11,1.1365946297786026e-12,0.0,0.0,0.0,0.0,0.0,1.5014273691107398e-9
514.5,1.575e-9,589.1335344597244,0.003675,0.0,0.0,0.0,0.0,9.287762462876866e-11,1.1299124015571265e-12,0.0,0.0,0.0,0.0,0.0,1.4809924629696742e-9
515.5,1.551e-9,590.7391669492666,0.00364,0.0,0.0,0.0,0.0,9.033040526719474e-11,1.122118232341404e-12,0.0,0.0,0.0,0.0,0.0,1.4595474765004637e-9
516.5,1.528e-9,592.406862437386,0.003604,0.0,0.0,0.0,0.0,8.784633568594784e-11,1.115192702416869e-12,0.0,0.0,0.0,0.0,0.0,1.4390384716116351e-9
517.5,1.506e-9,593.9335121494142,0.003569,0.0,0.0,0.0,0.0,8.525769586558227e-11,1.1092289190111462e-12,0.0,0.0,0.0,0.0,0.0,1.4196330752154067e-9
518.5,1.483e-9,595.4243945060437,0.003535,0.0,0.0,0.0,0.0,8.268200017477388e-11,1.1021465049469931e-12,0.0,0.0,0.0,0.0,0.0,1.3992158533202792e-9
519.5,1.462e-9,596.9296858409205,0.003501,0.0,0.0,0.0,0.0,8.026165879540574e-11,1.0964254804993635e-12,0.0,0.0,0.0,0.0,0.0,1.3806419157240947e-9
520.5,1.441e-9,598.4047496795163,0.003468,0.0,0.0,0.0,0.0,7.791920829625677e-11,1.0902960580706003e-12,0.0,0.0,0.0,0.0,0.0,1.3619904956456726e-9
521.5,1.42e-9,599.8485808072834,0.003436,0.0,0.0,0.0,0.0,7.565235804779297e-11,1.0837534229344216e-12,0.0,0.0,0.0,0.0,0.0,1.3432638885292726e-9
522.5,1.399e-9,601.3516840153502,0.003403,0.0,0.0,0.0,0.0,7.338968597735993e-11,1.0773832191814442e-12,0.0,0.0,0.0,0.0,0.0,1.3245329308034585e-9
523.5,1.379e-9,602.8232241500225,0.003371,0.0,0.0,0.0,0.0,7.125251798753411e-11,1.071369806577006e-12,0.0,0.0,0.0,0.0,0.0,1.306676112205889e-9
524.5,1.36e-9,604.2621606829127,0.00334,0.0,0.0,0.0,0.0,6.923632866686886e-11,1.0657288287728337e-12,0.0,0.0,0.0,0.0,0.0,1.289697942504358e-9
525.5,1.341e-9,605.7145150759258,0.003309,0.0,0.0,0.0,0.0,6.725394931188878e-11,1.0599828488955145e-12,0.0,0.0,0.0,0.0,0.0,1.2726860678392156e-9
526.5,1.323e-9,607.1805399252609,0.003278,0.0,0.0,0.0,0.0,6.53546158430999e-11,1.054926804125031e-12,0.0,0.0,0.0,0.0,0.0,1.2565904573527752e-9
527.5,1.305e-9,608.6125343907386,0.003248,0.0,0.0,0.0,0.0,6.351874266657154e-11,1.049475656026802e-12,0.0,0.0,0.0,0.0,0.0,1.2404317816774016e-9
528.5,1.288e-9,610.0578169625123,0.003218,0.0,0.0,0.0,0.0,6.176147030145897e-11,1.0447357751402958e-12,0.0,0.0,0.0,0.0,0.0,1.2251937939234009e-9
529.5,1.271e-9,611.4677884640048,0.003189,0.0,0.0,0.0,0.0,6.006362207727748e-11,1.0396066961872929e-12,0.0,0.0,0.0,0.0,0.0,1.2098967712265352e-9
530.5,1.255e-9,612.8413597887054,0.003161,0.0,0.0,0.0,0.0,5.846999170065687e-11,1.0349084592050872e-12,0.0,0.0,0.0,0.0,0.0,1.195495099840138e-9
531.5,1.239e-9,614.2768737987965,0.003132,0.0,0.0,0.0,0.0,5.6872300650151156e-11,1.0304312013245383e-12,0.0,0.0,0.0,0.0,0.0,1.1810972681485241e-9
532.5,1.223e-9,615.6755556457479,0.003104,0.0,0.0,0.0,0.0,5.532958410498006e-11,1.0255680893189148e-12,0.0,0.0,0.0,0.0,0.0,1.166644847805701e-9
533.5,1.208e-9,617.0869118050839,0.003076,0.0,0.0,0.0,0.0,5.385646629906849e-11,1.0214648986784388e-12,0.0,0.0,0.0,0.0,0.0,1.153122068802253e-9
534.5,1.193e-9,618.4600826664837,0.003049,0.0,0.0,0.0,0.0,5.243475163264294e-11,1.0169821527473164e-12,0.0,0.0,0.0,0.0,0.0,1.1395482662146096e-9
535.5,1.178e-9,619.8454676935871,0.003022,0.0,0.0,0.0,0.0,5.103553814189926e-11,1.012422280650331e-12,0.0,0.0,0.0,0.0,0.0,1.1259520395774505e-9
536.5,1.164e-9,621.2432861245896,0.002995,0.0,0.0,0.0,0.0,4.9701416559804874e-11,1.0086501282968921e-12,0.0,0.0,0.0,0.0,0.0,1.1132899333118983e-9
537.5,1.149e-9,622.6012948471142,0.002969,0.0,0.0,0.0,0.0,4.837266403778637e-11,1.0036287927116603e-12,0.0,0.0,0.0,0.0,0.0,1.0996237071695018e-9
538.5,1.135e-9,623.9712483193248,0.002943,0.0,0.0,0.0,0.0,4.710664528243723e-11,9.994039441300717e-13,0.0,0.0,0.0,0.0,0.0,1.0868939507734327e-9
539.5,1.121e-9,625.3533585340896,0.002917,0.0,0.0,0.0,0.0,4.586056542358804e-11,9.95107531291985e-13,0.0,0.0,0.0,0.0,0.0,1.0741443270451198e-9
540.5,1.108e-9,626.7478431784506,0.002891,0.0,0.0,0.0,0.0,4.467464739096218e-11,9.916329674185882e-13,0.0,0.0,0.0,0.0,0.0,1.0623337196416193e-9
541.5,1.095e-9,628.1005715664505,0.002866,0.0,0.0,0.0,0.0,4.3531976255482946e-11,9.877844818390586e-13,0.0,0.0,0.0,0.0,0.0,1.050480239262678e-9
542.5,1.082e-9,629.465151589448,0.002841,0.0,0.0,0.0,0.0,4.2406954667228864e-11,9.838721931422068e-13,0.0,0.0,0.0,0.0,0.0,1.038609173139629e-9
543.5,1.071e-9,630.7864928550937,0.002817,0.0,0.0,0.0,0.0,4.1400670370519134e-11,9.814113003769879e-13,0.0,0.0,0.0,0.0,0.0,1.0286179183291038e-9
544.5,1.059e-9,632.1749150243164,0.002792,0.0,0.0,0.0,0.0,4.0347268788648124e-11,9.783047788422811e-13,0.0,0.0,0.0,0.0,0.0,1.0176744264325096e-9
545.5,1.047e-9,633.5195464048243,0.002768,0.0,0.0,0.0,0.0,3.933329784316048e-11,9.748260793255386e-13,0.0,0.0,0.0,0.0,0.0,1.006691876077514e-9
546.5,1.036e-9,634.8758873496477,0.002744,0.0,0.0,0.0,0.0,3.8371816149952795e-11,9.722292143400198e-13,0.0,0.0,0.0,0.0,0.0,9.966559546357072e-10
547.5,1.025e-9,636.1868922916408,0.002721,0.0,0.0,0.0,0.0,3.7447092426245025e-11,9.692669752159849e-13,0.0,0.0,0.0,0.0,0.0,9.86583640598539e-10
548.5,1.015e-9,637.5667654812856,0.002697,0.0,0.0,0.0,0.0,3.654984566040805e-11,9.67535191942107e-13,0.0,0.0,0.0,0.0,0.0,9.774826191476498e-10
549.5,1.004e-9,638.9007151185263,0.002674,0.0,0.0,0.0,0.0,3.565201426172954e-11,9.644873107232677e-13,0.0,0.0,0.0,0.0,0.0,9.673834984275471e-10
550.5,9.939e-10,640.246188219284,0.002651,0.0,0.0,0.0,0.0,3.4799122044909564e-11,9.622622088631724e-13,0.0,0.0,0.0,0.0,0.0,9.581386157462272e-10
551.5,9.84e-10,641.5441304600862,0.002629,0.0,0.0,0.0,0.0,3.398672411111083e-11,9.598670747751864e-13,0.0,0.0,0.0,0.0,0.0,9.490534088141138e-10
552.5,9.742e-10,642.8198928316615,0.002606,0.0,0.0,0.0,0.0,3.308969893391655e-11,9.581319428687235e-13,0.0,0.0,0.0,0.0,0.0,9.401521691232149e-10
553.5,9.645e-10,644.0192909112169,0.002584,0.0,0.0,0.0,0.0,3.2209101696060875e-11,9.562075152773423e-13,0.0,0.0,0.0,0.0,0.0,9.313346907886618e-10
554.5,9.549e-10,645.2289443650071,0.002562,0.0,0.0,0.0,0.0,3.134718600865609e-11,9.543459464263257e-13,0.0,0.0,0.0,0.0,0.0,9.225984680449177e-10
555.5,9.456e-10,646.4490300824035,0.00254,0.0,0.0,0.0,0.0,3.051011797698098e-11,9.527505010475223e-13,0.0,0.0,0.0,0.0,0.0,9.141371315219714e-10
556.5,9.365e-10,647.6235558111163,0.002519,0.0,0.0,0.0,0.0,2.971775998574079e-11,9.509716974846743e-13,0.0,0.0,0.0,0.0,0.0,9.058312683167747e-10
557.5,9.274e-10,648.864560329552,0.002497,0.0,0.0,0.0,0.0,2.891570730533326e-11,9.49516349204016e-13,0.0,0.0,0.0,0.0,0.0,8.975347763454627e-10
558.5,9.185e-10,650.0593978224481,0.002476,0.0,0.0,0.0,0.0,2.8156877282994698e-11,9.478790611889594e-13,0.0,0.0,0.0,0.0,0.0,8.893952436558164e-10
559.5,9.097e-10,651.2644125165069,0.002455,0.0,0.0,0.0,0.0,2.7414188574544114e-11,9.463148193196857e-13,0.0,0.0,0.0,0.0,0.0,8.813394966061363e-10
560.5,9.012e-10,652.4216672959881,0.002435,0.0,0.0,0.0,0.0,2.6715353426052692e-11,9.446725240279775e-13,0.0,0.0,0.0,0.0,0.0,8.735399740499192e-10
561.5,8.928e-10,653.6470598886194,0.002414,0.0,0.0,0.0,0.0,2.600951683019437e-11,9.434711803743022e-13,0.0,0.0,0.0,0.0,0.0,8.658470119894312e-10
562.5,8.844e-10,654.8240517682303,0.002394,0.0,0.0,0.0,0.0,2.5337287661893235e-11,9.418787292014607e-13,0.0,0.0,0.0,0.0,0.0,8.581208336089053e-10
563.5,8.762e-10,656.0109178561335,0.002374,0.0,0.0,0.0,0.0,2.468216785011096e-11,9.40472133404254e-13,0.0,0.0,0.0,0.0,0.0,8.505773600164849e-10
564.5,8.681e-10,657.2078252315763,0.002354,0.0,0.0,0.0,0.0,2.4041014337633237e-11,9.391477916284159e-13,0.0,0.0,0.0,0.0,0.0,8.431198378707382e-10
565.5,8.602e-10,658.4149452506807,0.002334,0.0,0.0,0.0,0.0,2.3416321414175528e-11,9.380168890113623e-13,0.0,0.0,0.0,0.0,0.0,8.358456616968131e-10
566.5,8.524e-10,659.6324536936735,0.002314,0.0,0.0,0.0,0.0,2.2805047287400285e-11,9.369743362787826e-13,0.0,0.0,0.0,0.0,0.0,8.286579783763209e-10
567.5,8.446e-10,660.7988732108687,0.002295,0.0,0.0,0.0,0.0,2.2223863721855268e-11,9.355332687103713e-13,0.0,0.0,0.0,0.0,0.0,8.214406030094342e-10
568.5,8.369e-10,662.0371621486005,0.002275,0.0,0.0,0.0,0.0,2.1635883137606804e-11,9.345592890256882e-13,0.0,0.0,0.0,0.0,0.0,8.143295575733675e-10
569.5,8.294e-10,663.2236615112764,0.002256,0.0,0.0,0.0,0.0,2.10821520146587e-11,9.334082187987636e-13,0.0,0.0,0.0,0.0,0.0,8.073844397665426e-10
570.5,8.221e-10,664.3569675017646,0.002238,0.0,0.0,0.0,0.0,2.056136180738437e-11,9.320778838840737e-13,0.0,0.0,0.0,0.0,0.0,8.006065603087315e-10
571.5,8.148e-10,665.5631666642822,0.002219,0.0,0.0,0.0,0.0,2.003085929513193e-11,9.311130598617026e-13,0.0,0.0,0.0,0.0,0.0,7.938380276450064e-10
572.5,8.075e-10,666.7797383388331,0.0022,0.0,0.0,0.0,0.0,1.9509439630091304e-11,9.301305250077907e-13,0.0,0.0,0.0,0.0,0.0,7.870604298449009e-10
573.5,8.004e-10,667.9420109384005,0.002182,0.0,0.0,0.0,0.0,1.9019399487706676e-11,9.289693212687797e-13,0.0,0.0,0.0,0.0,0.0,7.804516311910245e-10
574.5,7.934e-10,669.1139113083611,0.002164,0.0,0.0,0.0,0.0,1.8539868437491037e-11,9.279054200685806e-13,0.0,0.0,0.0,0.0,0.0,7.739322261424404e-10
575.5,7.864e-10,670.2956002866407,0.002146,0.0,0.0,0.0,0.0,1.8068368468004444e-11,9.268233589708024e-13,0.0,0.0,0.0,0.0,0.0,7.674048081730248e-10
576.5,7.795e-10,671.4872427754842,0.002128,0.0,0.0,0.0,0.0,1.7607096134744757e-11,9.258416279406935e-13,0.0,0.0,0.0,0.0,0.0,7.609670622373146e-10
577.5,7.727e-10,672.62197465967,0.002111,0.0,0.0,0.0,0.0,1.7172343367360234e-11,9.24559931946327e-13,0.0,0.0,0.0,0.0,0.0,7.546030967006935e-10
578.5,7.661e-10,673.8334592002147,0.002093,0.0,0.0,0.0,0.0,1.6732898972221672e-11,9.239042743711248e-13,0.0,0.0,0.0,0.0,0.0,7.484431967534072e-10
579.5,7.596e-10,674.9872441199353,0.002076,0.0,0.0,0.0,0.0,1.6319009240046807e-11,9.229503254025797e-13,0.0,0.0,0.0,0.0,0.0,7.423580404345506e-10
580.5,7.531e-10,676.2192426858232,0.002058,0.0,0.0,0.0,0.0,1.5896267720253913e-11,9.223917523014369e-13,0.0,0.0,0.0,0.0,0.0,7.362813405274447e-10
581.5,7.466e-10,677.3927314022632,0.002041,0.0,0.0,0.0,0.0,1.5496211601062684e-11,9.214093808280386e-13,0.0,0.0,0.0,0.0,0.0,7.301823790181092e-10
582.5,7.403e-10,678.5760353904471,0.002024,0.0,0.0,0.0,0.0,1.5106942176074637e-11,9.206598940692408e-13,0.0,0.0,0.0,0.0,0.0,7.242723979298561e-10
583.5,7.34e-10,679.7693202296987,0.002007,0.0,0.0,0.0,0.0,1.4724186901543915e-11,9.198981809692698e-13,0.0,0.0,0.0,0.0,0.0,7.183559149174869e-10
584.5,7.278e-10,680.9727557248826,0.00199,0.0,0.0,0.0,0.0,1.4349866303056726e-11,9.192503905605595e-13,0.0,0.0,0.0,0.0,0.0,7.125308833063827e-10
585.5,7.216e-10,682.1148293977824,0.001974,0.0,0.0,0.0,0.0,1.3996286391954197e-11,9.181670121862463e-13,0.0,0.0,0.0,0.0,0.0,7.066855465958596e-10
586.5,7.155e-10,683.3384703686272,0.001957,0.0,0.0,0.0,0.0,1.3636262612915994e-11,9.176231954834138e-13,0.0,0.0,0.0,0.0,0.0,7.009461141916004e-10
587.5,7.095e-10,684.4998815741138,0.001941,0.0,0.0,0.0,0.0,1.3298209255359218e-11,9.167689010790413e-13,0.0,0.0,0.0,0.0,0.0,6.952850218435617e-10
588.5,7.035e-10,685.670906225339,0.001925,0.0,0.0,0.0,0.0,1.2965747877978458e-11,9.159016876600662e-13,0.0,0.0,0.0,0.0,0.0,6.896183504343615e-10
589.5,6.976e-10,686.8517047999122,0.001909,0.0,0.0,0.0,0.0,1.2640646669114782e-11,9.151525615780063e-13,0.0,0.0,0.0,0.0,0.0,6.840442007693072e-10
590.5,6.918e-10,687.9271627210107,0.001893,0.0,0.0,0.0,0.0,1.2290640543670517e-11,9.146511413136164e-13,0.0,0.0,0.0,0.0,0.0,6.785947083150158e-10
591.5,6.86e-10,688.9952107853985,0.001877,0.0,0.0,0.0,0.0,1.1942922851312253e-11,9.14157727284123e-13,0.0,0.0,0.0,0.0,0.0,6.731429194214037e-10
592.5,6.803e-10,690.0724022296018,0.001861,0.0,0.0,0.0,0.0,1.160381763530025e-11,9.137884032947932e-13,0.0,0.0,0.0,0.0,0.0,6.67782393961405e-10
593.5,6.746e-10,691.0907136177516,0.001846,0.0,0.0,0.0,0.0,1.1286088700869441e-11,9.129526377905124e-13,0.0,0.0,0.0,0.0,0.0,6.624009586613401e-10
594.5,6.69e-10,692.1173333222473,0.001831,0.0,0.0,0.0,0.0,1.0976112375471854e-11,9.122387323555483e-13,0.0,0.0,0.0,0.0,0.0,6.571116488921725e-10
595.5,6.634e-10,693.1523980327918,0.001816,0.0,0.0,0.0,0.0,1.067211904165361e-11,9.115122233105857e-13,0.0,0.0,0.0,0.0,0.0,6.518163687350358e-10
596.5,6.579e-10,694.196047840346,0.001801,0.0,0.0,0.0,0.0,1.0375621879013748e-11,9.10911421857376e-13,0.0,0.0,0.0,0.0,0.0,6.466134666991288e-10
597.5,6.525e-10,695.3188988574435,0.001785,0.0,0.0,0.0,0.0,1.007294568026554e-11,9.109101932029163e-13,0.0,0.0,0.0,0.0,0.0,6.415161441265315e-10
598.5,6.471e-10,696.3096808041556,0.001771,0.0,0.0,0.0,0.0,9.80297265496821e-12,9.09958696831019e-13,0.0,0.0,0.0,0.0,0.0,6.363870686482006e-10
599.5,6.417e-10,697.379962196969,0.001756,0.0,0.0,0.0,0.0,9.525088493458964e-12,9.094692610404162e-13,0.0,0.0,0.0,0.0,0.0,6.312654422455005e-10
600.5,6.364e-10,698.4594254124747,0.001741,0.0,0.0,0.0,0.0,9.254203238823879e-12,9.091138856422463e-13,0.0,0.0,0.0,0.0,0.0,6.262366828755339e-10
601.5,6.311e-10,699.4753485780044,0.001727,0.0,0.0,0.0,0.0,9.001231859183112e-12,9.082677665863455e-13,0.0,0.0,0.0,0.0,0.0,6.211905003742306e-10
602.5,6.258e-10,700.5730175667013,0.001712,0.0,0.0,0.0,0.0,8.740881660747316e-12,9.078955944941417e-13,0.0,0.0,0.0,0.0,0.0,6.161512227447586e-10
603.5,6.206e-10,701.6062205563383,0.001698,0.0,0.0,0.0,0.0,8.499206447791724e-12,9.071719268982083e-13,0.0,0.0,0.0,0.0,0.0,6.111936216253101e-10
604.5,6.155e-10,702.6479776597689,0.001684,0.0,0.0,0.0,0.0,8.263582638911123e-12,9.065841074732549e-13,0.0,0.0,0.0,0.0,0.0,6.063298332536156e-10
605.5,6.103e-10,703.6984317030665,0.00167,0.0,0.0,0.0,0.0,8.031247053420921e-12,9.058385500254472e-13,0.0,0.0,0.0,0.0,0.0,6.013629143965536e-10
606.5,6.053e-10,704.7577291195416,0.001656,0.0,0.0,0.0,0.0,7.80609711469848e-12,9.053804443870621e-13,0.0,0.0,0.0,0.0,0.0,5.965885224409145e-10
607.5,6.002e-10,705.7494120594629,0.001643,0.0,0.0,0.0,0.0,7.59523093222203e-12,9.04259913179437e-13,0.0,0.0,0.0,0.0,0.0,5.917005091545985e-10
608.5,5.952e-10,706.8261919799064,0.001629,0.0,0.0,0.0,0.0,7.37873853256713e-12,9.037825341187024e-13,0.0,0.0,0.0,0.0,0.0,5.869174789333141e-10
609.5,5.903e-10,707.8343776770065,0.001616,0.0,0.0,0.0,0.0,7.178482834241894e-12,9.029393655311919e-13,0.0,0.0,0.0,0.0,0.0,5.82218577800227e-10
610.5,5.852e-10,708.929226846472,0.001602,0.0,0.0,0.0,0.0,6.969217821135815e-12,9.022905040268867e-13,0.0,0.0,0.0,0.0,0.0,5.773284916748373e-10
611.5,5.799e-10,709.9544738488142,0.001589,0.0,0.0,0.0,0.0,6.7721692456906214e-12,9.008025521941822e-13,0.0,0.0,0.0,0.0,0.0,5.722270282021152e-10
612.5,5.747e-10,710.9881431957556,0.001576,0.0,0.0,0.0,0.0,6.58019809661592e-12,8.994492593614003e-13,0.0,0.0,0.0,0.0,0.0,5.672203526440227e-10
613.5,5.694e-10,712.0303744124219,0.001563,0.0,0.0,0.0,0.0,6.39094742426527e-12,8.97918412406341e-13,0.0,0.0,0.0,0.0,0.0,5.621111341633284e-10
614.5,5.643e-10,713.0813105199909,0.00155,0.0,0.0,0.0,0.0,6.207740857374852e-12,8.966827552131815e-13,0.0,0.0,0.0,0.0,0.0,5.57195576387412e-10
615.5,5.591e-10,714.1410981534762,0.001537,0.0,0.0,0.0,0.0,6.027167690156311e-12,8.952688478777065e-13,0.0,0.0,0.0,0.0,0.0,5.52177563461966e-10
616.5,5.539e-10,715.2098876845149,0.001524,0.0,0.0,0.0,0.0,5.850306887939031e-12,8.93834021700177e-13,0.0,0.0,0.0,0.0,0.0,5.471558590903608e-10
617.5,5.488e-10,716.2878333494128,0.001511,0.0,0.0,0.0,0.0,5.678149736288116e-12,8.925405359748614e-13,0.0,0.0,0.0,0.0,0.0,5.42229309727737e-10
618.5,5.438e-10,717.2911236384595,0.001499,0.0,0.0,0.0,0.0,5.519449829843696e-12,8.908507347528942e-13,0.0,0.0,0.0,0.0,0.0,5.373896994354034e-10
619.5,5.388e-10,718.3871255710809,0.001486,0.0,0.0,0.0,0.0,5.3552010933676774e-12,8.896815056637223e-13,0.0,0.0,0.0,0.0,0.0,5.325551174009687e-10
620.5,5.342e-10,719.4073635153784,0.001474,0.0,0.0,0.0,0.0,5.206808057286569e-12,8.886125616538503e-13,0.0,0.0,0.0,0.0,0.0,5.281045793810596e-10
621.5,5.296e-10,720.4359413718876,0.001462,0.0,0.0,0.0,0.0,5.061323971730645e-12,8.875291238820047e-13,0.0,0.0,0.0,0.0,0.0,5.236511469043873e-10
622.5,5.251e-10,721.4729966140042,0.00145,0.0,0.0,0.0,0.0,4.919653217996323e-12,8.865998063851396e-13,0.0,0.0,0.0,0.0,0.0,5.192937469756185e-10
623.5,5.206e-10,722.4311980103113,0.001439,0.0,0.0,0.0,0.0,4.788805367515431e-12,8.850994832465224e-13,0.0,0.0,0.0,0.0,0.0,5.14926095149238e-10
624.5,5.162e-10,723.4848984353606,0.001427,0.0,0.0,0.0,0.0,4.653456866868299e-12,8.843126801776891e-13,0.0,0.0,0.0,0.0,0.0,5.106622304529541e-10
625.5,5.117e-10,724.5474972099954,0.001415,0.0,0.0,0.0,0.0,4.519933925361284e-12,8.833430448329556e-13,0.0,0.0,0.0,0.0,0.0,5.062967230298058e-10
626.5,5.073e-10,725.6191459057059,0.001403,0.0,0.0,0.0,0.0,4.389990129094474e-12,8.825343633111948e-13,0.0,0.0,0.0,0.0,0.0,5.020274755075944e-10
627.5,5.029e-10,726.7,0.001391,0.0,0.0,0.0,0.0,4.262693053833436e-12,8.817151850771815e-13,0.0,0.0,0.0,0.0,0.0,4.977555917610894e-10
628.5,4.986e-10,727.5679706926253,0.00138,0.0,0.0,0.0,0.0,4.128697244705209e-12,8.804494826123898e-13,0.0,0.0,0.0,0.0,0.0,4.935908532726825e-10
629.5,4.942e-10,728.4428877505702,0.001369,0.0,0.0,0.0,0.0,3.997041331113262e-12,8.789885282823121e-13,0.0,0.0,0.0,0.0,0.0,4.893239701406044e-10
630.5,4.899e-10,729.4053967979632,0.001357,0.0,0.0,0.0,0.0,3.860935118017273e-12,8.782680442816937e-13,0.0,0.0,0.0,0.0,0.0,4.85160796837701e-10
631.5,4.857e-10,730.2952034694137,0.001346,0.0,0.0,0.0,0.0,3.7372319572691135e-12,8.771321765516069e-13,0.0,0.0,0.0,0.0,0.0,4.810856358661792e-10
632.5,4.815e-10,731.1923118811011,0.001335,0.0,0.0,0.0,0.0,3.6164941215260495e-12,8.759808345175009e-13,0.0,0.0,0.0,0.0,0.0,4.770075250439565e-10
633.5,4.773e-10,732.0968428611653,0.001324,0.0,0.0,0.0,0.0,3.4986753714256366e-12,8.748138000915379e-13,0.0,0.0,0.0,0.0,0.0,4.729265108284828e-10
634.5,4.731e-10,732.9256889828741,0.001314,0.0,0.0,0.0,0.0,3.391324853495126e-12,8.730344654688489e-13,0.0,0.0,0.0,0.0,0.0,4.68835640681036e-10
635.5,4.689e-10,733.8447368697404,0.001303,0.0,0.0,0.0,0.0,3.279018512589012e-12,8.718315105014497e-13,0.0,0.0,0.0,0.0,0.0,4.647491499769095e-10
636.5,4.648e-10,734.7715763923292,0.001292,0.0,0.0,0.0,0.0,3.170179412771796e-12,8.707994548941428e-13,0.0,0.0,0.0,0.0,0.0,4.607590211323341e-10
637.5,4.607e-10,735.6210311694696,0.001282,0.0,0.0,0.0,0.0,3.0710996262084235e-12,8.691460578569434e-13,0.0,0.0,0.0,0.0,0.0,4.5675975431593464e-10
638.5,4.566e-10,736.4771379703003,0.001272,0.0,0.0,0.0,0.0,2.9743367119848803e-12,8.674712058298877e-13,0.0,0.0,0.0,0.0,0.0,4.5275819208218524e-10
639.5,4.526e-10,737.4266639375206,0.001261,0.0,0.0,0.0,0.0,2.8737695309407105e-12,8.665801397419776e-13,0.0,0.0,0.0,0.0,0.0,4.4885965032931733e-10
640.5,4.485e-10,738.2970847759299,0.001251,0.0,0.0,0.0,0.0,2.7816821226811825e-12,8.648660231106859e-13,0.0,0.0,0.0,0.0,0.0,4.4485345185420815e-10
641.5,4.446e-10,739.1744914100494,0.001241,0.0,0.0,0.0,0.0,2.6930153105246247e-12,8.635178477874461e-13,0.0,0.0,0.0,0.0,0.0,4.4104346684168795e-10
642.5,4.406e-10,740.0589968804803,0.001231,0.0,0.0,0.0,0.0,2.605874459997686e-12,8.61956776673639e-13,0.0,0.0,0.0,0.0,0.0,4.3713216876332866e-10
643.5,4.367e-10,740.9507169939668,0.001221,0.0,0.0,0.0,0.0,2.5214234213982613e-12,8.60572365961583e-13,0.0,0.0,0.0,0.0,0.0,4.3331800421264013e-10
644.5,4.328e-10,741.8497704143912,0.001211,0.0,0.0,0.0,0.0,2.4390236210117732e-12,8.591701042802259e-13,0.0,0.0,0.0,0.0,0.0,4.29501806274708e-10
645.5,4.289e-10,742.7562787575408,0.001201,0.0,0.0,0.0,0.0,2.3586424257036014e-12,8.577496948164767e-13,0.0,0.0,0.0,0.0,0.0,4.256836078794799e-10
646.5,4.251e-10,743.670366689836,0.001191,0.0,0.0,0.0,0.0,2.2807839566154712e-12,8.565123163309822e-13,0.0,0.0,0.0,0.0,0.0,4.2196270372705353e-10
647.5,4.213e-10,744.5921620312217,0.001181,0.0,0.0,0.0,0.0,2.204853136758812e-12,8.552592078789061e-13,0.0,0.0,0.0,0.0,0.0,4.1823988765536226e-10
648.5,4.175e-10,745.4284759423044,0.001172,0.0,0.0,0.0,0.0,2.1361933368797582e-12,8.53341057405112e-13,0.0,0.0,0.0,0.0,0.0,4.145104656057151e-10
649.5,4.137e-10,746.3652792735007,0.001162,0.0,0.0,0.0,0.0,2.0638875318151207e-12,8.520514048344452e-13,0.0,0.0,0.0,0.0,0.0,4.107840610633504e-10
650.5,4.1e-10,747.215321152729,0.001153,0.0,0.0,0.0,0.0,1.999018345979813e-12,8.502958552452592e-13,0.0,0.0,0.0,0.0,0.0,4.071506857987749e-10
651.5,4.063e-10,748.0720242900402,0.001144,0.0,0.0,0.0,0.0,1.935676937598859e-12,8.485185405583902e-13,0.0,0.0,0.0,0.0,0.0,4.0351580452184276e-10
652.5,4.026e-10,748.9354939109728,0.001135,0.0,0.0,0.0,0.0,1.873839683274809e-12,8.467190723067827e-13,0.0,0.0,0.0,0.0,0.0,3.9987944124441843e-10
653.5,3.989e-10,749.8058377542441,0.001126,0.0,0.0,0.0,0.0,1.8134831221430626e-12,8.448970503469741e-13,0.0,0.0,0.0,0.0,0.0,3.9624161982751e-10
654.5,3.953e-10,750.7810831135549,0.001116,0.0,0.0,0.0,0.0,1.7503917654545066e-12,8.439368129072992e-13,0.0,0.0,0.0,0.0,0.0,3.9270567142163823e-10
655.5,3.917e-10,751.6663047905704,0.001107,0.0,0.0,0.0,0.0,1.6934636580511236e-12,8.422887207857089e-13,0.0,0.0,0.0,0.0,0.0,3.8916424762116317e-10
656.5,3.881e-10,752.558752846925,0.001098,0.0,0.0,0.0,0.0,1.6379245385926892e-12,8.406199988083264e-13,0.0,0.0,0.0,0.0,0.0,3.8562145546259903e-10
657.5,3.845e-10,753.3582026967774,0.00109,0.0,0.0,0.0,0.0,1.588052392246217e-12,8.382470271178161e-13,0.0,0.0,0.0,0.0,0.0,3.8207370058063596e-10
658.5,3.81e-10,754.2646275282983,0.001081,0.0,0.0,0.0,0.0,1.5355191944684092e-12,8.367514740731381e-13,0.0,0.0,0.0,0.0,0.0,3.7862772933145845e-10
659.5,3.775e-10,755.1786305466519,0.001072,0.0,0.0,0.0,0.0,1.4842906846030916e-12,8.35237335249331e-13,0.0,0.0,0.0,0.0,0.0,3.7518047198014757e-10
660.5,3.74e-10,755.9975428386094,0.001064,0.0,0.0,0.0,0.0,1.4383366624929708e-12,8.330093853942442e-13,0.0,0.0,0.0,0.0,0.0,3.717286539521128e-10
661.5,3.706e-10,756.926211488586,0.001055,0.0,0.0,0.0,0.0,1.3899265568429063e-12,8.316770696472993e-13,0.0,0.0,0.0,0.0,0.0,3.683783963735098e-10
662.5,3.671e-10,757.7583698721984,0.001047,0.0,0.0,0.0,0.0,1.3461715697333847e-12,8.2939967391855e-13,0.0,0.0,0.0,0.0,0.0,3.649244287563481e-10
663.5,3.637e-10,758.5969111245525,0.001039,0.0,0.0,0.0,0.0,1.303806430247633e-12,8.273219606691723e-13,0.0,0.0,0.0,0.0,0.0,3.6156887160908317e-10
664.5,3.604e-10,759.5480225059624,0.00103,0.0,0.0,0.0,0.0,1.259173443657748e-12,8.261578729298299e-13,0.0,0.0,0.0,0.0,0.0,3.583146686834125e-10
665.5,3.57e-10,760.4004578563296,0.001022,0.0,0.0,0.0,0.0,1.2188711762932273e-12,8.240343954507671e-13,0.0,0.0,0.0,0.0,0.0,3.54957094428256e-10
666.5,3.537e-10,761.2595921779362,0.001014,0.0,0.0,0.0,0.0,1.1798694242142878e-12,8.221172539258403e-13,0.0,0.0,0.0,0.0,0.0,3.5169801332185985e-10
667.5,3.504e-10,762.0756662612267,0.001006,0.0,0.0,0.0,0.0,1.140006546649003e-12,8.200937525791496e-13,0.0,0.0,0.0,0.0,0.0,3.4843989970077187e-10
668.5,3.471e-10,762.8055388334842,0.0009981,0.0,0.0,0.0,0.0,1.09865510119484e-12,8.178375555109234e-13,0.0,0.0,0.0,0.0,0.0,3.4518350734329425e-10
669.5,3.439e-10,763.5412113894123,0.0009902,0.0,0.0,0.0,0.0,1.0587818792384065e-12,8.15792467021624e-13,0.0,0.0,0.0,0.0,0.0,3.4202542565373996e-10
670.5,3.406e-10,764.2827768478456,0.0009823,0.0,0.0,0.0,0.0,1.0197390669740672e-12,8.134852065322006e-13,0.0,0.0,0.0,0.0,0.0,3.387667757264937e-10
671.5,3.375e-10,765.020829855093,0.0009745,0.0,0.0,0.0,0.0,9.827536786097848e-13,8.115611124523529e-13,0.0,0.0,0.0,0.0,0.0,3.357056852089379e-10
672.5,3.343e-10,765.745662719751,0.0009669,0.0,0.0,0.0,0.0,9.472160044596217e-13,8.092310877612719e-13,0.0,0.0,0.0,0.0,0.0,3.3254355290777913e-10
673.5,3.311e-10,766.4762154335633,0.0009593,0.0,0.0,0.0,0.0,9.126810381800962e-13,8.068743532827637e-13,0.0,0.0,0.0,0.0,0.0,3.293804446085372e-10
674.5,3.28e-10,767.2028518701763,0.0009518,0.0,0.0,0.0,0.0,8.797190851995053e-13,8.046640011628181e-13,0.0,0.0,0.0,0.0,0.0,3.263156169136377e-10
675.5,3.249e-10,767.9352367693142,0.0009443,0.0,0.0,0.0,0.0,8.476863933510476e-13,8.024286008715515e-13,0.0,0.0,0.0,0.0,0.0,3.2324988500577734e-10
676.5,3.218e-10,768.6635799873883,0.0009369,0.0,0.0,0.0,0.0,8.16868414224471e-13,8.000952479600541e-13,0.0,0.0,0.0,0.0,0.0,3.201830363378155e-10
677.5,3.188e-10,769.3777810299281,0.0009297,0.0,0.0,0.0,0.0,7.877628999301503e-13,7.978399582344172e-13,0.0,0.0,0.0,0.0,0.0,3.1721439714183543e-10
678.5,3.157e-10,770.0975347116103,0.0009225,0.0,0.0,0.0,0.0,7.592262738205751e-13,7.953075973420623e-13,0.0,0.0,0.0,0.0,0.0,3.141454661288374e-10
679.5,3.127e-10,770.822928048673,0.0009153,0.0,0.0,0.0,0.0,7.317299488366492e-13,7.929998701735189e-13,0.0,0.0,0.0,0.0,0.0,3.111752701809898e-10
680.5,3.098e-10,771.5438560044583,0.0009082,0.0,0.0,0.0,0.0,7.055096449996434e-13,7.908475520326868e-13,0.0,0.0,0.0,0.0,0.0,3.083036428029677e-10
681.5,3.068e-10,772.2601688042918,0.0009012,0.0,0.0,0.0,0.0,6.800647533217279e-13,7.883402896721276e-13,0.0,0.0,0.0,0.0,0.0,3.0533159495700614e-10
682.5,3.039e-10,772.9820672565891,0.0008942,0.0,0.0,0.0,0.0,6.555514459730675e-13,7.860632893330528e-13,0.0,0.0,0.0,0.0,0.0,3.0245838526469387e-10
683.5,3.01e-10,773.6887718409489,0.0008874,0.0,0.0,0.0,0.0,6.322251600858046e-13,7.836112527588366e-13,0.0,0.0,0.0,0.0,0.0,2.9958416358715536e-10
684.5,2.981e-10,774.4114263071533,0.0008805,0.0,0.0,0.0,0.0,6.093047875594556e-13,7.812070240507154e-13,0.0,0.0,0.0,0.0,0.0,2.967094881883898e-10
685.5,2.953e-10,775.1291694835222,0.0008737,0.0,0.0,0.0,0.0,5.874665068772648e-13,7.789640202392764e-13,0.0,0.0,0.0,0.0,0.0,2.9393356947288346e-10
686.5,2.924e-10,775.8418421609286,0.000867,0.0,0.0,0.0,0.0,5.662737572286423e-13,7.763549024989992e-13,0.0,0.0,0.0,0.0,0.0,2.9105737134027237e-10
687.5,2.897e-10,776.549283158757,0.0008604,0.0,0.0,0.0,0.0,5.462758341652187e-13,7.741747272668396e-13,0.0,0.0,0.0,0.0,0.0,2.883795494385679e-10
688.5,2.869e-10,777.2513293760887,0.0008539,0.0,0.0,0.0,0.0,5.268611706068023e-13,7.716255000089154e-13,0.0,0.0,0.0,0.0,0.0,2.8560151332938427e-10
689.5,2.841e-10,777.9587401318934,0.0008474,0.0,0.0,0.0,0.0,5.079846107290305e-13,7.690480158112253e-13,0.0,0.0,0.0,0.0,0.0,2.828229673734597e-10
690.5,2.814e-10,778.6715980418506,0.0008409,0.0,0.0,0.0,0.0,4.898095712944146e-13,7.667142118236119e-13,0.0,0.0,0.0,0.0,0.0,2.8014347621688194e-10
691.5,2.787e-10,779.3678000232487,0.0008346,0.0,0.0,0.0,0.0,4.72537448797928e-13,7.641998590753673e-13,0.0,0.0,0.0,0.0,0.0,2.7746326269212665e-10
692.5,2.76e-10,780.0692772638868,0.0008283,0.0,0.0,0.0,0.0,4.557403302217381e-13,7.616579608384613e-13,0.0,0.0,0.0,0.0,0.0,2.7478260170893975e-10
693.5,2.734e-10,780.7761103178793,0.000822,0.0,0.0,0.0,0.0,4.3956966787327683e-13,7.593657543492502e-13,0.0,0.0,0.0,0.0,0.0,2.722010645777775e-10
694.5,2.708e-10,781.4770327968072,0.0008158,0.0,0.0,0.0,0.0,4.24028431935857e-13,7.569702020010238e-13,0.0,0.0,0.0,0.0,0.0,2.696190013660631e-10
695.5,2.682e-10,782.1833025888442,0.0008096,0.0,0.0,0.0,0.0,4.0891596703660354e-13,7.545485399000417e-13,0.0,0.0,0.0,0.0,0.0,2.6703653549306335e-10
696.5,2.656e-10,782.871958263637,0.0008036,0.0,0.0,0.0,0.0,3.9456669035779245e-13,7.51942229676311e-13,0.0,0.0,0.0,0.0,0.0,2.644534910799659e-10
697.5,2.63e-10,783.5657750333389,0.0007976,0.0,0.0,0.0,0.0,3.8060991760070427e-13,7.493075428656027e-13,0.0,0.0,0.0,0.0,0.0,2.618700825395337e-10
698.5,2.605e-10,784.2648308415884,0.0007916,0.0,0.0,0.0,0.0,3.6717893472315554e-13,7.469306801684603e-13,0.0,0.0,0.0,0.0,0.0,2.5938589038510837e-10
699.5,2.58e-10,784.9574218114323,0.0007857,0.0,0.0,0.0,0.0,3.5427529853717243e-13,7.444480921784765e-13,0.0,0.0,0.0,0.0,0.0,2.5690127660928433e-10
700.5,2.556e-10,785.643362016113,0.0007799,0.0,0.0,0.0,0.0,3.420122662645491e-13,7.421486920538002e-13,0.0,0.0,0.0,0.0,0.0,2.5451583904168163e-10
701.5,2.531e-10,786.3344225425407,0.0007741,0.0,0.0,0.0,0.0,3.2995012330825605e-13,7.39532746559801e-13,0.0,0.0,0.0,0.0,0.0,2.520305171301319e-10
702.5,2.506e-10,787.0186314924289,0.0007684,0.0,0.0,0.0,0.0,3.1836431622720045e-13,7.368073862596708e-13,0.0,0.0,0.0,0.0,0.0,2.495448282975131e-10
703.5,2.482e-10,787.7079348540677,0.0007627,0.0,0.0,0.0,0.0,3.072191990129574e-13,7.343482419348346e-13,0.0,0.0,0.0,0.0,0.0,2.4715843255905216e-10
704.5,2.458e-10,788.4024090597862,0.000757,0.0,0.0,0.0,0.0,2.963784003415058e-13,7.318626424531541e-13,0.0,0.0,0.0,0.0,0.0,2.447717589572053e-10
705.5,2.434e-10,789.0898107402915,0.0007514,0.0,0.0,0.0,0.0,2.8596892894213593e-13,7.292682534648358e-13,0.0,0.0,0.0,0.0,0.0,2.4238476281759306e-10
706.5,2.411e-10,789.7575315397238,0.000746,0.0,0.0,0.0,0.0,2.762175555475899e-13,7.267829866238484e-13,0.0,0.0,0.0,0.0,0.0,2.400969994578286e-10
707.5,2.387e-10,790.4426045353259,0.0007405,0.0,0.0,0.0,0.0,2.6648789750981246e-13,7.24050765406498e-13,0.0,0.0,0.0,0.0,0.0,2.3770946133708367e-10
708.5,2.364e-10,791.1201900965116,0.0007351,0.0,0.0,0.0,0.0,2.5725623221444287e-13,7.215113188038461e-13,0.0,0.0,0.0,0.0,0.0,2.354212324489817e-10
709.5,2.341e-10,791.770143804017,0.0007297,0.0,0.0,0.0,0.0,2.479033122828685e-13,7.188753765177123e-13,0.0,0.0,0.0,0.0,0.0,2.3313322131119943e-10
710.5,2.319e-10,792.3364218390691,0.0007244,0.0,0.0,0.0,0.0,2.38209986780737e-13,7.162767909885586e-13,0.0,0.0,0.0,0.0,0.0,2.309455132222307e-10
711.5,2.297e-10,792.8960564252591,0.0007192,0.0,0.0,0.0,0.0,2.2895660419327496e-13,7.135738952411701e-13,0.0,0.0,0.0,0.0,0.0,2.2875746950056553e-10
712.5,2.275e-10,793.4597520291659,0.000714,0.0,0.0,0.0,0.0,2.199942255633794e-13,7.108449327183345e-13,0.0,0.0,0.0,0.0,0.0,2.265691608417183e-10
713.5,2.253e-10,794.0275680198425,0.0007088,0.0,0.0,0.0,0.0,2.1131587562662437e-13,7.08089453927783e-13,0.0,0.0,0.0,0.0,0.0,2.2438059467044558e-10
714.5,2.232e-10,794.5885253209071,0.0007037,0.0,0.0,0.0,0.0,2.0312618639559156e-13,7.055431307174763e-13,0.0,0.0,0.0,0.0,0.0,2.2229133068288694e-10
715.5,2.211e-10,795.153562929141,0.0006986,0.0,0.0,0.0,0.0,1.9519359681208705e-13,7.029725325294419e-13,0.0,0.0,0.0,0.0,0.0,2.2020183387065846e-10
716.5,2.189e-10,795.71154011243,0.0006936,0.0,0.0,0.0,0.0,1.8753924756536211e-13,6.99976929276063e-13,0.0,0.0,0.0,0.0,0.0,2.1801248382315857e-10
717.5,2.168e-10,796.2622739860149,0.0006887,0.0,0.0,0.0,0.0,1.8032006213551243e-13,6.971928398428119e-13,0.0,0.0,0.0,0.0,0.0,2.1592248709802166e-10
718.5,2.147e-10,796.8283013334667,0.0006837,0.0,0.0,0.0,0.0,1.732198439249339e-13,6.944631026154531e-13,0.0,0.0,0.0,0.0,0.0,2.1383231705345958e-10
719.5,2.127e-10,797.3755955354275,0.0006789,0.0,0.0,0.0,0.0,1.6662918187612281e-13,6.918695898049339e-13,0.0,0.0,0.0,0.0,0.0,2.1184150122831893e-10
720.5,2.107e-10,797.9382975633308,0.000674,0.0,0.0,0.0,0.0,1.6014223251889694e-13,6.89333264964479e-13,0.0,0.0,0.0,0.0,0.0,2.0985052450251664e-10
721.5,2.087e-10,798.4818892589346,0.0006693,0.0,0.0,0.0,0.0,1.5405207899198169e-13,6.86609158990072e-13,0.0,0.0,0.0,0.0,0.0,2.0785933876201797e-10
722.5,2.067e-10,799.0293116795427,0.0006646,0.0,0.0,0.0,0.0,1.481492884204731e-13,6.838593852422631e-13,0.0,0.0,0.0,0.0,0.0,2.0586799132633722e-10
723.5,2.047e-10,799.5806191992816,0.0006599,0.0,0.0,0.0,0.0,1.4242946816863504e-13,6.81083504140628e-13,0.0,0.0,0.0,0.0,0.0,2.0387648702769072e-10
724.5,2.028e-10,800.1358673582546,0.0006552,0.0,0.0,0.0,0.0,1.3695582842942122e-13,6.786156876972793e-13,0.0,0.0,0.0,0.0,0.0,2.019844284838733e-10
725.5,2.009e-10,800.6712330159846,0.0006507,0.0,0.0,0.0,0.0,1.3182178416849993e-13,6.759591402216074e-13,0.0,0.0,0.0,0.0,0.0,2.000922190756099e-10
726.5,1.99e-10,801.2223361101902,0.0006461,0.0,0.0,0.0,0.0,1.2676142420565357e-13,6.733609879465718e-13,0.0,0.0,0.0,0.0,0.0,1.9819987758784777e-10
727.5,1.972e-10,801.7652685410402,0.0006416,0.0,0.0,0.0,0.0,1.2199957112713307e-13,6.709953032373048e-13,0.0,0.0,0.0,0.0,0.0,1.9640700512563555e-10
728.5,1.953e-10,802.2998303903704,0.0006372,0.0,0.0,0.0,0.0,1.1739950359047057e-13,6.681822960481738e-13,0.0,0.0,0.0,0.0,0.0,1.9451441820036133e-10
729.5,1.935e-10,802.8503730878658,0.0006327,0.0,0.0,0.0,0.0,1.1292342068391952e-13,6.657707717816175e-13,0.0,0.0,0.0,0.0,0.0,1.9272130580753446e-10
730.5,1.917e-10,803.3801180204038,0.0006284,0.0,0.0,0.0,0.0,1.0873010295754687e-13,6.631687544544628e-13,0.0,0.0,0.0,0.0,0.0,1.90928101142588e-10
731.5,1.899e-10,803.9259482726011,0.000624,0.0,0.0,0.0,0.0,1.0459267175283024e-13,6.606271900016512e-13,0.0,0.0,0.0,0.0,0.0,1.8913478013824552e-10
732.5,1.881e-10,804.4505703787662,0.0006198,0.0,0.0,0.0,0.0,1.0071842084121914e-13,6.57892860473941e-13,0.0,0.0,0.0,0.0,0.0,1.8734138871868483e-10
733.5,1.864e-10,804.9913794483847,0.0006155,0.0,0.0,0.0,0.0,9.694634541954102e-14,6.555698719996705e-13,0.0,0.0,0.0,0.0,0.0,1.8564748378258082e-10
734.5,1.846e-10,805.523271398874,0.0006113,0.0,0.0,0.0,0.0,9.330195532727413e-14,6.527870956980967e-13,0.0,0.0,0.0,0.0,0.0,1.8385391094897462e-10
735.5,1.83e-10,806.0588303943873,0.0006071,0.0,0.0,0.0,0.0,8.986648450032883e-14,6.506895454226419e-13,0.0,0.0,0.0,0.0,0.0,1.8225944397007701e-10
736.5,1.814e-10,806.5852238189643,0.000603,0.0,0.0,0.0,0.0,8.659353708808576e-14,6.484879324801223e-13,0.0,0.0,0.0,0.0,0.0,1.806649185304318e-10
737.5,1.798e-10,807.1152086067616,0.0005989,0.0,0.0,0.0,0.0,8.341714029189846e-14,6.462669465468276e-13,0.0,0.0,0.0,0.0,0.0,1.790703159131613e-10
738.5,1.782e-10,807.6488340993616,0.0005948,0.0,0.0,0.0,0.0,8.033512041129368e-14,6.440262679619159e-13,0.0,0.0,0.0,0.0,0.0,1.7747563861162677e-10
739.5,1.767e-10,808.1861506622372,0.0005907,0.0,0.0,0.0,0.0,7.738913419654641e-14,6.421289697283909e-13,0.0,0.0,0.0,0.0,0.0,1.7598048189607505e-10
740.5,1.752e-10,808.7139682149989,0.0005867,0.0,0.0,0.0,0.0,7.458387972637359e-14,6.401285511830278e-13,0.0,0.0,0.0,0.0,0.0,1.744852875690906e-10
741.5,1.737e-10,809.2320665406905,0.0005828,0.0,0.0,0.0,0.0,7.19126047700294e-14,6.380238041032643e-13,0.0,0.0,0.0,0.0,0.0,1.7299006359112672e-10
742.5,1.722e-10,809.7536435589906,0.0005789,0.0,0.0,0.0,0.0,6.931882819605507e-14,6.359009318430079e-13,0.0,0.0,0.0,0.0,0.0,1.7149478023996095e-10
743.5,1.707e-10,810.2787463001621,0.000575,0.0,0.0,0.0,0.0,6.680083383418255e-14,6.337596397176929e-13,0.0,0.0,0.0,0.0,0.0,1.699994395264481e-10
744.5,1.693e-10,810.8074227547028,0.0005711,0.0,0.0,0.0,0.0,6.439496759054867e-14,6.319729116418049e-13,0.0,0.0,0.0,0.0,0.0,1.6860363212076767e-10
745.5,1.678e-10,811.3260275409751,0.0005673,0.0,0.0,0.0,0.0,6.206813566710776e-14,6.297076310821584e-13,0.0,0.0,0.0,0.0,0.0,1.6710822423325073e-10
746.5,1.664e-10,811.8481178471886,0.0005635,0.0,0.0,0.0,0.0,5.9845323747908e-14,6.277997502721587e-13,0.0,0.0,0.0,0.0,0.0,1.6571235492597993e-10
747.5,1.65e-10,812.3737408425967,0.0005597,0.0,0.0,0.0,0.0,5.768704278958411e-14,6.25875727959726e-13,0.0,0.0,0.0,0.0,0.0,1.643164372292507e-10
748.5,1.636e-10,812.8889719561644,0.000556,0.0,0.0,0.0,0.0,5.563367308803314e-14,6.238460909235945e-13,0.0,0.0,0.0,0.0,0.0,1.6292052023598838e-10
749.5,1.622e-10,813.4076432379859,0.0005523,0.0,0.0,0.0,0.0,5.3639514290921834e-14,6.217991600329343e-13,0.0,0.0,0.0,0.0,0.0,1.6152456132567615e-10
750.5,1.608e-10,813.9298009366411,0.0005486,0.0,0.0,0.0,0.0,5.170326285502181e-14,6.197346549778978e-13,0.0,0.0,0.0,0.0,0.0,1.6012856208216709e-10
751.5,1.595e-10,814.4412374915682,0.000545,0.0,0.0,0.0,0.0,4.989314708971047e-14,6.179496405698603e-13,0.0,0.0,0.0,0.0,0.0,1.5883215721234042e-10
752.5,1.582e-10,814.9704131051376,0.0005413,0.0,0.0,0.0,0.0,4.809725557406031e-14,6.162404533642433e-13,0.0,0.0,0.0,0.0,0.0,1.575356622910617e-10
753.5,1.569e-10,815.4743243766402,0.0005378,0.0,0.0,0.0,0.0,4.6425931633696614e-14,6.143354723023565e-13,0.0,0.0,0.0,0.0,0.0,1.5623923859606393e-10
754.5,1.556e-10,815.9960660731931,0.0005342,0.0,0.0,0.0,0.0,4.476662037330063e-14,6.125058493182051e-13,0.0,0.0,0.0,0.0,0.0,1.549427275303085e-10
755.5,1.543e-10,816.5066968406559,0.0005307,0.0,0.0,0.0,0.0,4.3189402055570004e-14,6.10569444219892e-13,0.0,0.0,0.0,0.0,0.0,1.5364624115372454e-10
756.5,1.531e-10,816.981678000003,0.0005272,0.0,0.0,0.0,0.0,4.157557622382708e-14,6.089217945400118e-13,0.0,0.0,0.0,0.0,0.0,1.5244950262923615e-10
757.5,1.518e-10,817.4076115373172,0.0005237,0.0,0.0,0.0,0.0,3.9845539787669035e-14,6.067382314267607e-13,0.0,0.0,0.0,0.0,0.0,1.5115341622878557e-10
758.5,1.506e-10,817.8241101247031,0.0005203,0.0,0.0,0.0,0.0,3.823881698476504e-14,6.048534739756706e-13,0.0,0.0,0.0,0.0,0.0,1.4995690770903955e-10
759.5,1.494e-10,818.2433393432281,0.0005169,0.0,0.0,0.0,0.0,3.668654783410372e-14,6.029551347423422e-13,0.0,0.0,0.0,0.0,0.0,1.4876035831742355e-10
760.5,1.482e-10,818.6653352342211,0.0005135,0.0,0.0,0.0,0.0,3.518724132692459e-14,6.010430148777739e-13,0.0,0.0,0.0,0.0,0.0,1.475637697437953e-10
761.5,1.47e-10,819.0901345573126,0.0005101,0.0,0.0,0.0,0.0,3.373943743517723e-14,5.991169109034022e-13,0.0,0.0,0.0,0.0,0.0,1.463671436516614e-10
762.5,1.458e-10,819.5051562487706,0.0005068,0.0,0.0,0.0,0.0,3.2374277974626786e-14,5.970893479784919e-13,0.0,0.0,0.0,0.0,0.0,1.4517053637404689e-10
763.5,1.446e-10,819.9228891770723,0.0005035,0.0,0.0,0.0,0.0,3.1055523151284735e-14,5.950468185695527e-13,0.0,0.0,0.0,0.0,0.0,1.4397389765827914e-10
764.5,1.434e-10,820.3433689989986,0.0005002,0.0,0.0,0.0,0.0,2.978189900390361e-14,5.92989099395661e-13,0.0,0.0,0.0,0.0,0.0,1.427772290016004e-10
765.5,1.423e-10,820.7537646767883,0.000497,0.0,0.0,0.0,0.0,2.860158066769375e-14,5.912434163414392e-13,0.0,0.0,0.0,0.0,0.0,1.4168015500299087e-10
766.5,1.412e-10,821.1668112937627,0.0004938,0.0,0.0,0.0,0.0,2.7460583075418687e-14,5.894855573536556e-13,0.0,0.0,0.0,0.0,0.0,1.405830538595709e-10
767.5,1.401e-10,821.5825433200337,0.0004906,0.0,0.0,0.0,0.0,2.6357847727188066e-14,5.877153473274193e-13,0.0,0.0,0.0,0.0,0.0,1.3948592680494542e-10
768.5,1.39e-10,822.000995902436,0.0004874,0.0,0.0,0.0,0.0,2.5292337756038272e-14,5.859326071828619e-13,0.0,0.0,0.0,0.0,0.0,1.383887750550611e-10
769.5,1.379e-10,822.4090000176652,0.0004843,0.0,0.0,0.0,0.0,2.428861055234852e-14,5.840478675210634e-13,0.0,0.0,0.0,0.0,0.0,1.372916635219266e-10
770.5,1.368e-10,822.8196241669125,0.0004812,0.0,0.0,0.0,0.0,2.331835114073739e-14,5.82149639099654e-13,0.0,0.0,0.0,0.0,0.0,1.3619453200975962e-10
771.5,1.358e-10,823.23290221733,0.0004781,0.0,0.0,0.0,0.0,2.2397150845631788e-14,5.806653130715244e-13,0.0,0.0,0.0,0.0,0.0,1.3519693753608287e-10
772.5,1.347e-10,823.6488686970052,0.000475,0.0,0.0,0.0,0.0,2.149060285088793e-14,5.787415739739016e-13,0.0,0.0,0.0,0.0,0.0,1.340997678231752e-10
773.5,1.336e-10,824.0540098012984,0.000472,0.0,0.0,0.0,0.0,2.0637182773035412e-14,5.767133216541963e-13,0.0,0.0,0.0,0.0,0.0,1.3300264949557277e-10
774.5,1.326e-10,824.4617341819413,0.000469,0.0,0.0,0.0,0.0,1.9827173641970947e-14,5.751039647276333e-13,0.0,0.0,0.0,0.0,0.0,1.320050688616304e-10
775.5,1.316e-10,824.8720749936219,0.000466,0.0,0.0,0.0,0.0,1.9043893498088085e-14,5.734836992801083e-13,0.0,0.0,0.0,0.0,0.0,1.310074724072218e-10
776.5,1.306e-10,825.2850660334316,0.000463,0.0,0.0,0.0,0.0,1.8286629443568344e-14,5.718523702840956e-13,0.0,0.0,0.0,0.0,0.0,1.3000986100027234e-10
777.5,1.297e-10,825.7007417575691,0.00046,0.0,0.0,0.0,0.0,1.7568228303438454e-14,5.706497959706154e-13,0.0,0.0,0.0,0.0,0.0,1.2911178197572596e-10
778.5,1.287e-10,826.1051465848159,0.0004571,0.0,0.0,0.0,0.0,1.6879300857427218e-14,5.689058940356064e-13,0.0,0.0,0.0,0.0,0.0,1.2811421480510696e-10
779.5,1.277e-10,826.5262053299849,0.0004541,0.0,0.0,0.0,0.0,1.619487415531682e-14,5.672422360710889e-13,0.0,0.0,0.0,0.0,0.0,1.271165628897736e-10
780.5,1.268e-10,826.9358813484357,0.0004512,0.0,0.0,0.0,0.0,1.556363375321491e-14,5.659204562770949e-13,0.0,0.0,0.0,0.0,0.0,1.2621851590996966e-10
781.5,1.258e-10,827.3339367906847,0.0004484,0.0,0.0,0.0,0.0,1.4958223059438007e-14,5.640489180848467e-13,0.0,0.0,0.0,0.0,0.0,1.2522099285885572e-10
782.5,1.249e-10,827.7488374865871,0.0004455,0.0,0.0,0.0,0.0,1.4367646702168507e-14,5.627080083009927e-13,0.0,0.0,0.0,0.0,0.0,1.2432292434499682e-10
783.5,1.24e-10,828.1520019830083,0.0004427,0.0,0.0,0.0,0.0,1.3812595195393947e-14,5.612648057934124e-13,0.0,0.0,0.0,0.0,0.0,1.234249225990112e-10
784.5,1.23e-10,828.5577245309598,0.0004399,0.0,0.0,0.0,0.0,1.326478995964841e-14,5.593574957561136e-13,0.0,0.0,0.0,0.0,0.0,1.2242737771428425e-10
785.5,1.222e-10,828.9660377991618,0.0004371,0.0,0.0,0.0,0.0,1.2756110621315432e-14,5.583502354024693e-13,0.0,0.0,0.0,0.0,0.0,1.216288936539762e-10
786.5,1.213e-10,829.3622531896991,0.0004344,0.0,0.0,0.0,0.0,1.2268141703896032e-14,5.567837909584791e-13,0.0,0.0,0.0,0.0,0.0,1.2073094806733763e-10
787.5,1.204e-10,829.7757529210146,0.0004316,0.0,0.0,0.0,0.0,1.1781928364860423e-14,5.553020626106081e-13,0.0,0.0,0.0,0.0,0.0,1.198329160090245e-10
788.5,1.195e-10,830.1770332711355,0.0004289,0.0,0.0,0.0,0.0,1.132538637741102e-14,5.537149578273715e-13,0.0,0.0,0.0,0.0,0.0,1.1893495965579522e-10
789.5,1.187e-10,830.5808477438718,0.0004262,0.0,0.0,0.0,0.0,1.0892891448165094e-14,5.525826714004012e-13,0.0,0.0,0.0,0.0,0.0,1.181365244371514e-10
790.5,1.178e-10,830.9872285491783,0.0004235,0.0,0.0,0.0,0.0,1.0465405704413671e-14,5.509761864219932e-13,0.0,0.0,0.0,0.0,0.0,1.172385584078736e-10
791.5,1.169e-10,831.3810143704934,0.0004209,0.0,0.0,0.0,0.0,1.0064216345481911e-14,5.492621932183118e-13,0.0,0.0,0.0,0.0,0.0,1.1634067359043621e-10
792.5,1.161e-10,831.7925288500755,0.0004182,0.0,0.0,0.0,0.0,9.672482106872936e-15,5.48105328293442e-13,0.0,0.0,0.0,0.0,0.0,1.1554222218959967e-10
793.5,1.152e-10,832.1913208558407,0.0004156,0.0,0.0,0.0,0.0,9.296922963272226e-15,5.463700924302497e-13,0.0,0.0,0.0,0.0,0.0,1.1464433298460648e-10
794.5,1.144e-10,832.5926155553053,0.000413,0.0,0.0,0.0,0.0,8.941430638723352e-15,5.45099253142386e-13,0.0,0.0,0.0,0.0,0.0,1.1384595931621888e-10
795.5,1.136e-10,832.9964445591962,0.0004104,0.0,0.0,0.0,0.0,8.597370710631565e-15,5.438206101086107e-13,0.0,0.0,0.0,0.0,0.0,1.1304758201918075e-10
796.5,1.128e-10,833.4028400809459,0.0004078,0.0,0.0,0.0,0.0,8.264445878011585e-15,5.425340584656444e-13,0.0,0.0,0.0,0.0,0.0,1.1224920149565634e-10
797.5,1.121e-10,833.7960559126615,0.0004053,0.0,0.0,0.0,0.0,7.959471027740189e-15,5.416239280744171e-13,0.0,0.0,0.0,0.0,0.0,1.1155041660089783e-10
798.5,1.113e-10,834.2075817101016,0.0004027,0.0,0.0,0.0,0.0,7.64738825825613e-15,5.403231454325382e-13,0.0,0.0,0.0,0.0,0.0,1.1075202946630921e-10
799.5,1.105e-10,834.6057929674552,0.0004002,0.0,0.0,0.0,0.0,7.354970725405117e-15,5.389145844222682e-13,0.0,0.0,0.0,0.0,0.0,1.0995373044485236e-10
800.5,1.098e-10,835.0064996117961,0.0003977,0.0,0.0,0.0,0.0,7.078400918085406e-15,5.379869041078801e-13,0.0,0.0,0.0,0.0,0.0,1.0925493469497403e-10
801.5,1.09e-10,835.4097331150836,0.0003952,0.0,0.0,0.0,0.0,6.804337117361163e-15,5.36562327912698e-13,0.0,0.0,0.0,0.0,0.0,1.0845663333496994e-10
802.5,1.082e-10,835.7992443116802,0.0003928,0.0,0.0,0.0,0.0,6.5476966227162e-15,5.350277357007017e-13,0.0,0.0,0.0,0.0,0.0,1.0765842456767658e-10
803.5,1.075e-10,836.2075240606783,0.0003903,0.0,0.0,0.0,0.0,6.296819444417362e-15,5.340808426017487e-13,0.0,0.0,0.0,0.0,0.0,1.0695962233795384e-10
804.5,1.068e-10,836.6019404664511,0.0003879,0.0,0.0,0.0,0.0,6.0619990699398e-15,5.330275121985956e-13,0.0,0.0,0.0,0.0,0.0,1.0626091048873147e-10
805.5,1.061e-10,836.9988047786942,0.0003855,0.0,0.0,0.0,0.0,5.834544179288296e-15,5.319683709322838e-13,0.0,0.0,0.0,0.0,0.0,1.0556219708488843e-10
806.5,1.054e-10,837.3981475726486,0.0003831,0.0,0.0,0.0,0.0,5.6142679345080506e-15,5.309033464800642e-13,0.0,0.0,0.0,0.0,0.0,1.0486348238558543e-10
807.5,1.047e-10,837.8,0.0003807,0.0,0.0,0.0,0.0,5.400987101430124e-15,5.298323650834231e-13,0.0,0.0,0.0,0.0,0.0,1.0416476664781513e-10
808.5,1.04e-10,838.114628139946,0.0003784,0.0,0.0,0.0,0.0,5.171506809469056e-15,5.284746290052751e-13,0.0,0.0,0.0,0.0,0.0,1.0346635386418525e-10
809.5,1.033e-10,838.4449812626095,0.000376,0.0,0.0,0.0,0.0,4.942475266735139e-15,5.272055419761753e-13,0.0,0.0,0.0,0.0,0.0,1.0276785198275708e-10
810.5,1.026e-10,838.7635543444765,0.0003737,0.0,0.0,0.0,0.0,4.729865726285379e-15,5.258337109381554e-13,0.0,0.0,0.0,0.0,0.0,1.0206943642333555e-10
811.5,1.019e-10,839.0980757096954,0.0003713,0.0,0.0,0.0,0.0,4.5177760612998595e-15,5.245510712502309e-13,0.0,0.0,0.0,0.0,0.0,1.0137093115268846e-10
812.5,1.012e-10,839.4206939166726,0.000369,0.0,0.0,0.0,0.0,4.320989224235718e-15,5.231647989117299e-13,0.0,0.0,0.0,0.0,0.0,1.0067251421186403e-10
813.5,1.005e-10,839.7453293227686,0.0003667,0.0,0.0,0.0,0.0,4.131603184397875e-15,5.217709994208782e-13,0.0,0.0,0.0,0.0,0.0,9.997409739739472e-11
814.5,9.985e-11,840.0577610989451,0.0003645,0.0,0.0,0.0,0.0,3.9579363761085685e-15,5.205326653433063e-13,0.0,0.0,0.0,0.0,0.0,9.932550939828057e-11
815.5,9.921e-11,840.386417061044,0.0003622,0.0,0.0,0.0,0.0,3.7846192598891316e-15,5.194384494198975e-13,0.0,0.0,0.0,0.0,0.0,9.86867769313202e-11
816.5,9.858e-11,840.7027423615546,0.00036,0.0,0.0,0.0,0.0,3.624318317921847e-15,5.182933446562634e-13,0.0,0.0,0.0,0.0,0.0,9.805808233702582e-11
817.5,9.795e-11,841.0355197166944,0.0003577,0.0,0.0,0.0,0.0,3.4640088276861186e-15,5.172415563537387e-13,0.0,0.0,0.0,0.0,0.0,9.742929443481856e-11
818.5,9.732e-11,841.3558368086404,0.0003555,0.0,0.0,0.0,0.0,3.3154693715377853e-15,5.16085829516937e-13,0.0,0.0,0.0,0.0,0.0,9.680059870111152e-11
819.5,9.67e-11,841.6781423377038,0.0003533,0.0,0.0,0.0,0.0,3.1727579468383183e-15,5.14977762887895e-13,0.0,0.0,0.0,0.0,0.0,9.618184947916525e-11
820.5,9.608e-11,842.0024611454745,0.0003511,0.0,0.0,0.0,0.0,3.035351037188138e-15,5.138644920827169e-13,0.0,0.0,0.0,0.0,0.0,9.55631001568801e-11
821.5,9.547e-11,842.3139395265712,0.000349,0.0,0.0,0.0,0.0,2.908432127571822e-15,5.12699274603772e-13,0.0,0.0,0.0,0.0,0.0,9.495439229326865e-11
822.5,9.486e-11,842.6422669003415,0.0003468,0.0,0.0,0.0,0.0,2.7812327913713123e-15,5.116291737320219e-13,0.0,0.0,0.0,0.0,0.0,9.434558959347661e-11
823.5,9.426e-11,842.957619078179,0.0003447,0.0,0.0,0.0,0.0,2.663798177965918e-15,5.105071192105025e-13,0.0,0.0,0.0,0.0,0.0,9.374682908261153e-11
824.5,9.365e-11,843.2748983437006,0.0003426,0.0,0.0,0.0,0.0,2.550372476491861e-15,5.093253490989299e-13,0.0,0.0,0.0,0.0,0.0,9.313812427842458e-11
825.5,9.307e-11,843.5941283942982,0.0003405,0.0,0.0,0.0,0.0,2.4419039670543904e-15,5.083015757902494e-13,0.0,0.0,0.0,0.0,0.0,9.255925652024268e-11
826.5,9.248e-11,843.9153333671801,0.0003384,0.0,0.0,0.0,0.0,2.337166138193004e-15,5.07218426918939e-13,0.0,0.0,0.0,0.0,0.0,9.197044440694287e-11
827.5,9.19e-11,844.2385378503213,0.0003363,0.0,0.0,0.0,0.0,2.2365509158220276e-15,5.061853127943333e-13,0.0,0.0,0.0,0.0,0.0,9.139157813628985e-11
828.5,9.132e-11,844.5637668937592,0.0003342,0.0,0.0,0.0,0.0,2.139676123070784e-15,5.051475690114345e-13,0.0,0.0,0.0,0.0,0.0,9.08127127548655e-11
829.5,9.074e-11,844.8910460212431,0.0003321,0.0,0.0,0.0,0.0,2.046424956564336e-15,5.041051452584706e-13,0.0,0.0,0.0,0.0,0.0,9.023384842978497e-11
830.5,9.018e-11,845.2046701941271,0.0003301,0.0,0.0,0.0,0.0,1.9607133637689262e-15,5.030654603432771e-13,0.0,0.0,0.0,0.0,0.0,8.967497382629296e-11
831.5,8.961e-11,845.5360272838527,0.000328,0.0,0.0,0.0,0.0,1.874426844153587e-15,5.020695936730946e-13,0.0,0.0,0.0,0.0,0.0,8.910605597948276e-11
832.5,8.906e-11,845.8535837719543,0.000326,0.0,0.0,0.0,0.0,1.7951558225050374e-15,5.010769242677266e-13,0.0,0.0,0.0,0.0,0.0,8.855712791990976e-11
833.5,8.85e-11,846.1730944661252,0.000324,0.0,0.0,0.0,0.0,1.7185852816692049e-15,5.000234373798469e-13,0.0,0.0,0.0,0.0,0.0,8.799825797733849e-11
834.5,8.795e-11,846.4945835672906,0.000322,0.0,0.0,0.0,0.0,1.6450219718629215e-15,4.990218475351773e-13,0.0,0.0,0.0,0.0,0.0,8.744933313049297e-11
835.5,8.741e-11,846.8180757287348,0.00032,0.0,0.0,0.0,0.0,1.57435786048894e-15,4.980728265892868e-13,0.0,0.0,0.0,0.0,0.0,8.691035281555022e-11
836.5,8.687e-11,847.1435960674464,0.000318,0.0,0.0,0.0,0.0,1.5063149880761735e-15,4.971198350005539e-13,0.0,0.0,0.0,0.0,0.0,8.637137385001138e-11
837.5,8.634e-11,847.4547422927693,0.0003161,0.0,0.0,0.0,0.0,1.4437435001000974e-15,4.961130957320612e-13,0.0,0.0,0.0,0.0,0.0,8.584244316076783e-11
838.5,8.581e-11,847.7842916311419,0.0003141,0.0,0.0,0.0,0.0,1.3807506277938794e-15,4.952095303100256e-13,0.0,0.0,0.0,0.0,0.0,8.531340971906218e-11
839.5,8.529e-11,848.099312924893,0.0003122,0.0,0.0,0.0,0.0,1.3228512095562712e-15,4.942522000096692e-13,0.0,0.0,0.0,0.0,0.0,8.479442494878078e-11
840.5,8.477e-11,848.4162572521034,0.0003103,0.0,0.0,0.0,0.0,1.2670480856816745e-15,4.932907999696066e-13,0.0,0.0,0.0,0.0,0.0,8.42754421519447e-11
841.5,8.425e-11,848.7519863491564,0.0003083,0.0,0.0,0.0,0.0,1.2108959554468039e-15,4.924343230050426e-13,0.0,0.0,0.0,0.0,0.0,8.375635478103953e-11
842.5,8.374e-11,849.0729524453592,0.0003064,0.0,0.0,0.0,0.0,1.1593217424308936e-15,4.915238093060955e-13,0.0,0.0,0.0,0.0,0.0,8.324731686895149e-11
843.5,8.323e-11,849.3959150696462,0.0003045,0.0,0.0,0.0,0.0,1.1096443079734067e-15,4.906096014547355e-13,0.0,0.0,0.0,0.0,0.0,8.27382807542373e-11
844.5,8.273e-11,849.7037439789771,0.0003027,0.0,0.0,0.0,0.0,1.0640613954412524e-15,4.896403885656954e-13,0.0,0.0,0.0,0.0,0.0,8.223929555003886e-11
845.5,8.223e-11,850.0306667343602,0.0003008,0.0,0.0,0.0,0.0,1.0180427691850082e-15,4.887778925777857e-13,0.0,0.0,0.0,0.0,0.0,8.174020406465303e-11
846.5,8.173e-11,850.3596610501198,0.0002989,0.0,0.0,0.0,0.0,9.73742808154208e-16,4.879121041358192e-13,0.0,0.0,0.0,0.0,0.0,8.124111415305604e-11
847.5,8.124e-11,850.6732746986387,0.0002971,0.0,0.0,0.0,0.0,9.33123501788797e-16,4.869910146667234e-13,0.0,0.0,0.0,0.0,0.0,8.075207586183147e-11
848.5,8.075e-11,851.0063793884234,0.0002952,0.0,0.0,0.0,0.0,8.921345422759555e-16,4.861785066308106e-13,0.0,0.0,0.0,0.0,0.0,8.026292935882692e-11
849.5,8.027e-11,851.3239358765248,0.0002934,0.0,0.0,0.0,0.0,8.54569936541979e-16,4.853106663055282e-13,0.0,0.0,0.0,0.0,0.0,7.978383476375793e-11
850.5,7.979e-11,851.6434465706959,0.0002916,0.0,0.0,0.0,0.0,8.183710272932118e-16,4.844394406922495e-13,0.0,0.0,0.0,0.0,0.0,7.930474218828046e-11
851.5,7.931e-11,851.9649356718612,0.0002898,0.0,0.0,0.0,0.0,7.834961125060321e-16,4.835647977473461e-13,0.0,0.0,0.0,0.0,0.0,7.882565170614014e-11
852.5,7.884e-11,852.2884278333054,0.000288,0.0,0.0,0.0,0.0,7.499996471418564e-16,4.82747936282516e-13,0.0,0.0,0.0,0.0,0.0,7.835650206407035e-11
853.5,7.837e-11,852.613948172017,0.0002862,0.0,0.0,0.0,0.0,7.177397442626782e-16,4.819281171298685e-13,0.0,0.0,0.0,0.0,0.0,7.788735414312586e-11
854.5,7.79e-11,852.923269397816,0.0002845,0.0,0.0,0.0,0.0,6.881422580913247e-16,4.809898831838799e-13,0.0,0.0,0.0,0.0,0.0,7.741832197455803e-11
855.5,7.744e-11,853.252807115894,0.0002827,0.0,0.0,0.0,0.0,6.582715893425258e-16,4.802255532040745e-13,0.0,0.0,0.0,0.0,0.0,7.69591161752066e-11
856.5,7.698e-11,853.565969501226,0.000281,0.0,0.0,0.0,0.0,6.308796546669439e-16,4.7934226181303e-13,0.0,0.0,0.0,0.0,0.0,7.65000268585323e-11
857.5,7.652e-11,853.899624998322,0.0002792,0.0,0.0,0.0,0.0,6.031617218347745e-16,4.785723581828116e-13,0.0,0.0,0.0,0.0,0.0,7.604082448009536e-11
858.5,7.607e-11,854.2167251423047,0.0002775,0.0,0.0,0.0,0.0,5.778317507503306e-16,4.777452006643178e-13,0.0,0.0,0.0,0.0,0.0,7.559167696758492e-11
859.5,7.562e-11,854.5357738625643,0.0002758,0.0,0.0,0.0,0.0,5.5342022360594e-16,4.769149410442888e-13,0.0,0.0,0.0,0.0,0.0,7.51425316387321e-11
860.5,7.517e-11,854.8458542824327,0.0002741,0.0,0.0,0.0,0.0,0.0,4.760607196311242e-13,0.0,0.0,0.0,0.0,0.0,7.469393928036887e-11
861.5,7.473e-11,855.1066469588798,0.0002724,0.0,0.0,0.0,0.0,0.0,4.751503696638798e-13,0.0,0.0,0.0,0.0,0.0,7.425484963033611e-11
862.5,7.428e-11,855.3690723012703,0.0002707,0.0,0.0,0.0,0.0,0.0,4.741731825363068e-13,0.0,0.0,0.0,0.0,0.0,7.380582681746368e-11
863.5,7.385e-11,855.6331508807324,0.000269,0.0,0.0,0.0,0.0,0.0,4.733206416828353e-13,0.0,0.0,0.0,0.0,0.0,7.337667935831717e-11
864.5,7.341e-11,855.8832244178908,0.0002674,0.0,0.0,0.0,0.0,0.0,4.722888674604466e-13,0.0,0.0,0.0,0.0,0.0,7.293771113253955e-11
865.5,7.298e-11,856.1505724221665,0.0002657,0.0,0.0,0.0,0.0,0.0,4.714304675635796e-13,0.0,0.0,0.0,0.0,0.0,7.250856953243642e-11
866.5,7.255e-11,856.4037612770278,0.0002641,0.0,0.0,0.0,0.0,0.0,4.704561858462561e-13,0.0,0.0,0.0,0.0,0.0,7.207954381415375e-11
867.5,7.212e-11,856.6744606754468,0.0002624,0.0,0.0,0.0,0.0,0.0,4.695920919031997e-13,0.0,0.0,0.0,0.0,0.0,7.16504079080968e-11
868.5,7.169e-11,856.930843446202,0.0002608,0.0,0.0,0.0,0.0,0.0,4.68611097224635e-13,0.0,0.0,0.0,0.0,0.0,7.122138890277537e-11
869.5,7.127e-11,857.1888039670126,0.0002592,0.0,0.0,0.0,0.0,0.0,4.676920947497306e-13,0.0,0.0,0.0,0.0,0.0,7.080230790525027e-11
870.5,7.085e-11,857.4483617767653,0.0002576,0.0,0.0,0.0,0.0,0.0,4.667699451548896e-13,0.0,0.0,0.0,0.0,0.0,7.038323005484512e-11
871.5,7.044e-11,857.725914373968,0.0002559,0.0,0.0,0.0,0.0,0.0,4.660265102757015e-13,0.0,0.0,0.0,0.0,0.0,6.99739734897243e-11
872.5,7.002e-11,857.9888298722828,0.0002543,0.0,0.0,0.0,0.0,0.0,4.650987420602384e-13,0.0,0.0,0.0,0.0,0.0,6.955490125793976e-11
873.5,6.961e-11,858.2368198620471,0.0002528,0.0,0.0,0.0,0.0,0.0,4.64117689032331e-13,0.0,0.0,0.0,0.0,0.0,6.914588231096768e-11
874.5,6.92e-11,858.5029696599158,0.0002512,0.0,0.0,0.0,0.0,0.0,4.63250159501662e-13,0.0,0.0,0.0,0.0,0.0,6.873674984049834e-11
875.5,6.88e-11,858.7708201070067,0.0002496,0.0,0.0,0.0,0.0,0.0,4.624471105071841e-13,0.0,0.0,0.0,0.0,0.0,6.833755288949282e-11
876.5,6.839e-11,859.0234938819613,0.0002481,0.0,0.0,0.0,0.0,0.0,4.614560898185604e-13,0.0,0.0,0.0,0.0,0.0,6.792854391018142e-11
877.5,6.799e-11,859.294701960039,0.0002465,0.0,0.0,0.0,0.0,0.0,4.606477843336278e-13,0.0,0.0,0.0,0.0,0.0,6.752935221566638e-11
878.5,6.759e-11,859.5505630942441,0.000245,0.0,0.0,0.0,0.0,0.0,4.597179261671679e-13,0.0,0.0,0.0,0.0,0.0,6.713028207383284e-11
879.5,6.72e-11,859.8079955451592,0.0002435,0.0,0.0,0.0,0.0,0.0,4.588530424885228e-13,0.0,0.0,0.0,0.0,0.0,6.674114695751147e-11
880.5,6.68e-11,860.0670187319186,0.000242,0.0,0.0,0.0,0.0,0.0,4.579168086461271e-13,0.0,0.0,0.0,0.0,0.0,6.634208319135387e-11
881.5,6.641e-11,860.3276524358834,0.0002405,0.0,0.0,0.0,0.0,0.0,4.570460318276497e-13,0.0,0.0,0.0,0.0,0.0,6.595295396817235e-11
882.5,6.602e-11,860.5899168097068,0.000239,0.0,0.0,0.0,0.0,0.0,4.561724078186413e-13,0.0,0.0,0.0,0.0,0.0,6.556382759218135e-11
883.5,6.563e-11,860.8538323866846,0.0002375,0.0,0.0,0.0,0.0,0.0,4.552959138407861e-13,0.0,0.0,0.0,0.0,0.0,6.51747040861592e-11
884.5,6.524e-11,861.1194200904025,0.000236,0.0,0.0,0.0,0.0,0.0,4.544165268454811e-13,0.0,0.0,0.0,0.0,0.0,6.478558347315452e-11
885.5,6.485e-11,861.38670124469,0.0002345,0.0,0.0,0.0,0.0,0.0,4.5353422351013104e-13,0.0,0.0,0.0,0.0,0.0,6.439646577648987e-11
886.5,6.447e-11,861.6556975838943,0.000233,0.0,0.0,0.0,0.0,0.0,4.5271920191921074e-13,0.0,0.0,0.0,0.0,0.0,6.401728079808078e-11
887.5,6.409e-11,861.9083278504021,0.0002316,0.0,0.0,0.0,0.0,0.0,4.5177778494338284e-13,0.0,0.0,0.0,0.0,0.0,6.363822221505661e-11
888.5,6.371e-11,862.1807034178453,0.0002301,0.0,0.0,0.0,0.0,0.0,4.5095739763471025e-13,0.0,0.0,0.0,0.0,0.0,6.325904260236529e-11
889.5,6.334e-11,862.436527373509,0.0002287,0.0,0.0,0.0,0.0,0.0,4.50080561552146e-13,0.0,0.0,0.0,0.0,0.0,6.288991943844785e-11
890.5,6.297e-11,862.6939221878642,0.0002273,0.0,0.0,0.0,0.0,0.0,4.492007503670273e-13,0.0,0.0,0.0,0.0,0.0,6.252079924963297e-11
891.5,6.259e-11,862.971467578383,0.0002258,0.0,0.0,0.0,0.0,0.0,4.4837245369238485e-13,0.0,0.0,0.0,0.0,0.0,6.214162754630762e-11
892.5,6.222e-11,863.2321784733396,0.0002244,0.0,0.0,0.0,0.0,0.0,4.474868647792473e-13,0.0,0.0,0.0,0.0,0.0,6.177251313522076e-11
893.5,6.184e-11,863.4945210072243,0.000223,0.0,0.0,0.0,0.0,0.0,4.465260199127493e-13,0.0,0.0,0.0,0.0,0.0,6.139347398008726e-11
894.5,6.147e-11,863.758515731697,0.0002216,0.0,0.0,0.0,0.0,0.0,4.4563401658042873e-13,0.0,0.0,0.0,0.0,0.0,6.102436598341957e-11
895.5,6.11e-11,864.0241835891742,0.0002202,0.0,0.0,0.0,0.0,0.0,4.4473890794912536e-13,0.0,0.0,0.0,0.0,0.0,6.065526109205087e-11
896.5,6.074e-11,864.2915459227984,0.0002188,0.0,0.0,0.0,0.0,0.0,4.4391375117743134e-13,0.0,0.0,0.0,0.0,0.0,6.029608624882256e-11
897.5,6.038e-11,864.5413472031755,0.0002175,0.0,0.0,0.0,0.0,0.0,4.4295659625538126e-13,0.0,0.0,0.0,0.0,0.0,5.993704340374462e-11
898.5,6.002e-11,864.8120392567585,0.0002161,0.0,0.0,0.0,0.0,0.0,4.421257054942093e-13,0.0,0.0,0.0,0.0,0.0,5.957787429450578e-11
899.5,5.966e-11,865.0649710431665,0.0002148,0.0,0.0,0.0,0.0,0.0,4.4116168392579975e-13,0.0,0.0,0.0,0.0,0.0,5.92188383160742e-11
900.5,5.931e-11,865.3390767993218,0.0002134,0.0,0.0,0.0,0.0,0.0,4.4039921201669365e-13,0.0,0.0,0.0,0.0,0.0,5.886960078798332e-11
901.5,5.895e-11,865.5952185506956,0.0002121,0.0,0.0,0.0,0.0,0.0,4.394284866857166e-13,0.0,0.0,0.0,0.0,0.0,5.851057151331428e-11
902.5,5.86e-11,865.8529350779884,0.0002108,0.0,0.0,0.0,0.0,0.0,4.3852879682933075e-13,0.0,0.0,0.0,0.0,0.0,5.816147120317067e-11
903.5,5.824e-11,866.132259449388,0.0002094,0.0,0.0,0.0,0.0,0.0,4.376834468397959e-13,0.0,0.0,0.0,0.0,0.0,5.780231655316021e-11
904.5,5.789e-11,866.3933093376039,0.0002081,0.0,0.0,0.0,0.0,0.0,4.3677748217298225e-13,0.0,0.0,0.0,0.0,0.0,5.745322251782702e-11
905.5,5.754e-11,866.6559951239589,0.0002068,0.0,0.0,0.0,0.0,0.0,4.3586821224469787e-13,0.0,0.0,0.0,0.0,0.0,5.7104131787755306e-11
906.5,5.72e-11,866.9203374408911,0.0002055,0.0,0.0,0.0,0.0,0.0,4.350316607853752e-13,0.0,0.0,0.0,0.0,0.0,5.676496833921462e-11
907.5,5.685e-11,867.1863573136513,0.0002042,0.0,0.0,0.0,0.0,0.0,4.341159947757206e-13,0.0,0.0,0.0,0.0,0.0,5.6415884005224285e-11
908.5,5.65e-11,867.4540761703377,0.0002029,0.0,0.0,0.0,0.0,0.0,4.3319693305970004e-13,0.0,0.0,0.0,0.0,0.0,5.60668030669403e-11
909.5,5.616e-11,867.7027281244061,0.0002017,0.0,0.0,0.0,0.0,0.0,4.3221528431544093e-13,0.0,0.0,0.0,0.0,0.0,5.572778471568457e-11
910.5,5.582e-11,867.9737760125621,0.0002004,0.0,0.0,0.0,0.0,0.0,4.313663439122487e-13,0.0,0.0,0.0,0.0,0.0,5.5388633656087746e-11
911.5,5.548e-11,868.2255392459067,0.0001992,0.0,0.0,0.0,0.0,0.0,4.303772874790432e-13,0.0,0.0,0.0,0.0,0.0,5.504962271252096e-11
912.5,5.514e-11,868.5,0.0001979,0.0,0.0,0.0,0.0,0.0,4.295219877287818e-13,0.0,0.0,0.0,0.0,0.0,5.471047801227122e-11
913.5,5.48e-11,868.7037130178271,0.0001967,0.0,0.0,0.0,0.0,0.0,4.284054710750443e-13,0.0,0.0,0.0,0.0,0.0,5.437159452892495e-11
914.5,5.446e-11,868.9086726299553,0.0001955,0.0,0.0,0.0,0.0,0.0,4.2728473163104524e-13,0.0,0.0,0.0,0.0,0.0,5.403271526836896e-11
915.5,5.413e-11,869.1321367677111,0.0001942,0.0,0.0,0.0,0.0,0.0,4.263677235618605e-13,0.0,0.0,0.0,0.0,0.0,5.3703632276438134e-11
916.5,5.38e-11,869.339743085885,0.000193,0.0,0.0,0.0,0.0,0.0,4.253182073061488e-13,0.0,0.0,0.0,0.0,0.0,5.337468179269385e-11
917.5,5.346e-11,869.5486442543291,0.0001918,0.0,0.0,0.0,0.0,0.0,4.2418557969850377e-13,0.0,0.0,0.0,0.0,0.0,5.303581442030149e-11
918.5,5.313e-11,869.7588565265532,0.0001906,0.0,0.0,0.0,0.0,0.0,4.231282032004403e-13,0.0,0.0,0.0,0.0,0.0,5.270687179679956e-11
919.5,5.281e-11,869.9703964640324,0.0001894,0.0,0.0,0.0,0.0,0.0,4.221469222706507e-13,0.0,0.0,0.0,0.0,0.0,5.2387853077729355e-11
920.5,5.248e-11,870.1832809440368,0.0001882,0.0,0.0,0.0,0.0,0.0,4.2108212517613583e-13,0.0,0.0,0.0,0.0,0.0,5.2058917874823864e-11
921.5,5.216e-11,870.3975271677117,0.000187,0.0,0.0,0.0,0.0,0.0,4.2009395338334474e-13,0.0,0.0,0.0,0.0,0.0,5.173990604661665e-11
922.5,5.183e-11,870.6131526684177,0.0001858,0.0,0.0,0.0,0.0,0.0,4.19021595015729e-13,0.0,0.0,0.0,0.0,0.0,5.1410978404984263e-11
923.5,5.151e-11,870.8301753203418,0.0001846,0.0,0.0,0.0,0.0,0.0,4.1802640179857406e-13,0.0,0.0,0.0,0.0,0.0,5.109197359820143e-11
924.5,5.118e-11,871.0303556679515,0.0001835,0.0,0.0,0.0,0.0,0.0,4.168125358618883e-13,0.0,0.0,0.0,0.0,0.0,5.076318746413811e-11
925.5,5.086e-11,871.2317396214926,0.0001824,0.0,0.0,0.0,0.0,0.0,4.1567539643854643e-13,0.0,0.0,0.0,0.0,0.0,5.0444324603561456e-11
926.5,5.054e-11,871.4528210320826,0.0001812,0.0,0.0,0.0,0.0,0.0,4.146684600933583e-13,0.0,0.0,0.0,0.0,0.0,5.012533153990664e-11
927.5,5.022e-11,871.656768981956,0.0001801,0.0,0.0,0.0,0.0,0.0,4.135227688889744e-13,0.0,0.0,0.0,0.0,0.0,4.980647723111103e-11
928.5,4.991e-11,871.8619664118851,0.000179,0.0,0.0,0.0,0.0,0.0,4.1245515210504604e-13,0.0,0.0,0.0,0.0,0.0,4.9497544847894955e-11
929.5,4.959e-11,872.0872612889065,0.0001778,0.0,0.0,0.0,0.0,0.0,4.1143675117719035e-13,0.0,0.0,0.0,0.0,0.0,4.917856324882281e-11
930.5,4.928e-11,872.2951213822989,0.0001767,0.0,0.0,0.0,0.0,0.0,4.103612489271591e-13,0.0,0.0,0.0,0.0,0.0,4.886963875107284e-11
931.5,4.896e-11,872.5042795034187,0.0001756,0.0,0.0,0.0,0.0,0.0,4.0919807511532774e-13,0.0,0.0,0.0,0.0,0.0,4.855080192488467e-11
932.5,4.865e-11,872.7147519658279,0.0001745,0.0,0.0,0.0,0.0,0.0,4.0811403406448003e-13,0.0,0.0,0.0,0.0,0.0,4.824188596593552e-11
933.5,4.834e-11,872.9265553925765,0.0001734,0.0,0.0,0.0,0.0,0.0,4.0702581164674804e-13,0.0,0.0,0.0,0.0,0.0,4.793297418835325e-11
934.5,4.803e-11,873.1397067240811,0.0001723,0.0,0.0,0.0,0.0,0.0,4.059333643684771e-13,0.0,0.0,0.0,0.0,0.0,4.7624066635631523e-11
935.5,4.772e-11,873.3542232262554,0.0001712,0.0,0.0,0.0,0.0,0.0,4.048366479958626e-13,0.0,0.0,0.0,0.0,0.0,4.731516335200414e-11
936.5,4.742e-11,873.570122498903,0.0001701,0.0,0.0,0.0,0.0,0.0,4.038207758621287e-13,0.0,0.0,0.0,0.0,0.0,4.701617922413788e-11
937.5,4.711e-11,873.787422484382,0.000169,0.0,0.0,0.0,0.0,0.0,4.0271571135048246e-13,0.0,0.0,0.0,0.0,0.0,4.670728428864952e-11
938.5,4.681e-11,873.9861988072552,0.000168,0.0,0.0,0.0,0.0,0.0,4.0155131815166467e-13,0.0,0.0,0.0,0.0,0.0,4.640844868184833e-11
939.5,4.65e-11,874.206223983724,0.0001669,0.0,0.0,0.0,0.0,0.0,4.0043720262801587e-13,0.0,0.0,0.0,0.0,0.0,4.609956279737199e-11
940.5,4.62e-11,874.407508917024,0.0001659,0.0,0.0,0.0,0.0,0.0,3.992633378531713e-13,0.0,0.0,0.0,0.0,0.0,4.580073666214683e-11
941.5,4.589e-11,874.630328506903,0.0001648,0.0,0.0,0.0,0.0,0.0,3.9813997170145317e-13,0.0,0.0,0.0,0.0,0.0,4.549186002829855e-11
942.5,4.559e-11,874.8341861788107,0.0001638,0.0,0.0,0.0,0.0,0.0,3.969564273646176e-13,0.0,0.0,0.0,0.0,0.0,4.519304357263538e-11
943.5,4.529e-11,875.0392922214603,0.0001628,0.0,0.0,0.0,0.0,0.0,3.957678990911399e-13,0.0,0.0,0.0,0.0,0.0,4.489423210090886e-11
944.5,4.5e-11,875.2456620184932,0.0001618,0.0,0.0,0.0,0.0,0.0,3.946620340115448e-13,0.0,0.0,0.0,0.0,0.0,4.460533796598845e-11
945.5,4.47e-11,875.4533112396734,0.0001608,0.0,0.0,0.0,0.0,0.0,3.934636907580022e-13,0.0,0.0,0.0,0.0,0.0,4.430653630924199e-11
946.5,4.441e-11,875.6622558480268,0.0001598,0.0,0.0,0.0,0.0,0.0,3.9234854397912475e-13,0.0,0.0,0.0,0.0,0.0,4.401765145602088e-11
947.5,4.412e-11,875.8725121072049,0.0001588,0.0,0.0,0.0,0.0,0.0,3.9122884205501153e-13,0.0,0.0,0.0,0.0,0.0,4.372877115794498e-11
948.5,4.383e-11,876.0840965890817,0.0001578,0.0,0.0,0.0,0.0,0.0,3.901045351753512e-13,0.0,0.0,0.0,0.0,0.0,4.343989546482465e-11
949.5,4.354e-11,876.2970261815916,0.0001568,0.0,0.0,0.0,0.0,0.0,3.8897557264401826e-13,0.0,0.0,0.0,0.0,0.0,4.315102442735598e-11
950.5,4.325e-11,876.5113180968181,0.0001558,0.0,0.0,0.0,0.0,0.0,3.8784190285723797e-13,0.0,0.0,0.0,0.0,0.0,4.286215809714276e-11
951.5,4.296e-11,876.7053601000324,0.0001549,0.0,0.0,0.0,0.0,0.0,3.8655658825281965e-13,0.0,0.0,0.0,0.0,0.0,4.2573443411747185e-11
952.5,4.267e-11,876.922289045493,0.0001539,0.0,0.0,0.0,0.0,0.0,3.8541283303441487e-13,0.0,0.0,0.0,0.0,0.0,4.2284587166965586e-11
953.5,4.239e-11,877.1406321400863,0.0001529,0.0,0.0,0.0,0.0,0.0,3.843548763868044e-13,0.0,0.0,0.0,0.0,0.0,4.20056451236132e-11
954.5,4.211e-11,877.3383653538452,0.000152,0.0,0.0,0.0,0.0,0.0,3.831443404740013e-13,0.0,0.0,0.0,0.0,0.0,4.172685565952599e-11
955.5,4.183e-11,877.5594467644353,0.000151,0.0,0.0,0.0,0.0,0.0,3.8207732294101785e-13,0.0,0.0,0.0,0.0,0.0,4.1447922677058975e-11
956.5,4.154e-11,877.759675463614,0.0001501,0.0,0.0,0.0,0.0,0.0,3.807649945361089e-13,0.0,0.0,0.0,0.0,0.0,4.115923500546389e-11
957.5,4.127e-11,877.9835647471233,0.0001491,0.0,0.0,0.0,0.0,0.0,3.797803713175719e-13,0.0,0.0,0.0,0.0,0.0,4.089021962868243e-11
958.5,4.099e-11,878.1863527254009,0.0001482,0.0,0.0,0.0,0.0,0.0,3.7854934716306056e-13,0.0,0.0,0.0,0.0,0.0,4.0611450652836943e-11
959.5,4.071e-11,878.3903759680148,0.0001473,0.0,0.0,0.0,0.0,0.0,3.7731284624288923e-13,0.0,0.0,0.0,0.0,0.0,4.0332687153757106e-11
960.5,4.044e-11,878.5956496162424,0.0001464,0.0,0.0,0.0,0.0,0.0,3.7616382292810323e-13,0.0,0.0,0.0,0.0,0.0,4.00638361770719e-11
961.5,4.016e-11,878.8021890914702,0.0001455,0.0,0.0,0.0,0.0,0.0,3.749165150833044e-13,0.0,0.0,0.0,0.0,0.0,3.978508348491669e-11
962.5,3.988e-11,879.0100101021461,0.0001446,0.0,0.0,0.0,0.0,0.0,3.736635400869551e-13,0.0,0.0,0.0,0.0,0.0,3.950633645991305e-11
963.5,3.961e-11,879.2191286509493,0.0001437,0.0,0.0,0.0,0.0,0.0,3.724988726248617e-13,0.0,0.0,0.0,0.0,0.0,3.923750112737514e-11
964.5,3.934e-11,879.4295610421833,0.0001428,0.0,0.0,0.0,0.0,0.0,3.713290990352841e-13,0.0,0.0,0.0,0.0,0.0,3.896867090096472e-11
965.5,3.907e-11,879.6114149697329,0.0001419,0.0,0.0,0.0,0.0,0.0,3.7007449865952356e-13,0.0,0.0,0.0,0.0,0.0,3.869992550134047e-11
966.5,3.88e-11,879.7794238630537,0.000141,0.0,0.0,0.0,0.0,0.0,3.6877488451022706e-13,0.0,0.0,0.0,0.0,0.0,3.8431225115489774e-11
967.5,3.854e-11,879.9296678453628,0.0001402,0.0,0.0,0.0,0.0,0.0,3.6742460889731193e-13,0.0,0.0,0.0,0.0,0.0,3.8172575391102686e-11
968.5,3.827e-11,880.0997205102835,0.0001393,0.0,0.0,0.0,0.0,0.0,3.661144003308526e-13,0.0,0.0,0.0,0.0,0.0,3.790388559966915e-11
969.5,3.801e-11,880.2708754327964,0.0001384,0.0,0.0,0.0,0.0,0.0,3.6489483945048607e-13,0.0,0.0,0.0,0.0,0.0,3.764510516054951e-11
970.5,3.775e-11,880.4239501145385,0.0001376,0.0,0.0,0.0,0.0,0.0,3.635286110366648e-13,0.0,0.0,0.0,0.0,0.0,3.7386471388963335e-11
971.5,3.749e-11,880.5972265495832,0.0001367,0.0,0.0,0.0,0.0,0.0,3.6229907191441593e-13,0.0,0.0,0.0,0.0,0.0,3.712770092808558e-11
972.5,3.723e-11,880.7522104642226,0.0001359,0.0,0.0,0.0,0.0,0.0,3.6092201908165126e-13,0.0,0.0,0.0,0.0,0.0,3.686907798091835e-11
973.5,3.698e-11,880.9276616655552,0.000135,0.0,0.0,0.0,0.0,0.0,3.5977956466659697e-13,0.0,0.0,0.0,0.0,0.0,3.66202204353334e-11
974.5,3.672e-11,881.0846030407922,0.0001342,0.0,0.0,0.0,0.0,0.0,3.583917567659617e-13,0.0,0.0,0.0,0.0,0.0,3.636160824323404e-11
975.5,3.647e-11,881.2424827855812,0.0001334,0.0,0.0,0.0,0.0,0.0,3.5709609321058103e-13,0.0,0.0,0.0,0.0,0.0,3.6112903906789425e-11
976.5,3.622e-11,881.4013121886798,0.0001326,0.0,0.0,0.0,0.0,0.0,3.557952271110696e-13,0.0,0.0,0.0,0.0,0.0,3.5864204772888926e-11
977.5,3.597e-11,881.5811447247511,0.0001317,0.0,0.0,0.0,0.0,0.0,3.546335607237615e-13,0.0,0.0,0.0,0.0,0.0,3.561536643927623e-11
978.5,3.572e-11,881.7420305760235,0.0001309,0.0,0.0,0.0,0.0,0.0,3.5332245604316724e-13,0.0,0.0,0.0,0.0,0.0,3.536667754395683e-11
979.5,3.547e-11,881.9039027068724,0.0001301,0.0,0.0,0.0,0.0,0.0,3.5200597490261027e-13,0.0,0.0,0.0,0.0,0.0,3.511799402509739e-11
980.5,3.523e-11,882.0463594381879,0.0001294,0.0,0.0,0.0,0.0,0.0,3.50638098227739e-13,0.0,0.0,0.0,0.0,0.0,3.4879361901772264e-11
981.5,3.498e-11,882.210113815112,0.0001286,0.0,0.0,0.0,0.0,0.0,3.4931066647650366e-13,0.0,0.0,0.0,0.0,0.0,3.463068933352349e-11
982.5,3.474e-11,882.3748900668344,0.0001278,0.0,0.0,0.0,0.0,0.0,3.4807786899903907e-13,0.0,0.0,0.0,0.0,0.0,3.4391922131000963e-11
983.5,3.45e-11,882.5407010270733,0.000127,0.0,0.0,0.0,0.0,0.0,3.4684012304152013e-13,0.0,0.0,0.0,0.0,0.0,3.4153159876958475e-11
984.5,3.426e-11,882.7075597728432,0.0001262,0.0,0.0,0.0,0.0,0.0,3.455973731326351e-13,0.0,0.0,0.0,0.0,0.0,3.391440262686736e-11
985.5,3.403e-11,882.875479630644,0.0001254,0.0,0.0,0.0,0.0,0.0,3.444507825300799e-13,0.0,0.0,0.0,0.0,0.0,3.368554921746992e-11
986.5,3.379e-11,883.0232906208205,0.0001247,0.0,0.0,0.0,0.0,0.0,3.430504838771862e-13,0.0,0.0,0.0,0.0,0.0,3.3446949516122815e-11
987.5,3.356e-11,883.1932368785833,0.0001239,0.0,0.0,0.0,0.0,0.0,3.418942023539453e-13,0.0,0.0,0.0,0.0,0.0,3.321810579764605e-11
988.5,3.333e-11,883.3642840104675,0.0001231,0.0,0.0,0.0,0.0,0.0,3.407333946123782e-13,0.0,0.0,0.0,0.0,0.0,3.2989266605387625e-11
989.5,3.311e-11,883.5148645900786,0.0001224,0.0,0.0,0.0,0.0,0.0,3.3952166639544387e-13,0.0,0.0,0.0,0.0,0.0,3.2770478333604557e-11
990.5,3.288e-11,883.6663088073951,0.0001217,0.0,0.0,0.0,0.0,0.0,3.38202355459991e-13,0.0,0.0,0.0,0.0,0.0,3.254179764454001e-11
991.5,3.266e-11,883.8404582178769,0.0001209,0.0,0.0,0.0,0.0,0.0,3.3713033158820993e-13,0.0,0.0,0.0,0.0,0.0,3.232286966841179e-11
992.5,3.243e-11,883.9937868615289,0.0001202,0.0,0.0,0.0,0.0,0.0,3.358007322301505e-13,0.0,0.0,0.0,0.0,0.0,3.209419926776985e-11
993.5,3.221e-11,884.1480110467663,0.0001195,0.0,0.0,0.0,0.0,0.0,3.3456947583794654e-13,0.0,0.0,0.0,0.0,0.0,3.1875430524162055e-11
994.5,3.199e-11,884.3253773469038,0.0001187,0.0,0.0,0.0,0.0,0.0,3.334839115897671e-13,0.0,0.0,0.0,0.0,0.0,3.165651608841023e-11
995.5,3.177e-11,884.4815562226207,0.000118,0.0,0.0,0.0,0.0,0.0,3.322430563439827e-13,0.0,0.0,0.0,0.0,0.0,3.143775694365602e-11
996.5,3.155e-11,884.6386643448835,0.0001173,0.0,0.0,0.0,0.0,0.0,3.30997159044018e-13,0.0,0.0,0.0,0.0,0.0,3.1219002840955977e-11
997.5,3.134e-11,884.7967128377347,0.0001166,0.0,0.0,0.0,0.0,0.0,3.2985141298606404e-13,0.0,0.0,0.0,0.0,0.0,3.1010148587013936e-11
998.5,3.113e-11,884.9557130261693,0.0001159,0.0,0.0,0.0,0.0,0.0,3.2870119282128437e-13,0.0,0.0,0.0,0.0,0.0,3.080129880717871e-11
999.5,3.092e-11,885.1386076701066,0.0001151,0.0,0.0,0.0,0.0,0.0,3.2769906327425016e-13,0.0,0.0,0.0,0.0,0.0,3.0592300936725754e-11
